Fecha,Turno,Equipo,Cab_Au,Cab_Ag,Cab_Pb,Cab_Zn,Cab_Cu,Cab_Fe,Conc_Pb_Au,Conc_Pb_Ag,Conc_Pb_Pb,Conc_Pb_Zn,Conc_Pb_Cu,Conc_Pb_Fe,Conc_Pb_Ins,Col_Pb_Au,Col_Pb_Ag,Col_Pb_Pb,Col_Pb_Zn,Col_Pb_Cu,Conc_Zn_Au,Conc_Zn_Ag,Conc_Zn_Pb,Conc_Zn_Zn,Conc_Zn_Cu,Conc_Zn_Fe,Conc_Zn_Ins,Col_Zn_Au,Col_Zn_Ag,Col_Zn_Pb,Col_Zn_Zn,Col_Zn_Cu,Col_Zn_Fe,k80_Cab
01/01/2023 07:00,1,A,0.3465,86.5684,1.0205,3.2444,0.0614,4.8126,8.6639,2101.5249,30.4438,11.1973,2.3731,8.6462,16.0289,0.1337,21.268,0.0765,3.1638,0.0613,0.9448,220.5594,1.4239,48.9477,0.8633,10.5125,2.9357,0.1734,23.0134,0.1117,0.3503,0.0094,3.7244,51.7602
01/01/2023 19:00,2,B,0.8414,144.3377,2.1243,5.1358,0.1536,5.8167,10.4755,2937.8006,45.9526,8.9868,2.4133,6.8384,9.8114,0.2646,27.0155,0.2336,4.4896,0.0685,0.6023,149.9186,1.558,53.7609,0.857,11.0886,2.5235,0.2997,37.7133,0.2704,0.9945,0.0153,4.7683,59.7313
02/01/2023 07:00,1,A,0.1763,86.1616,0.7004,1.9322,0.0498,3.6183,6.0021,3883.5074,33.5458,15.3101,2.8099,8.447,14.6914,0.1057,16.1126,0.0687,0.8983,0.0113,0.7015,262.3077,1.8915,48.4751,1.0119,7.8683,6.0616,0.09,21.4206,0.1134,0.2052,0.0021,3.413,53.0979
02/01/2023 19:00,2,B,0.6857,62.7595,2.0104,5.053,0.1534,5.2089,8.6823,1466.2339,41.7293,12.5925,3.1384,8.3621,10.2127,0.1709,14.2818,0.3719,4.09,0.0679,0.7861,84.7069,1.0365,53.514,0.7163,10.7152,1.6999,0.2224,17.4187,0.4317,1.0475,0.018,4.8082,54.3258
03/01/2023 07:00,1,A,0.2625,130.213,0.8443,1.3732,0.0794,4.6958,9.7558,4057.0847,35.3403,8.4594,2.9583,8.9072,14.8166,0.093,18.414,0.2022,1.0923,0.0187,0.9062,304.577,0.9835,50.9138,0.727,7.1667,2.9127,0.0947,27.8087,0.2113,0.204,0.004,4.0439,
03/01/2023 19:00,2,B,0.3827,88.0412,0.9552,2.551,0.0951,5.23,6.3117,3027.397,32.6009,17.1666,2.3872,10.153,11.7868,0.1354,17.9295,0.1422,2.2304,0.0406,0.748,244.4684,1.9644,54.4345,0.6372,8.1153,1.4735,0.1645,26.2338,0.2158,0.4951,0.0122,4.9524,56.1499
04/01/2023 07:00,1,A,0.4539,92.9963,1.523,3.4224,0.1417,6.1426,10.1438,2344.764,40.2124,11.3549,1.8847,8.0583,11.2461,0.129,18.3873,0.2516,3.1234,0.07,1.0551,241.175,2.4171,50.313,0.9886,10.3936,2.9965,0.1356,23.6014,0.3403,0.7249,0.0293,5.4254,55.1352
04/01/2023 19:00,2,B,0.2118,81.7562,0.8849,1.9106,0.0474,5.2452,6.9694,3102.7548,36.0674,8.9814,2.3361,7.9635,12.8482,0.0683,14.4837,0.1336,1.7273,0.0265,0.6712,228.2293,2.1959,52.0806,0.9109,8.7501,2.4825,0.0958,21.3643,0.2146,0.3956,0.0114,4.6855,58.5577
05/01/2023 07:00,1,C,0.3866,99.2307,1.456,3.4732,0.1464,4.6627,7.2634,2405.8955,38.1046,15.6849,2.8061,9.0041,14.4896,0.1051,14.0386,0.1767,2.5755,0.0321,0.6626,244.9803,1.3448,47.6425,0.749,10.8518,4.4372,0.1247,22.0646,0.2237,0.4847,0.0134,4.4765,58.274
05/01/2023 19:00,2,D,0.5331,49.3805,1.8698,4.4031,0.1563,5.4301,11.0802,1854.2283,39.5133,9.5022,3.522,10.5943,8.1938,0.2012,20.5951,0.3586,4.1272,0.0656,1.0542,176.5057,2.2015,52.7965,0.8024,9.476,1.378,0.2373,21.3079,0.4063,0.7249,0.0219,4.7972,54.1422
06/01/2023 07:00,1,C,0.2872,54.8375,0.8448,2.3867,0.0887,4.0607,8.4389,1336.0101,34.1699,9.2822,3.6319,7.3215,13.7736,0.0969,10.0768,0.1526,2.6283,0.0318,0.9706,201.7024,2.2579,53.9596,1.1446,8.4067,1.5998,0.1104,14.371,0.1586,0.273,0.0091,4.2146,54.7532
06/01/2023 19:00,2,D,0.5349,113.8417,0.9257,1.944,0.0809,4.7935,10.0139,3338.2847,33.2691,16.4224,1.8535,7.8138,14.8305,0.1101,17.3888,0.0756,2.0097,0.0257,0.634,208.5421,1.2137,54.5764,0.6615,9.4965,2.4688,0.173,23.5148,0.1409,0.2156,0.0,4.4206,49.3518
07/01/2023 07:00,1,C,0.2138,70.0464,0.6413,0.941,0.0604,3.6172,11.6289,2927.6286,38.8225,13.5067,3.3776,8.5075,10.7711,0.0986,11.3588,0.0576,0.9537,0.0124,1.6279,263.7582,1.6508,49.913,0.8735,9.402,4.776,0.0953,16.5262,0.1254,0.1313,0.0029,2.6388,61.831
07/01/2023 19:00,2,D,0.2013,95.3918,0.7114,1.1551,0.0393,4.049,6.3091,5216.3255,32.7818,9.2601,1.4962,8.9356,16.1702,0.0957,24.329,0.0708,0.8369,0.0139,0.8125,297.7875,1.0901,54.6033,0.8017,7.1086,2.7373,0.1136,25.5168,0.1162,0.258,0.0065,4.2534,56.2536
08/01/2023 07:00,1,B,0.3616,118.0086,1.0341,3.0806,0.1329,5.5178,11.6556,4122.3566,32.7352,14.4081,3.3922,10.4659,13.2643,0.1554,26.6974,0.2036,2.5772,0.0621,1.3817,327.1716,3.0232,51.1583,1.0921,11.5502,2.9596,0.1631,35.4709,0.2466,0.766,0.023,4.6344,49.1058
08/01/2023 19:00,2,A,0.4851,123.2755,1.3034,2.8307,0.0934,4.7685,10.7893,4393.1785,34.9971,13.4245,2.5269,8.6036,11.0103,0.1807,22.1902,0.0698,2.209,0.0346,1.0169,332.2274,1.538,49.8872,0.6997,10.8855,3.9245,0.2433,29.605,0.1796,0.4162,0.0114,4.3804,57.827
09/01/2023 07:00,1,B,0.4161,99.5079,1.1717,2.2847,0.062,4.1444,6.7935,2871.0406,36.0323,7.5713,2.1721,7.2929,17.919,0.1732,17.3407,0.1717,1.5577,0.0217,1.1564,296.6987,1.513,49.9736,0.7264,7.8813,5.8908,0.1805,23.6359,0.2137,0.3674,0.0075,3.6789,58.2028
09/01/2023 19:00,2,A,0.4312,89.3416,1.2069,2.4991,0.1095,4.6438,8.3173,2518.5883,33.1373,15.5861,3.4058,8.3635,16.2501,0.1245,13.295,0.2591,2.0119,0.0262,1.2079,209.306,2.255,53.5397,0.6307,8.3372,3.1185,0.1415,18.1112,0.2549,0.6406,0.0213,4.6149,52.9234
10/01/2023 07:00,1,B,0.2255,84.463,1.0388,2.8703,0.1018,4.9557,8.5192,2570.8814,41.2801,10.946,2.6268,7.9256,11.7724,0.1042,16.5438,0.2738,2.2281,0.0338,0.828,240.2669,2.9646,51.8041,0.6211,9.0137,1.2771,0.0984,21.3006,0.2739,0.5965,0.0135,4.9694,46.7504
10/01/2023 19:00,2,A,0.3855,90.2509,1.4215,3.1758,0.1276,5.0501,9.0322,1789.1768,32.2789,14.9236,2.4343,10.3266,14.4516,0.161,18.7787,0.2746,2.6843,0.0431,0.8909,188.3978,1.7784,50.5921,0.9139,10.4786,3.2744,0.15,26.9562,0.3326,0.4548,0.0186,4.9088,50.2213
11/01/2023 07:00,1,B,0.3619,72.8914,1.36,3.7707,0.1511,5.5136,10.4679,3316.3473,38.002,11.2224,3.4132,7.9957,6.5048,0.1053,14.9409,0.2047,3.0973,0.0829,0.7059,234.6249,2.3309,51.4455,1.1889,9.3909,1.5768,0.1233,16.8239,0.3066,0.7602,0.0224,5.0801,51.2395
11/01/2023 19:00,2,A,0.3205,63.0603,0.8362,2.255,0.0621,5.6481,8.5439,2763.823,29.8392,17.287,3.222,11.5117,12.8059,0.1149,15.9988,0.1931,2.2792,0.0326,0.8787,218.2358,1.5275,50.5204,1.2692,11.0519,3.8544,0.151,21.6617,0.233,0.4873,0.0036,4.8493,47.7212
12/01/2023 07:00,1,D,0.668,98.2079,1.4752,4.1487,0.1865,4.3453,9.1018,1893.1497,33.4484,11.2484,3.1811,8.1015,12.691,0.1617,18.1403,0.1545,3.1438,0.0504,0.6896,136.6605,1.7072,49.7445,0.7058,9.8828,3.8886,0.1961,22.2181,0.2187,0.71,0.0209,3.5217,55.457
12/01/2023 19:00,2,C,0.3562,106.5113,0.8453,2.1066,0.0585,4.713,9.0228,4128.6249,39.2004,11.4815,2.1334,7.0633,11.4784,0.1239,20.9223,0.1159,1.3372,0.0213,1.0556,359.0204,2.3847,49.6946,0.98,11.4859,5.0432,0.1264,27.3073,0.1554,0.4385,0.019,4.5949,53.2817
13/01/2023 07:00,1,D,0.484,118.1245,1.1204,2.2154,0.0703,4.3355,8.8797,4281.5412,30.8706,10.923,1.7606,8.2176,15.8341,0.1038,21.1278,0.0872,1.3539,0.0124,1.0088,333.9567,1.9328,49.4117,0.618,8.4304,5.3228,0.1602,24.9873,0.1358,0.3413,0.0157,3.1274,60.9233
13/01/2023 19:00,2,C,0.2925,69.3574,0.2352,1.193,0.0338,4.5697,8.1708,4212.9096,30.8724,10.0094,2.0135,8.1478,18.2077,0.1621,17.7058,0.0817,1.1409,0.0142,1.1245,351.5236,1.8164,49.8071,0.6493,10.0339,4.904,0.1707,20.5751,0.0663,0.228,0.0149,4.5486,54.0542
14/01/2023 07:00,1,D,0.3397,90.337,0.9999,1.7982,0.0607,4.5166,9.0515,2869.1045,37.7073,13.9827,1.5636,7.6516,14.1772,0.1565,18.2245,0.1839,1.7869,0.0136,1.1761,274.4406,1.2469,50.5999,0.7653,9.839,3.4825,0.1371,23.2638,0.2275,0.2394,0.0083,4.5121,51.508
14/01/2023 19:00,2,C,0.3732,71.7139,0.7156,1.7832,0.0613,4.1508,8.1606,2219.2722,29.1318,11.4154,1.7851,8.1899,16.8114,0.1236,12.378,0.0852,1.7066,0.0255,1.0685,244.9701,1.1445,50.1822,0.8568,9.3633,4.2118,0.1545,16.0356,0.1199,0.1919,0.0,4.2394,56.6723
15/01/2023 07:00,1,A,0.3773,104.3402,1.1049,2.0435,0.0921,4.0465,11.2032,3434.9652,39.725,7.8869,3.2392,7.5724,9.7199,0.1968,25.894,0.2941,2.1339,0.0665,1.5389,349.0611,2.1213,50.806,0.9092,8.7672,2.8484,0.1941,32.5176,0.4441,0.4353,0.0143,3.7809,48.2569
15/01/2023 19:00,2,B,0.7612,139.9138,2.2416,4.6608,0.1402,6.1198,8.8025,2726.0215,31.5434,12.6492,1.8721,7.5875,18.2874,0.2246,21.0471,0.3223,3.5265,0.0704,0.6767,182.222,1.1013,50.3813,0.6967,11.6931,2.1373,0.2313,27.7352,0.3606,0.6929,0.0039,5.7752,54.0483
16/01/2023 07:00,1,A,0.2033,71.0796,1.0085,2.9803,0.0726,4.8001,7.9976,2718.5514,39.8536,12.2024,2.5765,8.2511,10.1512,0.1336,20.3799,0.2114,2.3648,0.0378,0.6746,201.6651,1.4115,49.1595,0.644,8.5345,5.1812,0.1118,24.8279,0.2381,0.3985,0.0101,4.381,57.6262
16/01/2023 19:00,2,B,0.4028,110.4574,1.0502,2.0395,0.0352,4.6491,8.108,2567.0122,33.9177,15.984,1.2966,7.3459,13.0323,0.1855,17.4934,0.1855,2.2215,0.0315,1.2008,271.9691,2.1355,49.5378,0.5984,9.614,3.9101,0.1786,24.4691,0.2095,0.4702,0.016,3.9213,58.9498
17/01/2023 07:00,1,A,0.4474,98.6351,1.1781,2.8824,0.0723,4.6309,8.7795,2669.1476,31.5988,13.4306,2.309,8.2392,12.92,0.1414,14.8484,0.2248,2.1427,0.0277,0.7965,253.7757,1.5226,53.9041,1.0221,10.1988,1.2148,0.1629,21.5468,0.2721,0.5432,0.0187,4.1033,49.7907
17/01/2023 19:00,2,B,0.2319,84.5133,0.8473,1.7958,0.1349,5.0235,10.0912,3464.8772,33.1719,12.0104,5.3882,9.4844,11.9321,0.1171,29.8604,0.1271,2.1874,0.0476,0.918,390.1105,2.6142,45.2122,1.4103,9.4289,4.6132,0.1128,31.2815,0.1461,0.2808,0.0175,4.4079,52.5655
18/01/2023 07:00,1,A,0.2981,87.9959,0.715,2.2246,0.0483,4.261,8.3444,3142.7405,31.5907,15.2421,2.1249,8.6326,14.1085,0.1128,16.1384,0.1129,1.5799,0.0098,1.1873,232.0507,1.6094,54.2513,0.6678,8.3981,1.5864,0.1264,20.1922,0.1164,0.4,0.0043,4.1128,56.5038
18/01/2023 19:00,2,B,0.5102,84.2751,1.1949,3.0889,0.0858,4.3836,10.1037,2689.3211,42.0483,11.0894,2.7774,7.2594,10.4158,0.1398,13.4537,0.1167,2.4927,0.0305,1.0416,275.7108,1.4117,49.9397,0.8647,9.4361,2.5491,0.1644,19.0168,0.2217,0.4757,0.0051,3.5329,51.5096
19/01/2023 07:00,1,C,0.4049,75.6472,0.9723,2.6738,0.1043,4.929,9.5436,1820.5121,39.884,11.6386,3.0064,7.6985,13.1272,0.1518,18.6483,0.1988,2.8383,0.0444,1.2163,224.2434,1.37,51.6168,0.8541,10.7729,3.5701,0.1432,22.9071,0.233,0.4864,0.0155,4.6333,50.1113
19/01/2023 19:00,2,D,0.3109,84.1571,0.8959,2.8175,0.0954,4.0908,6.7548,2058.8196,36.0855,12.0976,2.3979,8.518,16.3798,0.1347,21.2106,0.0926,3.1061,0.0497,0.6953,214.2668,1.3881,50.1749,0.6461,9.1661,4.3036,0.1388,26.4722,0.1298,0.3675,0.0211,3.3517,56.9139
20/01/2023 07:00,1,C,0.3571,80.0794,1.0552,2.4681,0.0787,4.4665,13.9498,2516.0338,41.8729,9.4583,2.501,7.8721,10.4596,0.1505,11.9939,0.1297,2.2147,0.0329,0.9469,182.6136,1.9914,49.3897,0.7172,9.534,2.1321,0.1647,17.9534,0.2099,0.4317,0.0267,3.7887,51.2331
20/01/2023 19:00,2,D,0.5421,70.855,2.1787,5.3008,0.23,6.0474,9.5577,1140.5248,36.114,8.3946,2.1529,7.7141,18.255,0.142,17.2028,0.2366,5.1407,0.0765,0.6933,136.2658,0.9053,50.9225,0.7901,9.8416,4.5275,0.1782,17.9132,0.3565,1.4319,0.0255,5.2185,49.3613
21/01/2023 07:00,1,C,0.1467,105.2785,0.4378,1.631,0.0406,5.6586,5.8806,4932.8943,32.7943,13.5409,1.9283,8.4763,13.1444,0.0849,35.8377,0.0569,1.3901,0.0212,0.5671,373.902,1.3838,55.1253,0.7902,6.7676,2.6069,0.0934,60.7833,0.1015,0.1835,0.0,5.0079,57.7208
21/01/2023 19:00,2,D,0.3979,114.812,2.0761,6.135,0.2552,5.3968,10.5947,1589.5848,37.9062,10.5794,2.4958,6.9506,10.6203,0.1389,28.0162,0.3993,6.5907,0.2063,0.57,186.8471,2.0232,52.1041,1.1041,9.8044,2.6291,0.159,35.5354,0.5301,1.0981,0.0297,5.2031,53.6664
22/01/2023 07:00,1,B,0.8289,74.614,2.3785,4.8414,0.3072,5.2131,13.4383,1180.5372,40.228,13.534,3.2393,8.1658,10.1848,0.2289,8.8935,0.3344,3.9507,0.0433,1.0497,100.053,2.5177,52.4504,0.8808,9.7943,1.9696,0.2293,16.2432,0.4236,0.731,0.0195,4.5031,52.2181
22/01/2023 19:00,2,A,0.2219,75.1012,0.4307,1.148,0.0295,3.3081,10.8638,3867.1641,34.4655,10.6912,2.5459,9.8596,14.4799,0.1269,16.8991,0.1125,0.9401,0.0272,1.3799,454.1283,1.7512,51.2169,0.9727,9.2142,4.3739,0.1345,19.8761,0.0955,0.1745,0.015,3.2411,59.7771
23/01/2023 07:00,1,B,0.3294,81.8551,1.9152,4.2766,0.1093,4.9433,5.2822,1389.8671,39.6221,15.0018,1.4622,7.0495,15.427,0.1224,14.5429,0.1908,4.5556,0.0374,0.6324,116.715,1.4611,52.1223,0.7128,9.9919,1.7385,0.1302,18.2907,0.3502,0.7897,0.0,4.5675,51.3594
23/01/2023 19:00,2,A,0.8896,121.7381,3.5442,4.5551,0.1366,5.2999,15.6776,2742.5451,45.6334,9.8986,2.0429,7.1182,10.402,0.2207,25.1773,0.1957,4.5249,0.0572,1.0951,222.6004,1.4212,51.6788,0.7505,10.6141,2.4772,0.2674,31.312,0.4302,0.9378,0.0252,4.8801,56.977
24/01/2023 07:00,1,B,0.3275,155.5681,0.826,2.4657,0.084,5.4096,11.7969,6089.5413,36.2712,8.9694,2.5337,9.1429,11.533,0.0972,24.7239,0.1223,2.2403,0.0134,0.693,366.9726,0.5577,53.2932,0.697,8.6215,2.9449,0.1305,36.1267,0.1719,0.3944,0.0103,4.7225,54.0406
24/01/2023 19:00,2,A,0.3578,88.6613,0.6977,1.7484,0.0737,4.0573,9.2518,3082.8498,29.8669,12.342,2.6525,9.3425,18.0896,0.1042,12.6169,0.2434,1.5806,0.0195,1.2132,252.2784,1.334,48.9319,1.035,9.4604,4.1454,0.1233,19.0269,0.3117,0.2828,0.0045,3.4752,49.1677
25/01/2023 07:00,1,B,0.3429,93.3479,1.3471,3.5161,0.1388,4.4965,5.0054,1547.8506,32.4976,19.7296,3.3653,11.1671,12.8034,0.1136,16.0055,0.1504,2.4573,0.0598,0.6945,238.0834,1.8339,49.0505,0.9099,9.6049,3.845,0.142,22.89,0.2057,0.4495,0.0215,4.5158,58.0711
25/01/2023 19:00,2,A,0.252,93.8442,1.5434,3.6789,0.1395,4.6528,7.0459,2493.5704,39.009,14.1774,2.1816,7.2797,13.3508,0.0951,15.1718,0.2087,2.9701,0.0331,0.8655,180.2151,1.8759,51.615,0.5886,8.3557,2.4915,0.1044,22.7726,0.2767,0.5305,0.0083,4.2581,56.1602
26/01/2023 07:00,1,D,0.4422,81.7761,1.4989,2.8521,0.0919,5.2838,9.4791,1884.1845,34.7493,14.4585,2.4934,7.4745,12.059,0.1578,13.8191,0.1267,2.5583,0.0255,0.913,187.7754,1.3235,51.4907,0.8163,9.9486,3.8678,0.1728,20.0984,0.2101,0.286,0.0059,4.5126,56.4157
26/01/2023 19:00,2,C,0.1664,118.2258,0.856,1.5576,0.0249,4.4458,4.5219,4087.9096,39.7379,12.08,0.6039,4.7449,20.6498,0.1217,24.0289,0.083,1.5901,0.0177,1.155,322.0589,1.2411,54.2565,0.5784,9.3649,3.4218,0.0996,33.8132,0.1669,0.3598,0.0,4.2155,63.2239
27/01/2023 07:00,1,D,0.2691,72.5785,1.1502,2.3844,0.0871,5.3211,5.7292,1841.2904,28.7991,14.5469,2.3817,9.0971,23.3533,0.1215,16.3996,0.0672,2.0706,0.0202,1.1563,319.7618,1.6398,51.5518,0.8452,9.922,5.1852,0.1286,20.6066,0.1513,0.2166,0.0001,5.2681,51.5916
27/01/2023 19:00,2,C,0.2395,73.9602,1.3239,3.2096,0.0952,4.7083,5.7038,1741.1756,40.0016,11.7381,1.73,7.7948,12.4179,0.1342,18.8951,0.2355,2.8376,0.0359,0.3477,175.3527,1.7149,50.1289,0.9333,10.1764,3.0446,0.128,21.5953,0.284,0.5163,0.0084,4.1372,49.9045
28/01/2023 07:00,1,D,0.3905,92.9624,1.7041,3.9402,0.1426,4.896,10.4387,2621.3352,37.0017,11.7933,3.1012,8.8077,13.7877,0.1874,21.1658,0.2614,2.7538,0.0479,1.1026,224.3029,1.6072,51.6274,0.7726,11.7442,0.8546,0.1554,26.332,0.3308,0.7819,0.0116,4.1261,56.2276
28/01/2023 19:00,2,C,0.4509,72.7665,0.9404,2.1982,0.0956,4.5208,12.4935,2101.2059,38.7429,11.8704,2.2697,8.2154,11.0979,0.1256,17.2594,0.1313,1.184,0.0229,0.9559,217.8787,2.1402,47.242,0.739,9.9393,10.1482,0.1612,21.8618,0.1362,0.4447,0.0208,4.1958,59.6902
29/01/2023 07:00,1,A,0.5543,75.574,1.1085,2.447,0.1389,4.4056,10.6618,1713.2695,31.8369,14.334,4.7328,10.2752,13.7649,0.186,12.2179,0.1808,2.1466,0.0452,1.1046,175.6318,1.5101,47.7001,1.03,10.2345,5.5231,0.1921,17.298,0.1736,0.326,0.0061,3.9061,49.5903
29/01/2023 19:00,2,B,0.2233,107.9975,0.8975,2.1817,0.0176,5.2036,7.3371,3938.3856,39.4956,13.4734,1.4245,6.812,15.1392,0.1081,32.5175,0.2125,2.0257,0.0133,1.2521,390.5617,1.4778,51.1438,0.6775,9.6353,3.7175,0.1134,37.4409,0.2221,0.4208,0.0006,5.0282,55.8315
30/01/2023 07:00,1,A,0.3077,82.2081,1.0292,3.2963,0.1296,4.3389,5.8258,2276.812,31.5102,13.6898,2.57,8.5617,17.9363,0.107,14.6002,0.1279,2.6985,0.0482,0.7123,156.0842,1.2523,54.459,0.9352,9.6746,1.9804,0.1188,18.8833,0.1799,0.4905,0.0134,4.2265,52.6917
30/01/2023 19:00,2,B,0.3447,102.09,1.2452,3.2822,0.1653,4.5054,11.2326,3404.7792,43.5232,12.1045,2.9912,8.4636,10.5576,0.1172,17.6932,0.2033,2.5145,0.0506,0.6179,230.9336,2.1195,53.7866,0.7845,7.9534,3.0043,0.1302,23.189,0.2349,0.4788,0.0126,4.3516,59.6466
31/01/2023 07:00,1,A,0.4009,90.5823,1.3256,3.3914,0.1603,5.3007,10.1581,2024.0156,25.9362,14.388,3.7399,9.3423,13.2361,0.1487,18.2158,0.2009,3.0264,0.0565,0.6981,156.5882,1.2193,49.1055,1.0214,9.8156,2.0158,0.1618,21.6774,0.3072,0.4445,0.0179,5.1101,53.2815
31/01/2023 19:00,2,B,0.2815,88.016,1.5558,4.3831,0.0706,3.9342,4.671,1324.841,37.8459,11.2228,0.9942,6.6347,16.7242,0.0966,11.1801,0.1667,3.4991,0.0284,0.4833,118.7495,1.1158,50.5418,0.5878,8.1549,6.1855,0.1164,18.2916,0.2455,0.6547,0.0085,3.382,56.0877
01/02/2023 07:00,1,A,0.3901,70.0024,0.8148,2.6324,0.1348,4.4873,13.1427,2466.0284,36.6457,12.6623,3.7972,8.3633,11.463,0.1288,13.9086,0.2632,2.6275,0.0595,1.0776,233.034,2.2258,47.6228,0.858,9.2555,3.1657,0.1482,17.0028,0.2582,0.4255,0.0286,4.0491,
01/02/2023 19:00,2,B,0.3793,58.4643,1.4559,4.0679,0.0963,4.6218,8.4785,1368.3919,43.2685,4.0897,1.6775,4.7336,14.298,0.1377,14.6535,0.284,3.9303,0.0477,0.5078,109.2606,1.1545,50.8625,0.7724,10.8551,2.5389,0.1406,16.8002,0.2942,0.87,0.0157,3.8824,56.4081
02/02/2023 07:00,1,C,0.3926,111.6878,1.3708,3.5031,0.1736,6.1215,9.121,2486.4081,32.6494,9.1603,2.6286,7.9336,17.1498,0.1556,17.7153,0.2123,3.4552,0.056,0.7137,210.3317,1.455,54.7112,1.5139,10.7954,2.2625,0.1421,26.6326,0.2774,0.4649,0.0144,5.097,59.1582
02/02/2023 19:00,2,D,0.5053,92.5713,1.4722,2.5639,0.1065,5.0663,10.8976,2176.0182,38.3652,11.358,2.0902,8.6204,16.4404,0.1491,16.0404,0.167,2.6504,0.039,0.7226,229.6091,1.5537,52.2748,0.8371,10.7073,2.1539,0.1732,22.2216,0.2361,0.3124,0.0185,4.7677,52.8717
03/02/2023 07:00,1,C,0.2576,140.2878,0.7629,2.283,0.0585,5.4077,6.2058,3593.6945,28.7715,17.3492,1.6455,9.5737,19.2386,0.1001,32.695,0.1213,1.6141,0.0263,0.7191,262.2941,1.3687,53.3785,0.744,9.5617,4.6807,0.0991,39.7658,0.1154,0.4505,0.0,5.0319,53.7087
03/02/2023 19:00,2,D,0.2673,113.3524,1.3406,3.4809,0.0589,5.2929,4.1128,2240.949,34.6316,11.5445,1.5084,8.6337,19.0502,0.177,20.0719,0.1972,3.2095,0.0369,0.8361,258.8789,1.0132,51.0706,0.7086,9.9774,4.3817,0.1472,25.2668,0.2484,0.6184,0.0028,4.8541,54.2954
04/02/2023 07:00,1,C,0.5102,113.2193,1.7717,4.8687,0.1014,5.6602,14.0937,3522.4735,43.6756,16.9597,2.2632,7.4362,6.1105,0.1896,32.5665,0.3259,3.7733,0.0561,0.6813,154.0436,1.6518,53.119,0.4915,8.9333,2.6016,0.2048,35.5746,0.3591,0.5959,0.0088,4.8685,51.152
04/02/2023 19:00,2,D,0.2582,119.2307,0.7806,2.2481,0.0481,4.3715,5.3873,4397.1659,37.4324,15.1567,1.5358,7.0999,12.3898,0.1258,24.616,0.0665,1.9608,0.0272,0.7826,283.1794,1.3565,51.5115,0.6642,9.1723,5.1193,0.122,31.8071,0.1096,0.5117,0.0084,4.9322,57.4567
05/02/2023 07:00,1,B,0.4458,95.694,1.2545,2.8574,0.0642,4.6554,8.998,2825.3608,34.6035,9.3161,1.9338,6.351,15.6389,0.1679,16.1453,0.2391,2.6336,0.0406,0.8601,209.2784,1.7184,47.7314,0.7093,8.6723,4.3631,0.2028,22.656,0.3641,0.4965,0.0166,3.9483,53.5334
05/02/2023 19:00,2,A,0.192,60.1166,0.9381,2.7625,0.0669,4.2985,4.3683,1832.6225,36.6527,11.7389,2.1177,7.4439,15.2449,0.1146,17.6728,0.2119,2.1818,0.0449,0.7727,203.5191,1.5468,48.0872,0.5706,9.6485,5.986,0.1153,19.8268,0.2113,0.4697,0.0118,4.2863,54.1795
06/02/2023 07:00,1,B,0.556,84.9707,1.4029,4.6839,0.2304,4.5396,10.4313,2144.1883,37.2088,11.8973,6.9415,9.7783,18.8101,0.2274,20.6554,0.394,4.3502,0.1526,0.6479,220.1909,2.2199,49.9385,0.9812,12.0603,4.4864,0.2333,25.0184,0.4017,0.5089,0.0266,3.9706,62.3447
06/02/2023 19:00,2,A,0.4615,74.2931,0.9049,2.3755,0.0737,4.6272,7.9388,1669.3813,30.9231,15.2512,2.0694,6.287,20.3711,0.1691,16.1188,0.1464,1.5435,0.0173,1.2585,183.5642,1.5754,57.0273,0.694,9.4987,1.3905,0.1756,19.8805,0.183,0.2971,0.0112,4.18,48.9554
07/02/2023 07:00,1,B,0.4785,120.1017,1.4198,3.6652,0.1293,4.6139,8.2976,2983.7779,36.2517,10.7554,3.7318,6.6613,10.2408,0.1971,25.4679,0.1429,2.335,0.0298,0.7935,258.1883,1.1983,52.954,0.9323,7.9314,2.1839,0.2036,28.56,0.2381,0.5488,0.0059,4.15,55.0411
07/02/2023 19:00,2,A,0.465,125.6047,1.8616,3.1835,0.0694,5.3086,5.8524,2572.2285,39.5328,11.6692,1.2699,6.2647,15.6426,0.1489,25.3795,0.2024,2.2354,0.0229,0.761,197.2303,0.913,50.7227,0.6877,10.1128,3.4093,0.1691,34.8709,0.2956,0.7127,0.0197,4.8692,55.1933
08/02/2023 07:00,1,B,0.2126,55.6755,0.3592,0.8783,0.001,4.4759,11.7157,3255.0022,26.7675,9.4671,2.836,10.8813,19.516,0.0793,15.9241,0.0829,0.6035,0.0129,1.4607,414.8074,2.0927,51.4858,1.0334,9.5231,2.3748,0.0933,15.0317,0.0855,0.1253,0.0037,4.0156,59.3698
08/02/2023 19:00,2,A,0.2669,116.3395,0.6689,1.9374,0.0833,4.9036,10.7023,4288.4081,29.5392,10.8927,2.7014,8.2319,12.6826,0.0845,15.1002,0.0499,1.3402,0.0184,0.7415,316.9231,1.7039,50.159,0.938,9.0996,4.2163,0.1123,23.4176,0.1037,0.3354,0.0086,3.9649,49.3261
09/02/2023 07:00,1,D,0.279,113.5988,1.1943,3.311,0.0984,5.6299,6.4054,3304.0385,38.1214,15.1762,1.735,7.5865,10.5725,0.1176,15.3328,0.1406,2.479,0.0237,0.6015,203.0481,1.321,54.313,0.7735,10.1858,1.4841,0.1288,23.8059,0.1841,0.7134,0.0239,4.6831,56.3669
09/02/2023 19:00,2,C,0.1657,76.8467,0.4424,1.2657,0.0366,3.2096,7.9217,4150.405,33.3499,10.5357,2.2058,9.0809,14.5777,0.0647,19.2938,0.0556,1.2654,0.0253,0.7726,366.7587,1.1137,48.814,0.9652,8.1676,3.2535,0.0751,21.4109,0.0693,0.1745,0.0003,2.7012,62.6155
10/02/2023 07:00,1,D,0.4041,134.0978,0.7597,1.4757,0.0659,3.8806,10.756,5555.5742,35.0736,11.6067,2.9718,7.517,12.2012,0.1266,21.0913,0.1586,1.6618,0.021,0.9412,315.5583,1.1142,49.6094,0.7328,8.0997,5.5333,0.1502,28.6299,0.1711,0.2925,0.0037,4.3268,51.2958
10/02/2023 19:00,2,C,0.3058,124.5471,0.7651,2.5937,0.1281,4.657,6.7417,3022.6272,28.7674,14.6716,5.1016,9.6351,11.6892,0.1547,23.0273,0.0984,1.4456,0.0203,1.1778,356.1645,2.0656,49.7034,1.2847,10.0214,3.9004,0.1329,27.7715,0.1432,0.383,0.0013,4.364,
11/02/2023 07:00,1,D,0.4269,91.9444,0.8654,2.7741,0.0867,5.19,8.142,2697.1232,37.2,15.6325,2.7185,7.9578,9.8284,0.1578,14.0264,0.1715,2.5161,0.0359,1.4229,288.6832,1.6,50.0547,0.9937,11.474,3.5177,0.2038,21.2082,0.1743,0.5019,0.0124,4.9641,56.4327
11/02/2023 19:00,2,C,0.3158,56.5474,0.619,2.1728,0.0569,4.8884,8.2157,2646.6501,30.6259,12.5203,2.3014,8.6256,17.6877,0.1342,7.8349,0.0807,1.6693,0.0302,0.8936,225.4586,1.6089,49.0174,1.0497,10.5225,2.2217,0.1138,11.5643,0.1137,0.2604,0.0,4.3043,46.2531
12/02/2023 07:00,1,A,0.179,114.1506,0.5276,2.0674,0.0647,4.6785,5.6457,4908.9485,41.9724,12.2647,2.6104,7.0635,11.0265,0.0784,18.7767,0.0656,1.618,0.0233,0.5697,251.3542,0.5543,51.8876,0.6466,11.0616,2.958,0.0832,25.5291,0.0572,0.185,0.0166,3.9323,56.4713
12/02/2023 19:00,2,B,0.3075,125.735,1.4346,3.0489,0.0388,5.2604,5.6541,3679.0744,34.2926,16.9054,1.6482,6.972,14.9899,0.1309,23.9732,0.1155,2.4424,0.029,0.8586,251.8508,1.3938,50.0602,0.6415,10.5932,5.6268,0.1619,29.2795,0.197,0.3467,0.0119,5.2057,54.1112
13/02/2023 07:00,1,A,0.382,85.1578,1.4197,4.022,0.11,4.876,6.3775,1793.3555,37.3983,15.5503,2.5375,9.7747,15.4242,0.1487,15.7168,0.2321,2.8763,0.0358,0.6099,162.775,1.0831,54.1013,0.6946,9.3858,2.3959,0.1586,17.4748,0.2681,0.8786,0.0154,4.0484,48.469
13/02/2023 19:00,2,B,0.2553,110.3625,0.946,2.1352,0.0607,4.7728,7.2139,5558.1443,33.5133,10.0431,2.4814,9.5032,16.3422,0.0929,19.6369,0.0471,1.3409,0.0149,0.7545,273.7486,1.4623,50.6518,0.8911,11.2479,1.8808,0.1047,23.888,0.1197,0.2686,0.0,3.8322,48.394
14/02/2023 07:00,1,A,0.7159,65.8059,1.6936,3.732,0.13,5.0534,11.3695,1933.8812,29.2296,13.7998,2.694,9.0421,19.8153,0.1841,10.7735,0.0986,3.0196,0.0251,1.1639,138.4433,1.5038,54.46,0.7546,10.7684,2.4698,0.1858,10.3186,0.166,0.4852,0.0,4.3341,52.1475
14/02/2023 19:00,2,B,0.4759,96.504,1.4702,3.03,0.1399,4.8375,9.1405,1728.8231,29.3225,14.4331,2.3474,9.3583,18.5595,0.1577,20.2684,0.1983,2.8012,0.0239,0.6201,111.7564,0.9453,45.53,0.5868,11.1672,11.682,0.1613,22.8319,0.3016,0.4631,0.0146,4.8097,61.7653
15/02/2023 07:00,1,A,0.3766,67.7235,1.3126,3.4192,0.0963,4.8736,10.3979,2050.3945,39.403,13.8732,3.1526,8.678,10.4277,0.1015,19.1419,0.2229,3.1896,0.0365,0.607,218.497,1.7892,50.2164,0.8174,9.2925,2.7636,0.1421,27.6786,0.2896,0.8221,0.0087,4.2584,49.9804
15/02/2023 19:00,2,B,0.2646,72.8371,1.2863,2.5702,0.0592,4.7047,6.8864,2731.0922,35.0262,15.9897,1.8891,9.5706,16.5114,0.1439,17.0134,0.1413,2.6555,0.0299,1.0701,256.346,2.7622,51.758,0.8974,10.0425,2.4466,0.1452,20.3433,0.2254,0.5986,0.0314,4.0178,54.4898
16/02/2023 07:00,1,C,0.2791,63.1007,0.6714,1.8067,0.0466,4.2396,7.8337,2140.3278,28.0129,14.3431,1.1852,8.7358,18.0148,0.1009,13.0493,0.0722,1.6114,0.0153,1.111,190.5016,1.7446,51.8363,0.6531,8.2393,3.1581,0.1044,15.2729,0.135,0.1747,0.0063,3.6173,54.9444
16/02/2023 19:00,2,D,0.226,65.296,0.761,2.0818,0.0455,4.4131,4.2981,2337.536,36.5891,9.8999,1.3245,7.236,16.3624,0.089,16.7693,0.1919,2.8817,0.0123,0.5074,230.0887,1.8937,50.3429,0.6324,9.3912,3.3256,0.1273,22.4181,0.174,0.4832,0.0052,4.2169,53.5564
17/02/2023 07:00,1,C,0.4101,76.1831,1.2759,2.8912,0.1436,4.2767,10.8392,1657.7756,34.3552,11.5132,4.059,9.33,16.7017,0.1343,14.2612,0.1479,2.5617,0.0616,1.1196,161.7202,1.8859,47.2249,1.2886,10.2864,4.9375,0.1617,17.9272,0.2225,0.8172,0.0275,3.7506,50.7067
17/02/2023 19:00,2,D,0.4863,85.7798,1.1147,3.12,0.1536,5.2622,16.6342,2543.9329,35.4666,9.1545,4.2046,9.0087,11.1886,0.1762,20.5157,0.2306,2.713,0.0745,1.0735,223.2324,1.3861,49.5831,0.9704,10.9071,1.7404,0.1791,28.2089,0.2421,0.4004,0.0163,4.7591,48.9765
18/02/2023 07:00,1,C,0.4899,74.0008,1.2486,2.3177,0.1075,4.0955,14.7553,2451.6324,41.0277,7.1253,2.7701,7.2041,11.0978,0.1593,12.263,0.1529,2.1681,0.0332,0.9703,205.2903,2.8051,52.0699,0.8879,8.0694,2.2392,0.1782,14.5503,0.2361,0.5163,0.013,3.5554,57.5092
18/02/2023 19:00,2,D,0.438,76.9855,1.4233,2.8036,0.0944,5.1579,11.2838,2492.1384,35.5179,13.3915,3.6188,9.3117,12.6924,0.1911,24.5883,0.181,2.5572,0.0352,0.8858,218.6751,1.5935,49.8475,0.993,8.978,3.9606,0.2085,31.1456,0.2967,0.8502,0.0083,4.642,54.3773
19/02/2023 07:00,1,B,0.4663,71.3353,2.0908,3.987,0.1994,5.1688,14.622,1830.4288,42.6628,11.8673,3.7461,8.7865,8.8277,0.1434,12.5967,0.2501,2.4999,0.048,1.395,196.2316,2.6208,49.0483,1.4231,10.9215,2.3868,0.1698,16.7147,0.3295,0.6253,0.0263,4.8357,51.2349
19/02/2023 19:00,2,A,0.4391,108.2629,1.1172,2.9584,0.1052,5.0551,7.6868,3376.669,38.1388,8.7029,2.0759,7.1941,14.5563,0.1516,26.8486,0.1274,2.1618,0.0307,1.0073,388.5316,2.1096,50.8335,0.8758,9.0629,3.5459,0.1556,30.9087,0.173,0.5467,0.0123,4.5373,54.1589
20/02/2023 07:00,1,B,0.427,107.9354,1.276,2.9661,0.152,4.9467,7.6465,2327.519,31.71,10.1899,3.0774,8.5347,15.3479,0.1517,14.1571,0.1018,2.5154,0.0198,0.901,226.0741,1.2515,49.946,0.8197,7.3208,3.7201,0.1555,19.5331,0.1824,0.4125,0.0051,4.3966,53.4063
20/02/2023 19:00,2,A,0.547,70.4496,0.9184,1.9236,0.1145,4.2911,12.3061,2757.4554,36.7473,13.5894,3.442,8.6915,11.9444,0.2045,15.578,0.3289,1.7076,0.0462,1.408,210.6852,1.7193,51.2521,0.9107,8.8138,3.6456,0.2007,19.7308,0.3887,0.4546,0.0255,4.4313,53.1808
21/02/2023 07:00,1,B,0.2728,91.7425,0.6309,1.5502,0.0534,4.3904,6.2477,3762.4466,25.1005,16.1115,3.2916,11.3342,14.5801,0.1197,18.9315,0.1559,1.7348,0.0311,0.7834,236.8232,1.6568,51.4579,1.2123,11.6251,3.4112,0.1497,28.2051,0.2031,0.2824,0.0207,4.0514,52.1312
21/02/2023 19:00,2,A,0.2895,87.8984,1.0,1.9233,0.1146,4.8159,12.3327,2245.5475,32.5834,10.4322,3.6844,9.0578,14.5068,0.16,16.0456,0.151,1.8446,0.046,0.7862,213.0366,1.0696,51.5098,0.852,9.1689,3.2379,0.1457,20.5348,0.2182,0.3227,0.0122,4.1881,57.0608
22/02/2023 07:00,1,B,0.2654,78.6412,0.8999,2.3599,0.1324,4.5566,9.746,3358.8934,36.2063,9.9905,3.009,8.4833,17.681,0.1449,21.4066,0.2426,2.6593,0.0616,0.7529,249.5805,1.1035,49.5027,1.0988,10.3437,3.0621,0.1545,24.148,0.2303,0.3521,0.0152,4.3695,52.7936
22/02/2023 19:00,2,A,0.4705,107.0345,1.551,3.6968,0.1719,4.5483,12.9706,2564.2661,40.5236,12.8914,3.6419,8.7851,6.8008,0.1413,17.1841,0.3158,3.1186,0.0657,0.6483,190.5827,1.6251,51.274,1.3624,10.0524,2.9136,0.1493,23.6529,0.374,0.6297,0.0187,4.6601,52.5484
23/02/2023 07:00,1,D,0.6849,62.7989,1.5985,3.2147,0.1444,5.1167,9.3729,1472.0419,38.0737,15.0277,2.7431,9.0607,10.0182,0.2321,11.8925,0.1293,2.7955,0.0343,0.8054,140.7715,1.1855,54.3835,0.6078,8.2576,2.0901,0.2908,15.4438,0.24,0.4604,0.0055,4.173,54.7545
23/02/2023 19:00,2,C,0.163,74.73,1.2426,2.6194,0.1199,5.5612,3.472,1998.8707,36.0451,18.8135,2.8661,9.6021,11.1757,0.09,18.2302,0.1665,2.2501,0.0266,0.6874,267.2931,1.2455,50.6983,0.6652,9.9803,4.0214,0.0946,22.1706,0.2102,0.6258,0.0142,4.9387,52.4752
24/02/2023 07:00,1,D,0.3014,84.959,0.7995,1.8269,0.1041,4.7771,8.2963,3407.9312,35.353,9.7939,2.4639,7.7431,10.5973,0.1057,15.2584,0.1044,1.4242,0.0314,1.4118,360.7464,1.8467,53.0383,0.9042,8.9573,3.0124,0.1119,20.3112,0.1347,0.2504,0.0211,4.4908,55.6939
24/02/2023 19:00,2,C,0.2094,67.8114,1.3456,2.7949,0.1267,5.2586,5.6042,1259.5348,27.4536,14.2418,2.2002,9.8284,19.0797,0.1028,13.5927,0.1258,2.7569,0.0279,0.7628,172.5495,0.6571,54.8204,0.7666,8.2221,1.2435,0.1013,17.5669,0.175,0.3381,0.0013,4.9013,56.9338
25/02/2023 07:00,1,D,0.4694,81.9774,1.4486,3.1551,0.1599,5.4677,8.2443,2649.68,31.9377,14.4757,2.2804,8.4651,12.0343,0.1743,19.2525,0.2296,2.7387,0.0379,0.7955,191.3821,1.0604,53.436,0.8881,8.1938,3.1713,0.1953,22.3395,0.2858,0.6518,0.0001,4.8841,56.421
25/02/2023 19:00,2,C,0.3923,75.0662,1.1076,2.4583,0.1178,4.7136,12.0424,2181.241,38.6736,10.5334,3.8939,7.5037,10.6801,0.1281,15.5412,0.1302,2.0892,0.0432,1.0111,230.2779,2.3626,48.8216,0.7861,9.8688,5.9023,0.1544,20.797,0.1963,0.3297,0.0096,3.7919,49.8675
26/02/2023 07:00,1,A,0.55,66.6466,1.3081,3.6186,0.149,4.8249,8.1624,1655.3776,37.9369,15.9014,3.9731,8.1191,12.395,0.1715,15.0736,0.2046,2.9889,0.0618,0.8852,185.6151,1.2939,51.9849,0.8653,11.0341,3.1279,0.212,18.2828,0.2496,1.1224,0.0262,4.3654,52.8879
26/02/2023 19:00,2,B,0.3272,88.3597,0.5906,1.4644,0.0605,3.8807,8.3226,2786.09,35.4716,13.6133,3.1127,8.4575,12.699,0.1458,14.0896,0.0703,1.028,0.0133,1.1662,263.5936,1.659,49.8195,0.8443,10.5229,3.9483,0.1531,19.3312,0.1187,0.3133,0.0117,3.7144,54.5535
27/02/2023 07:00,1,A,0.3374,86.8829,0.8715,2.191,0.0982,4.7122,8.8211,2453.24,36.1931,9.9531,2.4854,8.4145,14.4139,0.1423,17.358,0.1888,2.3909,0.0501,0.8717,257.5181,2.0831,49.8217,1.2281,7.5862,3.4417,0.1568,21.2935,0.2025,0.3154,0.0167,4.4218,56.6396
27/02/2023 19:00,2,B,0.5738,66.4166,2.6059,4.4168,0.1922,5.0328,13.5553,1519.4016,45.5377,12.7654,2.1035,6.2102,9.0239,0.1891,13.121,0.2146,2.6911,0.0334,1.0294,152.5974,2.9978,55.1077,0.6854,9.4686,2.1471,0.2165,17.6186,0.3795,1.4365,0.0265,4.2296,57.8995
28/02/2023 07:00,1,A,0.378,87.2212,1.871,4.37,0.1206,5.0742,5.8263,2427.8414,42.43,14.8687,1.975,7.2584,13.3936,0.1614,20.3137,0.1335,3.5135,0.0624,0.6078,174.7768,1.4078,51.356,0.5185,9.9437,3.2535,0.2003,23.1418,0.2823,0.6942,0.0238,4.8099,60.1153
28/02/2023 19:00,2,B,0.4743,97.4921,1.2691,3.1617,0.0952,4.9465,12.1241,2465.3413,33.7839,10.8478,2.7544,7.482,15.9651,0.1845,16.2671,0.2012,3.3752,0.0471,0.8617,198.7627,1.3354,51.8682,0.7494,10.228,2.8899,0.1981,21.5992,0.2156,0.5395,0.0218,4.7167,53.1032
01/03/2023 07:00,1,A,0.3485,89.06,0.9283,1.9786,0.0727,5.4964,9.7654,3512.4168,34.9597,11.7687,4.1209,9.4514,10.0128,0.1723,20.898,0.0971,1.784,0.0292,0.9297,338.7774,1.3174,51.7788,0.9413,9.4341,3.4025,0.1905,26.0802,0.1631,1.1583,0.0133,4.8465,56.8791
01/03/2023 19:00,2,B,1.0093,83.8118,2.0231,3.9256,0.2196,4.7307,14.5472,1316.8561,37.377,9.8394,3.4946,7.1208,14.7699,0.2671,13.4102,0.3646,2.7576,0.0505,0.8233,129.9144,1.5987,54.884,0.7569,9.2338,1.9635,0.2746,19.8095,0.457,0.6156,0.0183,4.2773,56.2266
02/03/2023 07:00,1,C,0.573,113.005,1.9921,4.0914,0.1214,5.5638,9.7468,2238.9057,46.2339,9.7072,2.2517,6.4262,8.8868,0.2044,21.4672,0.2351,3.5213,0.0399,0.86,205.0158,1.4228,51.0382,0.4996,9.3776,1.0083,0.2318,29.748,0.3395,0.7096,0.0092,4.5562,55.4108
02/03/2023 19:00,2,D,0.3717,96.2085,0.6249,1.7862,0.0817,5.2123,10.0444,4451.3337,44.5686,10.5441,2.9228,8.7664,7.9542,0.0918,20.8557,0.1258,1.9992,0.0387,0.693,310.0755,1.6096,55.9534,1.0579,6.8805,1.0615,0.1317,28.5938,0.1483,0.4136,0.0178,4.8221,49.31
03/03/2023 07:00,1,C,0.2371,124.8833,0.6896,2.4782,0.0888,4.1583,7.3111,5309.7882,31.1502,14.0327,2.9858,9.4912,13.3021,0.0985,32.5344,0.0901,1.9763,0.0274,1.0638,371.9077,0.8056,48.7308,0.8295,10.3253,4.6015,0.1103,37.158,0.1174,0.615,0.0153,3.9996,58.8966
03/03/2023 19:00,2,D,0.247,66.8375,1.3705,3.3112,0.0946,4.7173,6.0741,1805.5137,38.1319,6.0704,2.6905,8.4715,15.1001,0.081,17.038,0.1077,2.7125,0.0538,0.6994,128.45,1.0454,51.5822,0.9804,10.8094,1.2592,0.0978,22.4117,0.2177,0.4348,0.0254,4.5993,53.2468
04/03/2023 07:00,1,C,0.2434,92.2598,0.8669,2.7016,0.0922,4.6934,8.5394,2201.641,28.0343,14.8477,2.6867,9.8744,15.273,0.1435,20.3019,0.1022,2.7595,0.0336,0.5925,217.2079,1.5307,48.9077,0.9182,9.7974,5.0557,0.1053,24.4748,0.1187,0.3664,0.014,4.0633,55.4233
04/03/2023 19:00,2,D,0.4759,84.6529,0.7498,1.3976,0.0649,4.0594,10.7268,3346.1996,32.9981,14.3936,3.7675,10.1924,12.9177,0.159,9.8021,0.0961,1.179,0.0326,1.3565,335.7247,1.7959,50.4385,0.9372,9.3457,2.1465,0.1759,15.9518,0.1325,0.1646,0.0125,4.4482,56.5034
05/03/2023 07:00,1,B,0.2541,82.1391,1.3128,3.5165,0.1292,5.216,6.5831,2558.5686,32.8682,16.19,3.6207,9.3053,11.4378,0.0781,13.9396,0.1795,3.2468,0.0471,0.3661,265.2699,1.4635,48.3832,1.2278,11.0956,6.8978,0.0893,19.5237,0.2521,0.5815,0.0095,4.6388,54.2379
05/03/2023 19:00,2,A,0.1702,99.9538,0.4591,2.7065,0.0716,4.4375,6.0986,3294.4067,31.8548,7.5442,1.664,7.1675,20.3753,0.1304,23.3517,0.1389,2.3401,0.0273,0.8241,288.0404,1.6717,49.5866,0.971,9.1559,5.1265,0.0916,29.2852,0.1112,0.5605,0.0107,3.8506,58.8896
06/03/2023 07:00,1,B,0.578,88.871,1.1023,3.1709,0.1144,4.6305,15.4636,2558.7527,39.3499,13.1354,2.6404,8.3709,8.9598,0.1833,21.7401,0.1748,2.9828,0.0515,1.2038,242.9969,1.6967,53.6619,0.7506,9.2177,1.6336,0.1963,26.1521,0.1998,0.6371,0.0218,4.3495,56.012
06/03/2023 19:00,2,A,0.4765,110.9484,1.6747,2.9748,0.0726,5.1086,6.1075,2500.479,37.2187,13.9352,1.0902,8.4584,13.2167,0.1652,11.7907,0.1835,2.6118,0.0331,1.0013,228.1947,1.1746,49.1985,0.6186,9.067,3.1342,0.1932,21.4397,0.3127,0.3059,0.0131,4.3485,53.3812
07/03/2023 07:00,1,B,0.3215,75.4415,0.7785,1.7071,0.0509,4.6444,7.7986,2580.073,35.7633,8.7366,2.0501,7.3958,15.6653,0.1635,22.9884,0.3474,1.9077,0.035,1.1621,240.5584,0.9264,52.3801,0.802,7.9679,3.0298,0.1489,26.8901,0.4732,0.3123,0.0075,4.3029,51.8992
07/03/2023 19:00,2,A,0.4758,61.7056,1.2208,4.0896,0.1116,4.6022,11.053,1340.0099,33.1196,13.462,1.7758,8.4527,11.977,0.164,14.2168,0.2143,4.1874,0.0442,1.9352,182.9062,1.5595,48.8784,0.7674,10.2406,2.8068,0.1814,18.734,0.2588,0.603,0.0029,4.9899,57.6889
08/03/2023 07:00,1,B,0.28,79.5983,0.6068,1.5853,0.0529,4.0855,6.8708,3863.461,36.2856,11.5343,2.4494,8.4984,9.7226,0.1349,23.5806,0.111,1.2923,0.017,1.4188,483.5046,2.7043,45.7182,0.9954,11.588,6.5074,0.149,24.568,0.1305,0.2831,0.0018,3.6825,52.909
08/03/2023 19:00,2,A,0.3486,103.8604,1.3728,3.6915,0.1037,5.5098,10.7714,2996.7371,36.952,10.7052,2.2789,7.9067,12.879,0.1214,19.8575,0.1601,3.8579,0.0509,0.624,240.7483,1.1662,56.5352,0.7569,10.6564,1.1254,0.1446,24.6384,0.2334,0.5974,0.0199,5.1797,57.0201
09/03/2023 07:00,1,D,0.4923,76.1308,2.1043,5.1041,0.2051,4.2306,8.2218,1332.4469,42.4633,16.3701,4.5176,9.323,10.874,0.1572,12.2668,0.1941,3.8442,0.0829,0.5473,133.7933,1.3177,53.6489,0.7886,10.0247,1.5,0.1552,15.2067,0.393,1.0656,0.0184,4.2735,55.2708
09/03/2023 19:00,2,C,0.4197,107.0338,1.5492,4.3246,0.1647,5.2068,8.8902,3022.5312,34.09,13.8866,3.0767,9.3555,18.7675,0.1664,25.9205,0.3253,4.3117,0.0993,0.7513,237.3508,1.7364,52.3988,1.1007,9.836,2.7337,0.1579,29.1155,0.3809,0.8052,0.0211,5.0432,54.7623
10/03/2023 07:00,1,D,0.1918,86.4793,1.1057,1.9247,0.0653,5.0402,5.9505,2477.7594,38.0537,13.0571,1.3067,7.1191,13.5716,0.0921,14.1818,0.1601,1.6893,0.0159,0.7456,289.5556,1.6589,49.8046,0.658,9.1227,5.3051,0.0883,20.8377,0.2162,0.3426,0.001,4.0513,58.7653
10/03/2023 19:00,2,C,0.3884,85.9579,1.1187,2.2388,0.0608,5.1388,4.367,1998.9639,29.5477,14.1454,1.2712,6.9739,21.2083,0.187,24.2365,0.0952,1.7373,0.0222,1.5547,320.2497,1.2426,49.104,0.6187,10.1173,5.113,0.2173,28.197,0.1521,0.3322,0.001,4.7233,59.4587
11/03/2023 07:00,1,D,0.2716,83.258,1.3833,3.8504,0.0923,5.0981,5.9886,2359.4589,37.3308,14.6277,2.1974,9.5553,10.6282,0.1274,15.5932,0.1349,3.3854,0.0369,0.6613,215.7258,1.3457,52.5183,0.8499,10.1382,1.6222,0.1282,23.6693,0.2224,0.6971,0.0124,4.6607,59.8623
11/03/2023 19:00,2,C,0.3999,72.8877,0.9805,3.0467,0.077,4.913,11.0305,2724.8728,35.457,10.9818,2.3074,9.4189,13.5435,0.1924,20.5992,0.1251,2.3954,0.0322,1.2307,224.6876,1.2375,50.2987,0.8368,8.4492,4.2875,0.2068,26.1404,0.1815,0.5245,0.0094,3.5917,50.7043
12/03/2023 07:00,1,A,0.1642,93.5273,0.4648,1.9599,0.0602,4.9626,8.0133,3672.222,34.2255,13.0924,2.6752,8.5494,12.3337,0.1147,24.2167,0.1494,1.5335,0.0296,1.194,425.3147,1.5661,51.2218,0.8445,10.5282,2.0585,0.0835,35.58,0.1048,0.2911,0.0114,4.423,57.3112
12/03/2023 19:00,2,B,0.2344,81.2339,1.1408,2.0678,0.0768,4.9804,9.2846,2203.0001,40.6268,13.9754,2.2735,7.0215,10.2684,0.1188,11.8666,0.186,1.8901,0.0359,1.2776,298.1082,1.907,51.9027,0.7201,8.6501,3.6703,0.0963,19.5265,0.2564,0.4206,0.016,4.461,57.1811
13/03/2023 07:00,1,A,0.277,78.7946,0.6149,1.664,0.0828,4.0912,6.5451,2826.3208,29.8411,10.3622,2.794,8.9283,13.9451,0.1085,17.5413,0.0956,1.477,0.026,1.4019,309.1963,2.9326,47.9458,1.0532,9.6909,5.4296,0.1284,22.3434,0.138,0.3617,0.0144,4.1734,61.9964
13/03/2023 19:00,2,B,0.3564,90.4924,0.9125,2.7245,0.115,5.1391,11.0777,3123.0935,38.1206,13.1483,2.4634,9.0266,10.7811,0.1006,25.1245,0.1324,2.1517,0.0504,0.8859,277.8437,1.1286,52.3945,0.7666,8.4256,2.4787,0.1072,29.5649,0.1696,0.4801,0.022,4.7186,61.4855
14/03/2023 07:00,1,A,0.4033,66.5271,0.8646,1.5615,0.0454,3.9333,8.0162,2573.8889,33.2413,10.9038,2.4171,9.2467,17.0672,0.1526,13.9188,0.0398,1.2273,0.0135,1.2517,280.0896,1.6622,51.38,0.6643,8.6504,2.4466,0.1774,15.8248,0.087,0.1419,0.0032,3.3813,61.7849
14/03/2023 19:00,2,B,0.2558,109.8809,1.4586,2.8996,0.1066,4.6787,7.3191,3051.4765,36.2424,11.3411,2.5102,8.1638,13.4757,0.1074,24.5196,0.3175,2.471,0.0322,0.6614,284.2518,2.3036,46.8473,1.2456,11.6126,4.1078,0.1024,28.2512,0.4363,0.3134,0.0093,4.4224,50.3601
15/03/2023 07:00,1,A,0.3437,46.3361,0.7156,1.5044,0.0471,4.1626,8.9278,1781.2352,29.0755,16.5835,2.3962,9.5407,12.686,0.1576,11.13,0.0964,1.1086,0.0106,1.624,245.6051,1.2962,51.0389,0.9206,9.4847,4.8265,0.1604,12.4022,0.1218,0.152,0.0,3.4211,54.8754
15/03/2023 19:00,2,B,0.2927,71.8558,1.3502,3.0897,0.1849,5.4131,7.1405,1273.7099,32.9115,11.4437,3.7767,7.1703,12.0331,0.1114,11.9635,0.1469,2.8221,0.0468,0.7834,232.1901,1.5308,48.3458,1.2108,10.1406,5.4441,0.1089,18.2158,0.1975,0.3823,0.0167,4.7827,50.6879
16/03/2023 07:00,1,C,0.0705,74.0975,0.9431,3.2452,0.0793,4.7113,4.946,2776.1307,35.6035,13.6116,1.6502,8.6525,11.8169,0.0935,19.1091,0.1109,2.5431,0.0284,0.7126,232.6424,1.4645,49.2611,0.7891,10.304,7.8516,0.044,23.1256,0.1786,0.4457,0.0071,4.0832,59.1275
16/03/2023 19:00,2,D,0.2923,65.5313,1.0773,2.4733,0.0829,5.5168,5.0421,1796.472,29.3368,13.9921,1.8036,9.4549,22.8407,0.1476,16.542,0.1157,1.9338,0.022,0.8184,226.7319,0.9239,46.2487,0.65,8.6794,9.1963,0.1583,19.6812,0.1861,0.3705,0.0024,4.5771,53.2843
17/03/2023 07:00,1,C,0.2414,68.7012,0.6713,2.2845,0.0785,4.8046,7.2618,2492.1185,25.8543,11.5836,1.9403,8.8837,26.3878,0.098,9.9285,0.1152,1.4855,0.0251,1.2583,340.5919,2.3246,47.2695,0.8401,8.8036,5.1986,0.1054,15.4074,0.1014,0.2756,0.0182,4.3849,53.955
17/03/2023 19:00,2,D,0.7132,105.2558,2.0775,4.1773,0.2097,5.5106,14.0641,1912.0129,42.2247,12.2856,3.3079,7.2925,12.4211,0.2362,19.358,0.2895,3.9623,0.0663,0.9744,238.1437,1.5059,50.2286,1.1893,11.0274,2.9357,0.2639,23.1749,0.3692,0.7331,0.0253,4.5259,
18/03/2023 07:00,1,C,0.5147,88.1955,1.5384,3.2873,0.1244,4.6519,10.3211,2419.1092,40.9205,10.6661,2.6343,7.7684,14.3946,0.2245,21.2239,0.2111,2.9427,0.0786,1.3092,233.1086,1.3135,48.1343,0.8184,9.7269,4.3242,0.2273,24.7156,0.2862,0.5039,0.0186,3.9823,54.3589
18/03/2023 19:00,2,D,0.716,108.6426,2.0951,4.3026,0.217,5.35,15.7652,2470.2045,43.7712,12.1049,3.5214,8.788,10.2374,0.1923,18.1583,0.2815,3.5585,0.0714,1.3938,175.203,2.6005,50.6491,0.8363,10.4565,2.4379,0.229,24.6144,0.412,0.9411,0.0226,4.3977,
19/03/2023 07:00,1,B,0.3145,93.3886,0.6838,1.8017,0.0468,4.3791,10.3586,4370.8153,40.2727,11.3058,1.8579,6.5319,12.966,0.1205,22.889,0.1036,1.3452,0.0231,0.9895,403.9247,1.344,50.5909,0.8397,10.965,4.319,0.1668,28.3491,0.1538,0.1051,0.0,4.0547,56.0581
19/03/2023 19:00,2,A,0.2081,86.5732,0.6394,1.6703,0.0453,4.6227,5.2119,2975.5677,30.2742,12.5263,1.4699,6.9639,12.3685,0.0935,20.8134,0.14,2.0367,0.0345,1.0779,261.5075,1.1924,46.2508,0.8969,12.1073,7.032,0.1032,24.2749,0.1509,0.2256,0.0108,4.48,56.4103
20/03/2023 07:00,1,C,0.3279,117.3939,1.0258,2.3524,0.0828,3.7486,8.7709,2557.4003,28.6282,9.4764,1.9229,7.6946,22.9126,0.1088,19.1446,0.0626,2.2832,0.0287,0.4993,172.2523,1.3674,51.3281,1.0782,10.9373,2.2984,0.1031,21.9855,0.1554,0.2039,0.0166,3.3783,51.1291
20/03/2023 19:00,2,D,0.4821,96.955,0.7276,1.8515,0.0715,4.6857,13.3301,2391.4681,33.4255,16.9039,3.5007,8.3139,12.1482,0.1714,19.5746,0.1219,1.6828,0.0184,0.7507,265.1976,1.4421,53.7097,0.7249,9.7052,3.0258,0.2032,25.5158,0.1312,0.3004,0.0,4.6594,50.844
21/03/2023 07:00,1,C,0.3202,84.5614,1.0974,1.8739,0.0819,5.4,8.138,2657.571,32.1436,13.3288,1.6401,7.9345,11.7688,0.1022,22.0979,0.2495,2.0806,0.0438,0.8052,338.8396,1.8414,49.9319,0.8745,8.6459,2.245,0.1527,30.9002,0.3545,0.2758,0.016,4.4165,58.2434
21/03/2023 19:00,2,D,0.271,84.9814,1.6425,3.3381,0.0819,4.6902,6.6402,2429.366,41.6304,12.9063,2.4065,6.7513,15.0322,0.1058,19.0469,0.1879,2.5323,0.0321,0.5736,242.1435,1.8982,53.9271,0.6968,10.1573,3.2837,0.1097,22.1405,0.2766,0.5277,0.0058,4.1653,52.6518
22/03/2023 07:00,1,C,0.2912,66.7056,0.8611,2.1798,0.0611,4.5751,12.417,2881.3014,33.5659,12.006,2.9092,8.8213,10.8607,0.1428,15.6305,0.1345,2.2131,0.037,0.9189,211.469,1.7218,50.039,0.8758,8.417,2.7806,0.1492,19.5499,0.1816,0.3924,0.0076,3.5137,56.0904
22/03/2023 19:00,2,D,0.2871,72.5094,0.8187,2.1729,0.0817,4.303,7.3619,3424.4497,31.5424,11.8234,2.8223,9.2086,10.8265,0.083,14.9241,0.1172,1.7161,0.0229,0.7778,253.0159,2.9589,49.8529,0.87,7.1731,4.1595,0.0975,17.8888,0.2041,0.367,0.0176,4.3927,46.6709
23/03/2023 07:00,1,A,0.3795,86.1039,1.0669,2.3701,0.1007,4.6818,7.5469,2184.4706,30.3072,10.1244,2.9906,9.3632,17.661,0.135,16.326,0.0678,1.8626,0.0354,0.9482,265.6288,1.0455,53.6447,1.0482,10.96,5.3747,0.1188,19.6938,0.1169,0.3457,0.0126,4.4539,62.7269
23/03/2023 19:00,2,B,0.2303,79.8975,0.9233,1.8645,0.0456,5.0187,8.1203,2684.8104,35.7062,10.2893,1.4259,6.2219,15.933,0.1063,19.4681,0.1352,1.6048,0.0284,0.775,237.0186,1.492,57.3276,0.6097,10.3393,1.6553,0.1164,20.019,0.1834,0.4797,0.0099,4.6595,59.074
24/03/2023 07:00,1,A,0.453,86.8618,1.3683,2.6419,0.1253,4.6089,9.2125,2454.9674,33.2019,13.0567,2.6806,8.9293,15.0052,0.1497,25.2152,0.2468,2.3629,0.0444,0.9193,229.7304,2.7698,48.0859,0.9323,9.4326,4.5997,0.1822,28.9764,0.2982,0.3371,0.0244,4.2934,55.7056
24/03/2023 19:00,2,B,0.478,99.6924,0.8182,1.8118,0.0707,4.4418,7.9369,4059.8532,30.3033,10.3038,1.7345,7.7632,16.1907,0.1623,18.5439,0.1501,1.7228,0.018,1.0103,322.5948,2.023,49.6625,0.7476,8.0704,5.4852,0.1969,23.5494,0.1365,0.3201,0.0,4.3367,51.6034
25/03/2023 07:00,1,A,0.3058,88.6648,1.1912,4.0591,0.1428,5.484,6.8514,2681.5484,36.8415,15.3351,2.8833,8.8749,15.67,0.1387,15.9112,0.1474,3.8401,0.0679,0.6658,132.1817,0.8828,53.9611,0.6656,9.2333,2.7428,0.1497,23.4954,0.2035,0.6685,0.0205,5.0754,52.947
25/03/2023 19:00,2,B,0.2989,59.8824,0.9875,2.3192,0.1042,4.7148,8.5216,1847.1142,31.9883,9.6001,1.9398,7.6314,11.3303,0.1388,15.5142,0.1229,3.2507,0.0334,1.0032,166.1753,1.3192,51.2767,0.7876,9.6433,2.337,0.1407,16.1975,0.1707,0.2532,0.0157,4.5192,56.4192
26/03/2023 07:00,1,C,0.2412,80.1719,0.9628,1.7638,0.0316,5.0204,5.5372,2272.5461,29.7361,14.1944,2.0253,8.5618,16.8048,0.1015,24.7008,0.1316,1.5414,0.011,0.7589,252.2082,2.2703,49.2481,0.5707,8.7631,8.8845,,,,,,,59.3638
26/03/2023 19:00,2,D,0.3767,96.8829,1.6557,2.9488,0.1612,5.0517,7.3241,1661.0881,44.9355,11.2263,3.3053,8.3583,11.2493,0.1373,20.8125,0.1004,3.0616,0.0821,0.5876,156.3181,1.2249,51.1136,1.095,10.8511,2.9167,0.1616,29.5794,0.1651,0.6139,0.0238,4.6277,52.8446
27/03/2023 07:00,1,C,0.4135,57.6227,1.0801,2.3262,0.1184,4.9445,13.8319,2502.2325,34.5998,9.881,3.7491,9.4601,16.7673,0.0803,12.7045,0.1699,1.9137,0.0483,1.2563,243.5711,2.2439,51.5735,1.0592,9.5185,2.6236,0.1064,14.6049,0.1849,0.5893,0.026,4.232,54.3145
27/03/2023 19:00,2,D,0.3904,138.1113,1.6841,5.6492,0.1365,5.3001,9.4765,3137.0718,37.323,17.8751,2.9849,8.7383,8.5435,0.1764,34.9647,0.3175,4.2607,0.0929,0.434,225.7105,0.8925,53.7188,0.8444,9.7115,2.0177,0.1835,39.6308,0.2931,1.1756,0.0213,5.0071,55.4971
28/03/2023 07:00,1,C,0.3133,90.041,1.6511,3.3913,0.145,5.1633,3.917,2740.4326,34.2426,16.7168,2.3641,8.238,19.2872,0.1064,19.4771,0.3543,2.4484,0.0439,,,,,,,,0.1338,24.7436,0.4598,0.9815,0.0151,5.0085,58.0792
28/03/2023 19:00,2,D,0.3281,96.4202,1.2408,2.6726,0.0956,5.1904,6.8867,3037.4892,38.9232,12.5845,4.0037,8.1743,9.9034,0.1559,22.134,0.2232,2.5161,0.0623,0.6677,269.2034,1.9088,54.561,1.2507,9.1193,1.3238,0.1727,32.5129,0.3097,0.3613,0.0207,4.9545,54.1442
29/03/2023 07:00,1,C,0.3152,98.6507,1.1412,3.0208,0.1511,4.9496,9.7271,3296.8614,37.7521,16.0908,4.7336,10.4383,9.9322,0.1279,24.2282,0.1888,2.8715,0.0851,0.9703,302.145,1.9045,54.7881,1.1915,9.3362,1.1051,0.1259,31.9528,0.2817,0.4438,0.0215,4.7451,52.4088
29/03/2023 19:00,2,D,0.2116,89.8705,0.8991,1.8878,0.039,4.3637,5.024,2689.4006,38.3606,9.5036,1.1788,7.376,15.4467,0.0824,16.9278,0.088,1.7974,0.0079,0.7355,231.1041,1.6257,57.2697,0.6472,6.7666,1.7953,0.0986,23.2188,0.1824,0.2233,0.0,4.5538,66.573
30/03/2023 07:00,1,A,0.2415,100.816,1.1389,2.3554,0.0492,4.7843,4.6001,2113.7123,25.713,16.7193,1.5981,9.0016,19.8433,0.0896,14.4136,0.1253,1.6477,0.015,0.8898,262.4027,2.1728,44.3137,0.6145,10.0036,12.5513,0.1043,20.6283,0.1941,0.2754,0.001,3.7861,59.0461
30/03/2023 19:00,2,B,0.5916,120.0563,1.8727,3.639,0.0885,5.2494,10.3783,2671.1655,43.1035,12.7949,2.5698,7.1227,12.1828,0.2018,22.4028,0.2503,3.0612,0.0438,1.2655,269.8207,3.1871,51.6474,0.731,10.8989,1.747,0.2096,26.606,0.321,2.0585,0.0213,5.4034,54.7824
31/03/2023 07:00,1,A,0.2681,84.6842,0.9712,1.7559,0.0639,4.8801,11.9695,3126.1959,41.0202,9.8111,1.4353,7.5398,10.5547,0.125,18.4409,0.0649,1.6375,0.0146,1.2603,444.9858,2.3993,49.6159,0.7851,8.379,3.5977,0.1241,24.978,0.1542,0.3135,0.0038,4.2224,53.0703
31/03/2023 19:00,2,B,0.255,65.8875,1.0376,1.7771,0.0625,4.6385,8.6452,2610.7121,33.4182,12.2634,1.8658,9.7999,17.7995,0.1174,18.437,0.1271,1.3525,0.0313,0.9687,293.8769,1.8714,46.7407,0.8975,9.4677,6.281,0.1269,20.1453,0.1881,0.1971,0.0004,4.6014,55.2537
01/04/2023 07:00,1,A,0.3032,70.4394,0.7212,1.7957,0.0396,4.2278,5.1922,2423.2968,34.06,12.8878,1.319,7.089,9.1106,0.1493,15.7034,0.0892,1.6623,0.0222,1.2649,298.5949,1.1541,52.7829,0.6652,8.8657,2.2526,0.1575,20.568,0.1132,0.2928,0.0067,3.5558,55.7334
01/04/2023 19:00,2,B,0.2624,62.0024,0.5597,1.4645,0.0451,4.818,9.2129,3005.4343,33.5875,15.0704,1.1967,9.4657,17.4048,0.1279,15.5466,0.1064,1.2087,0.0181,0.9489,265.0461,1.6124,54.2468,0.7667,9.7244,1.8132,0.1289,16.8672,0.0906,0.1919,0.0139,4.7333,58.4087
02/04/2023 07:00,1,D,0.2703,65.8763,1.2671,3.0113,0.0743,4.9195,5.8917,1568.7886,32.4381,18.0521,1.7095,9.3731,11.99,0.0899,14.1788,0.2026,2.6742,0.0289,0.4607,188.0211,2.1788,50.9675,0.9209,11.007,3.3654,0.1098,14.3665,0.2224,0.5344,0.0028,4.6743,56.2675
02/04/2023 19:00,2,C,0.3427,73.6938,0.8788,2.2143,0.0686,4.2707,10.8488,2751.5163,36.5076,11.181,2.4195,7.8435,12.1292,0.1585,15.2365,0.0872,1.546,0.025,1.0251,248.0475,1.1453,50.9966,0.7747,8.5944,3.4244,0.1638,22.1598,0.1382,0.2497,0.0,3.9604,54.5009
03/04/2023 07:00,1,D,0.3743,97.9047,0.7651,1.6515,0.0827,4.9776,8.3698,5276.2681,36.9768,14.8846,3.2224,10.6889,10.9444,0.1492,18.4646,0.1157,1.4135,0.0241,1.0359,316.2829,1.8563,48.7711,1.0612,9.6354,4.6404,0.1867,23.628,0.1326,0.2436,0.0068,4.476,57.1817
03/04/2023 19:00,2,C,0.3528,49.7179,0.7318,2.3663,0.1038,3.9225,7.5713,1671.2239,35.625,13.1369,3.6005,9.2943,12.8793,0.1111,10.5656,0.2112,2.7566,0.0276,0.8117,208.1702,1.4726,50.8347,0.8825,11.7606,4.2125,0.1348,13.9338,0.1808,0.2816,0.0021,3.8897,49.0603
04/04/2023 07:00,1,D,0.2268,77.8356,1.006,2.0571,0.0736,4.5097,4.8014,2443.8216,30.1189,8.074,2.7596,7.975,21.2685,0.091,16.773,0.1478,1.9064,0.0252,0.7727,231.0423,1.7198,49.7834,0.9931,9.5422,3.1303,0.1091,20.5473,0.1687,0.2428,0.0122,3.4975,52.8534
04/04/2023 19:00,2,C,0.3382,121.1925,1.2042,2.3715,0.0667,6.04,6.9114,3433.1342,31.9592,12.6048,1.8252,8.7682,15.7324,0.1078,27.1,0.1258,1.7781,0.023,0.7307,330.6491,2.2256,49.6559,0.967,12.0838,3.6814,0.133,38.8965,0.2067,0.3257,0.006,5.9201,53.05
05/04/2023 07:00,1,D,0.1983,69.7883,0.8138,2.1403,0.0853,4.533,7.9826,3305.5046,29.9911,13.0595,3.4001,10.7563,14.2599,0.0885,15.3666,0.1074,1.9669,0.0354,0.7866,343.3076,2.6394,50.6893,1.0168,10.6102,3.742,0.0948,18.0857,0.1429,0.2437,0.0078,3.9072,54.2936
05/04/2023 19:00,2,C,0.2435,66.5131,1.1866,2.5438,0.0849,4.1945,3.8865,2227.3337,26.8772,12.5865,2.2209,9.4822,20.0226,0.0912,18.0438,0.096,2.2782,0.0235,0.5443,179.8262,0.7573,48.3855,0.7819,11.4118,3.068,0.0933,17.7321,0.2212,0.3441,0.0076,4.4508,60.8466
06/04/2023 07:00,1,B,0.3147,108.2355,1.336,3.7135,0.1188,4.7086,11.3663,2788.352,31.1329,13.5103,2.3594,7.4556,17.5867,0.1198,20.101,0.2055,2.8162,0.0362,0.7936,249.4302,1.6121,52.4964,0.7759,9.8576,3.2125,0.1326,25.9132,0.2788,0.3877,0.0079,4.182,52.4766
06/04/2023 19:00,2,A,0.5009,77.2553,1.0145,2.1324,0.097,4.5142,14.5428,2413.3293,41.0126,12.0083,3.1561,7.2395,8.6418,0.1255,11.6962,0.2264,1.6452,0.0217,1.2729,244.1095,1.8459,52.1931,0.7051,9.2672,1.8122,0.1715,17.575,0.2063,0.3209,0.0138,4.2444,56.0711
07/04/2023 07:00,1,B,0.5797,117.8707,0.9167,2.3643,0.16,5.1998,11.0926,3787.6413,34.9105,13.9759,3.9253,8.4004,9.4772,0.157,23.5058,0.1876,2.2744,0.0718,1.049,226.1626,1.2099,52.3907,0.8449,9.6968,2.069,0.1892,24.9613,0.2045,0.3703,0.0321,4.4469,47.4909
07/04/2023 19:00,2,A,0.4063,106.9258,2.145,5.9869,0.1999,6.8869,4.8915,1845.019,37.6293,15.3621,2.2502,8.6873,10.0204,0.1044,23.2389,0.453,5.7584,0.0876,0.339,169.817,1.5368,51.5594,1.1778,10.1431,1.6176,0.1243,30.0541,0.4271,1.0595,0.0137,6.0699,53.5566
08/04/2023 07:00,1,B,0.4664,96.1393,1.0409,2.6746,0.0724,4.684,10.5255,2838.0924,37.2749,10.5381,1.7945,7.1674,10.8826,0.1907,18.5213,0.2303,3.0854,0.0397,0.8256,202.7852,1.7578,49.0977,1.0751,10.8687,5.2357,0.1789,24.376,0.2215,0.4433,0.0194,4.3526,56.7982
08/04/2023 19:00,2,A,0.4449,67.8561,1.2127,2.6444,0.148,5.4882,11.2751,2170.4369,36.8953,13.2852,3.0011,9.3887,12.3212,0.1812,19.3181,0.2422,3.0117,0.0648,0.9472,141.1621,2.9129,51.9665,1.363,10.223,3.0869,0.2065,20.8244,0.3557,0.3884,0.0194,5.4812,56.7058
09/04/2023 07:00,1,C,0.2601,68.906,0.8093,2.1259,0.09,4.8919,7.2001,2859.3006,33.0519,9.8537,2.7045,8.3912,13.6402,0.1194,16.162,0.1897,2.3271,0.0511,0.8918,185.4111,1.4213,50.5108,1.0276,10.3769,3.1334,0.1319,20.2748,0.2194,0.3831,0.0196,4.6291,51.9567
09/04/2023 19:00,2,D,0.449,87.0172,1.9428,3.5524,0.1295,5.8137,8.1191,1759.5586,38.573,13.2101,1.5015,8.8195,11.4634,0.2036,16.5579,0.268,2.9631,0.0763,0.7269,148.1515,1.6705,47.706,0.9465,11.1019,5.1856,0.1711,21.1894,0.3545,0.6412,0.0229,4.9025,61.7277
10/04/2023 07:00,1,C,0.4619,96.4658,0.8502,1.5056,0.0834,5.3914,9.6311,3192.7216,32.7424,16.2191,2.697,8.9921,14.1217,0.1412,15.6723,0.1136,1.417,0.0227,0.8928,205.266,1.6444,54.2958,0.7307,8.9578,1.8911,0.1623,23.2091,0.1425,0.1738,0.0142,4.5606,57.883
10/04/2023 19:00,2,D,0.5083,89.951,0.9741,3.6122,0.1451,4.5936,10.7036,2129.6799,39.617,12.9571,5.6483,9.1315,7.2981,0.1981,15.8545,0.266,2.6233,0.054,0.752,167.3034,2.5387,51.4416,1.437,9.7338,4.5825,0.2303,21.7468,0.2448,0.5736,0.0308,3.9019,45.6863
11/04/2023 07:00,1,C,0.4141,86.6723,1.1555,2.4008,0.0903,5.4512,10.7621,2406.0067,39.956,14.5294,1.6651,9.5767,15.4381,0.1516,19.2731,0.1862,1.925,0.026,0.8865,243.6864,1.8643,47.9551,0.6994,10.534,4.7666,0.1897,23.0982,0.1958,0.6197,0.0215,5.3517,59.0604
11/04/2023 19:00,2,D,0.7169,56.6933,1.2842,2.3334,0.1187,4.7606,17.6699,1782.5431,38.6356,9.6034,2.4938,8.7865,11.6894,0.17,11.6809,0.2058,1.6499,0.0241,1.0799,226.6198,1.4588,52.9687,0.8983,8.2161,1.996,0.2229,12.5676,0.2538,0.2697,0.0062,3.989,50.3351
12/04/2023 07:00,1,C,0.5402,110.8902,1.4233,2.5205,0.1304,5.3435,12.4679,2447.8693,42.3175,11.0085,2.4549,8.0485,8.106,0.1729,34.1423,0.1618,2.1011,0.0283,0.874,234.9808,1.8619,50.1946,0.7645,8.6632,1.8433,0.1699,36.3043,0.2307,0.411,0.0176,4.9567,52.5718
12/04/2023 19:00,2,D,0.2638,123.2623,2.2625,4.4493,0.1435,6.1408,8.9456,2264.9913,37.0126,13.7541,2.1673,7.3992,11.4039,0.1557,24.0213,0.3049,3.5237,0.0631,0.6365,165.3093,1.5538,51.8446,0.8842,10.327,3.4178,0.1335,31.5624,0.4207,0.7644,0.0159,5.0241,48.6563
13/04/2023 07:00,1,A,0.3048,60.1591,0.6178,1.8933,0.0617,5.0533,11.2265,2703.9291,33.9222,13.3533,2.9797,8.4018,11.9108,0.1064,11.8634,0.1687,1.9255,0.0229,1.005,271.9803,2.5442,51.161,1.3046,9.7613,3.4532,0.1386,16.8664,0.1612,0.2176,0.0056,5.032,48.558
13/04/2023 19:00,2,B,0.2088,64.2036,0.5377,2.4128,0.0723,4.0729,5.5058,3719.9275,35.0566,12.9449,2.7648,8.3617,13.9895,0.0866,15.5265,0.0893,1.8862,0.0215,0.4984,217.5387,1.2403,51.7774,0.8836,8.7339,1.7626,0.1513,18.5587,0.105,0.3673,0.0,2.9131,54.0691
14/04/2023 07:00,1,A,0.2461,85.2703,0.7935,2.018,0.0609,4.7595,11.4051,3925.0414,34.7814,11.6259,2.547,9.1143,14.9737,0.1009,19.5738,0.078,1.6683,0.0185,0.8469,225.0656,1.7096,52.1272,0.8801,10.1372,2.4553,0.1054,22.6989,0.134,0.3047,0.0038,3.9668,52.5363
14/04/2023 19:00,2,B,0.3869,84.6043,1.7674,4.4734,0.1202,5.4962,7.329,1395.1964,36.0771,10.6206,1.7869,7.9577,13.7995,0.1127,19.6859,0.1805,3.5169,0.0505,0.81,160.0293,1.1392,49.8666,0.7676,10.3288,4.3611,0.1006,22.7117,0.3031,0.6967,0.0165,4.1043,57.7895
15/04/2023 07:00,1,A,0.3439,73.7309,1.2573,3.9885,0.1278,5.1609,9.4046,2625.2954,32.9215,12.0481,2.4516,7.7495,18.0532,0.1235,19.3539,0.1424,3.3658,0.0477,0.6243,256.3531,0.7396,50.6277,0.4147,9.3301,5.8252,0.1425,20.9204,0.1885,0.6442,0.0161,4.7898,
15/04/2023 19:00,2,B,0.384,104.9957,1.1652,2.6494,0.1894,4.9289,10.1273,2700.1265,35.0788,15.078,5.6077,10.1057,12.3019,0.1488,14.3956,0.2079,2.4223,0.0611,0.916,216.4351,1.4651,50.2804,1.1531,11.354,1.8918,0.1423,23.277,0.2304,0.4106,0.0267,4.3125,
16/04/2023 07:00,1,D,0.3339,63.3981,1.1732,3.3567,0.1645,5.6013,7.3524,2215.1415,33.9122,12.4685,3.8501,9.5495,12.7577,0.1373,15.6373,0.2132,2.5534,0.0623,1.1167,216.3739,1.6887,48.8548,1.2494,10.2586,4.7175,0.1354,19.8954,0.3098,0.5543,0.0181,4.7089,57.9623
16/04/2023 19:00,2,C,0.257,73.6437,0.6098,3.0304,0.0556,4.5913,4.8204,3719.0004,28.168,16.2368,1.9851,8.8995,19.1216,0.0752,15.9597,0.1546,2.9028,0.0355,0.5071,178.3903,1.6623,53.0591,0.6672,9.7297,2.6161,0.1056,18.1468,0.1307,0.4785,0.0025,4.5655,52.3094
17/04/2023 07:00,1,D,0.3378,105.427,0.915,2.1552,0.0942,4.8639,9.2828,3172.7004,34.6323,17.0442,3.9407,9.1814,12.6181,0.1424,24.8272,0.1783,1.992,0.0315,0.7869,195.3526,1.1984,50.7762,0.8979,11.835,5.6287,0.1236,28.7397,0.185,0.4054,0.0093,4.662,52.4783
17/04/2023 19:00,2,C,0.3066,56.8648,0.513,1.1329,0.0421,3.8938,9.3717,3069.7741,32.2518,10.3529,1.7545,9.0919,17.6201,0.1157,12.5534,0.0116,0.7868,0.0158,1.4745,330.9337,0.6837,51.1358,0.6722,9.2081,3.1654,0.1145,16.7425,0.0672,0.1364,0.0007,3.6193,49.3719
18/04/2023 07:00,1,D,0.4147,122.295,0.8564,2.7239,0.079,4.8502,8.8417,3429.7083,35.1618,12.3737,1.966,7.3408,15.628,0.1584,25.8456,0.2531,3.0593,0.0433,0.815,292.8183,1.6206,48.6845,0.8749,8.631,3.6509,0.1871,36.7718,0.256,0.6258,0.0031,5.0642,54.7374
18/04/2023 19:00,2,C,0.327,54.8709,0.9311,2.8732,0.1058,5.1534,12.9362,1679.978,38.6789,13.6339,2.7958,7.5458,6.8737,0.1236,13.0344,0.1144,1.792,0.0326,0.6952,145.1515,1.6768,51.8697,0.9042,9.4737,3.1633,0.1412,15.9159,0.1199,0.4782,0.0246,3.9551,60.471
19/04/2023 07:00,1,D,0.2745,94.0576,1.4267,2.6579,0.0994,4.9898,7.0921,2857.8888,30.6125,17.9732,2.8971,10.8882,10.7675,0.0978,20.6781,0.1685,1.711,0.0258,0.7007,250.0112,1.9155,52.8919,0.7958,10.1206,2.343,0.1088,26.1183,0.2689,0.5665,0.016,4.8612,53.6543
19/04/2023 19:00,2,C,0.4046,128.8193,1.4787,3.2169,0.1043,5.4664,9.8451,3378.3143,35.4896,13.0703,2.8883,8.9521,13.7293,0.1867,25.9702,0.2309,2.7157,0.0347,0.7179,269.0951,1.5742,51.741,0.9496,10.1695,4.6277,0.182,34.8808,0.2691,0.4587,0.0114,4.7526,52.5288
20/04/2023 07:00,1,B,0.3528,81.4229,0.988,2.5172,0.1029,4.2991,7.972,1660.3992,33.7139,10.8015,1.9522,7.2556,16.8826,0.1378,18.209,0.0779,1.6233,0.046,0.9022,229.3571,1.7013,51.738,0.848,8.464,2.6842,0.151,21.9582,0.1642,0.4009,0.019,4.513,57.0399
20/04/2023 19:00,2,A,0.4064,88.8209,1.1158,2.3008,0.0723,4.4396,5.6896,1913.6612,29.9508,15.9454,1.8076,7.7296,19.3414,0.1741,24.6147,0.1603,2.1516,0.0441,0.7842,211.2886,1.4077,51.9967,1.1092,10.0635,3.0499,0.2195,27.8316,0.216,0.2473,0.0024,4.2011,65.0178
21/04/2023 07:00,1,B,0.4145,98.7805,1.1109,2.856,0.0875,5.0825,7.6683,3395.4209,30.8087,15.086,3.2301,10.4477,13.1599,0.1939,25.4954,0.1842,3.1962,0.0399,1.0253,227.3853,1.7947,53.4404,1.1707,10.4961,2.0261,0.2094,29.1288,0.2144,0.4443,0.0088,4.8387,
21/04/2023 19:00,2,A,0.504,95.2351,1.3875,3.8339,0.1703,5.2946,13.0729,2091.3706,35.8332,12.1175,3.4471,7.3456,12.6692,0.1486,14.1147,0.1762,3.8688,0.0673,0.8809,175.7548,1.7595,51.3014,1.1848,10.5794,3.0584,0.1461,17.1773,0.2393,0.5201,0.0218,4.6216,51.9646
22/04/2023 07:00,1,B,0.3764,118.5728,0.7614,2.5724,0.0754,5.021,7.3322,4191.0354,35.3897,14.9078,1.5008,9.0434,11.7126,0.1846,34.603,0.1662,1.8496,0.0364,1.1282,423.7245,2.1099,51.1726,0.6578,10.7983,3.0204,0.1756,45.0398,0.1541,0.6889,0.0169,4.5441,58.5672
22/04/2023 19:00,2,A,0.273,100.7798,1.8379,3.8429,0.115,5.0688,5.2325,2568.5841,39.7494,13.1129,2.3199,8.2725,11.5661,0.1352,26.6807,0.5309,3.5669,0.0764,0.8418,260.5636,2.8454,50.9334,1.2037,11.3118,3.1419,0.1243,32.5482,0.6451,2.762,0.0287,5.2964,54.9362
23/04/2023 07:00,1,C,0.4649,122.1316,2.2584,4.9474,0.1194,5.3118,11.3678,2933.1589,40.6335,12.6553,2.2321,7.4729,11.1097,0.156,22.8777,0.2743,3.5405,0.0436,0.7406,153.1559,1.6827,48.8859,0.7285,11.4683,3.9121,0.1748,28.0932,0.3844,0.695,0.019,4.8416,52.7255
23/04/2023 19:00,2,D,0.1582,104.2462,0.5237,1.9954,0.0477,4.3078,4.7455,4340.9153,30.8196,10.0327,0.6392,8.0611,18.6651,0.1431,26.8983,0.1197,2.0171,0.0324,0.8918,385.9262,1.0082,49.9482,0.4836,8.8424,2.5427,0.1304,30.8146,0.0967,0.2616,0.0061,3.7821,59.3213
24/04/2023 07:00,1,C,0.2728,105.5407,0.564,1.2504,0.0259,4.2158,5.037,3704.5384,31.1746,11.2825,1.4095,8.43,18.4774,0.0786,18.6514,0.0755,0.7601,0.0236,0.786,303.626,1.5258,50.0815,0.978,10.0744,4.6275,0.1211,25.504,0.1017,0.2275,0.0033,4.0839,53.5312
24/04/2023 19:00,2,D,0.3874,69.84,0.9044,1.8074,0.0817,4.655,10.3422,3698.361,33.948,8.8417,3.251,9.9131,15.5771,0.1407,13.7393,0.1996,1.3839,0.024,0.903,249.4521,2.3404,50.7043,1.0986,11.0021,3.0809,0.1626,15.6844,0.2133,0.4829,0.009,4.4813,50.5172
25/04/2023 07:00,1,C,0.3745,82.2402,0.9829,2.0242,0.058,4.7425,6.145,2582.9745,32.558,15.4601,1.6276,9.0305,15.1505,0.1378,15.5832,0.0491,1.4243,0.0138,0.7852,256.6726,1.6277,50.4462,0.4987,8.5856,4.4703,0.168,19.8307,0.1071,0.236,0.0033,4.4433,56.374
25/04/2023 19:00,2,D,0.3395,101.6524,0.9901,3.3347,0.154,4.6891,8.8766,3209.7507,33.935,11.0301,3.6586,7.9336,10.116,0.1201,18.5007,0.171,2.3419,0.0866,0.6799,273.1708,2.0972,50.7778,1.1544,10.8812,3.3431,0.1229,23.3991,0.1925,0.6344,0.0241,4.8753,51.268
26/04/2023 07:00,1,C,0.2761,64.3396,0.6237,1.5346,0.0731,3.8062,6.855,2567.7362,36.673,17.2456,3.0455,9.3215,10.1548,0.1017,16.6949,0.1532,1.3361,0.0332,0.6924,228.0657,2.0453,54.263,0.7122,7.9279,3.963,0.1356,18.9456,0.1747,0.2164,0.0177,3.8262,53.7576
26/04/2023 19:00,2,D,0.8598,90.1972,1.7171,2.9874,0.1337,4.4849,17.3531,2240.7875,39.5429,8.2751,2.4554,6.6448,12.4989,0.1993,14.5189,0.1986,2.5871,0.0275,1.6604,198.8424,2.448,52.8975,0.9066,9.4324,2.3497,0.2339,18.0505,0.2932,0.3415,0.012,4.2795,46.7734
27/04/2023 07:00,1,A,0.338,104.4918,2.2055,5.8981,0.1892,4.8902,5.5529,1593.0896,40.615,12.1152,2.2779,8.2024,11.2794,0.1484,28.7781,0.3643,5.2923,0.1045,0.5666,195.6218,2.3945,50.5363,0.9167,9.5941,3.2933,0.1466,34.7299,0.4589,0.9865,0.0282,4.9558,53.3812
27/04/2023 19:00,2,B,0.7391,83.507,1.806,3.7599,0.1538,4.8262,16.303,1311.6236,36.2089,7.1496,4.3411,6.9985,13.7182,0.2,16.0345,0.156,3.0721,0.0581,1.4753,114.9442,1.3269,54.5312,1.1003,9.7106,0.8656,0.2276,20.063,0.2537,0.4638,0.0173,3.9858,48.5152
28/04/2023 07:00,1,A,0.3179,88.5302,0.7753,1.8722,0.0568,4.3279,3.2311,2434.5688,33.1463,10.7699,1.2865,8.0627,23.8668,0.1072,16.7754,0.1498,1.9655,0.0282,0.918,238.5785,1.9281,47.4419,0.7758,12.0755,5.2615,0.1409,23.666,0.1635,0.3947,0.0105,3.5455,59.9907
28/04/2023 19:00,2,B,0.4463,96.093,0.8122,2.4872,0.0801,4.7674,6.7696,2286.0581,37.8902,12.3074,2.6551,8.5491,15.0882,0.1247,16.0333,0.1038,2.5352,0.0384,0.8103,175.4547,1.0016,50.3727,1.0506,9.6036,4.0626,0.1633,20.9548,0.1356,0.3394,0.0155,4.2878,53.8241
29/04/2023 07:00,1,A,0.2965,82.9124,0.6106,1.5302,0.0583,4.5936,9.0175,3498.646,35.1169,13.8619,2.6197,8.0026,14.4711,0.0934,17.5237,0.1202,1.0224,0.0316,1.1791,240.0704,1.8949,48.6909,0.8664,11.0923,4.2424,0.1124,21.3828,0.1096,0.2509,0.0127,4.1957,49.4771
29/04/2023 19:00,2,B,0.3031,95.3248,1.3638,2.3924,0.0722,4.3652,9.9901,2589.458,36.4637,11.4265,1.4626,6.6586,12.3301,0.1055,15.9019,0.1917,2.6098,0.0228,0.7959,160.4233,1.622,53.1088,0.5891,9.1602,2.0989,0.1052,24.1457,0.3103,0.5503,0.0176,3.8744,49.7334
30/04/2023 07:00,1,D,0.7581,98.1255,1.7327,3.0365,0.0929,6.0381,10.5639,2289.7642,36.8956,14.296,1.586,6.5593,10.3144,0.2777,17.5104,0.2222,2.8986,0.0382,1.3055,233.6035,2.214,52.5811,0.6506,8.9251,1.1876,0.2871,22.926,0.2995,0.3347,0.0122,5.043,62.142
30/04/2023 19:00,2,C,0.1956,80.4062,0.8629,2.0993,0.0646,4.4168,10.9605,3547.3168,42.1953,11.2247,1.8459,8.6034,11.3719,0.1355,13.7326,0.0487,1.3684,0.0173,0.8552,282.5178,1.5755,50.6274,0.4667,9.6413,5.0651,0.0928,19.851,0.0883,0.2819,0.0079,4.5422,55.337
01/05/2023 07:00,1,D,0.3044,47.2581,1.2338,2.6799,0.0889,4.3049,7.8084,1413.4409,38.1532,14.3883,2.6605,9.7687,13.8735,0.1041,9.2574,0.1173,2.0855,0.0281,0.6587,169.8583,1.7171,51.5363,0.7276,9.2357,3.755,0.1267,13.12,0.1758,0.6833,0.0135,4.0277,59.2274
01/05/2023 19:00,2,C,0.3837,128.0113,0.9161,2.5381,0.0757,4.0345,10.2953,3973.3402,38.911,13.4589,2.2629,8.8895,13.7928,0.2543,30.6562,0.213,2.5636,0.0317,,,,,,,,0.2738,36.9066,0.2563,0.4161,0.0026,3.7603,59.5252
02/05/2023 07:00,1,D,0.4093,113.1147,1.1451,3.5594,0.0875,4.7612,5.4231,2010.3536,36.3567,13.1985,1.694,8.6306,15.764,0.1281,19.8742,0.1783,2.3741,0.047,0.622,217.2616,1.1267,53.2375,0.6388,10.3619,3.9206,0.1751,27.9535,0.2,0.7886,0.0242,4.6798,
02/05/2023 19:00,2,C,0.1769,75.7697,0.4802,1.4811,0.0344,3.8147,6.1158,4177.878,31.0913,12.6064,1.8885,10.0457,17.4042,0.0723,16.4317,0.074,0.7631,0.0193,1.0182,523.774,1.402,47.9057,0.8737,9.6579,3.1069,0.0913,20.6738,0.0882,0.1822,0.0,4.0054,54.2477
03/05/2023 07:00,1,D,0.1629,71.5196,1.178,2.4326,0.0839,4.4019,3.2017,1899.8232,38.704,13.063,2.2303,7.7827,14.6572,0.0947,16.5359,0.1071,2.3403,0.0277,0.477,222.9386,1.4723,50.6932,1.0438,11.3925,4.0917,0.072,20.7836,0.1677,0.5043,0.0168,3.6725,55.1521
03/05/2023 19:00,2,C,0.5874,57.7167,1.2925,2.4919,0.0373,4.7706,10.7458,1368.8782,31.8025,11.4276,0.8759,7.848,22.8018,0.1957,8.8185,0.0618,1.9059,0.0183,1.1144,144.5627,1.5985,47.335,0.625,9.9148,5.6954,0.1949,12.5235,0.0926,0.477,0.003,3.8747,56.3485
04/05/2023 07:00,1,B,0.4619,112.3596,1.1678,2.8253,0.0837,5.5219,8.3304,3395.6371,40.0134,17.3118,2.1238,8.2739,9.9097,0.1705,23.5578,0.1663,2.2855,0.0329,0.9599,211.8696,1.2929,50.2098,0.7063,8.5345,3.7718,0.2163,28.2856,0.2175,0.4498,0.0094,5.0825,55.8071
04/05/2023 19:00,2,A,0.3663,51.8489,0.8761,3.3491,0.1349,4.5898,9.1035,2070.5426,34.755,9.1595,2.2454,7.6011,12.9819,0.1152,11.2776,0.108,3.3364,0.0613,0.7867,170.1803,1.7269,48.0109,1.0531,10.5868,2.8448,0.1437,13.8686,0.1816,0.4414,0.0181,4.4653,52.3782
05/05/2023 07:00,1,B,0.1286,57.8143,0.2853,1.4101,0.0374,4.2614,8.3949,5834.3116,31.4748,11.0483,2.9618,7.3252,8.6171,0.071,16.4268,0.0555,0.9653,0.0208,0.9188,308.5405,1.3307,52.4732,0.8316,7.887,3.1917,0.0696,17.8264,0.0743,0.2232,0.0078,3.5682,55.9571
05/05/2023 19:00,2,A,0.4516,123.5078,1.1492,2.5503,0.1166,4.8839,8.4991,3439.5558,38.2464,13.0359,3.1863,8.5296,10.4397,0.2239,28.5467,0.163,2.2385,0.0542,0.7076,264.4896,1.6609,55.3224,0.9763,9.7014,1.9731,0.2261,35.0579,0.251,0.4352,0.0218,4.4676,53.0218
06/05/2023 07:00,1,B,0.389,92.66,1.127,3.6149,0.199,4.8449,9.645,2940.4855,40.5683,10.0446,5.1613,8.9283,11.3284,0.1303,21.4312,0.2482,3.1321,0.0773,0.3904,152.6005,1.4149,49.3613,1.1142,10.6172,3.7293,0.1444,26.6644,0.2544,0.592,0.0273,4.2511,52.0828
06/05/2023 19:00,2,A,0.2369,135.1289,1.0251,1.8426,0.0791,5.1562,2.9947,3459.2447,34.0208,14.9809,1.1287,8.4835,18.0885,0.0794,28.4389,0.1993,1.7473,0.0236,0.5479,302.0862,1.1914,53.6175,0.6863,9.4827,1.988,0.1028,35.0029,0.2134,0.4466,0.0067,4.876,55.6357
07/05/2023 07:00,1,C,0.5175,93.473,1.8955,4.6537,0.1533,5.0456,8.9042,1380.0577,45.4667,11.2849,2.7443,6.1789,12.7445,0.1328,18.7331,0.2252,4.0082,0.0563,0.8979,208.3151,1.122,53.0097,1.1235,10.2768,2.1091,0.1674,26.8599,0.3345,0.8787,0.0154,4.9545,53.6718
07/05/2023 19:00,2,D,0.634,97.5628,1.3352,3.4976,0.081,5.8799,8.9501,2329.7493,32.0402,13.4514,1.8255,8.3327,20.5702,0.218,16.4054,0.1923,2.9446,0.0424,0.9868,183.4876,1.4917,51.7968,0.7767,10.6411,7.1129,0.2481,22.693,0.2285,0.4979,0.0115,5.0491,57.3571
08/05/2023 07:00,1,C,0.4206,88.9161,1.2141,2.842,0.1484,4.2129,6.8538,1306.333,33.2138,12.5357,2.0722,6.838,17.8126,0.1182,17.0405,0.1852,1.5875,0.0506,0.6194,129.3023,0.983,53.3906,0.7724,7.8612,5.4077,0.1344,21.3091,0.2207,0.3464,0.0112,3.8744,51.053
08/05/2023 19:00,2,D,0.5542,74.6173,1.0443,2.4331,0.098,4.878,12.4506,1886.2248,33.9539,7.7225,3.2272,8.0757,16.0818,0.1593,11.7407,0.1103,1.8111,0.0348,1.3371,152.9669,1.4899,48.7192,0.6328,9.7749,4.6472,0.1566,13.9806,0.1742,0.2827,0.0048,4.4171,60.8805
09/05/2023 07:00,1,C,0.5375,118.1243,2.7449,4.6331,0.1537,5.7148,7.6347,2004.0333,35.7247,14.9245,1.3934,7.5051,17.9319,0.1701,23.1157,0.3097,3.8537,0.0524,0.6805,177.629,1.6733,51.2981,0.7158,9.7112,5.477,0.2025,28.3356,0.4435,0.8602,0.0099,4.621,54.5789
09/05/2023 19:00,2,D,0.6115,69.3011,2.049,4.4321,0.2062,5.5378,10.91,1375.9093,40.1573,14.4384,2.569,8.4791,10.2421,0.1561,10.1462,0.2406,4.3923,0.0933,0.6211,92.4043,1.7068,51.4694,0.6636,10.2096,3.3417,0.1988,14.0317,0.3391,0.5519,0.0249,4.1909,54.6106
10/05/2023 07:00,1,C,0.2433,113.0861,0.5273,1.3683,0.0739,3.648,7.1702,4024.8494,32.7127,8.1071,1.6415,8.1708,15.374,0.1035,18.5589,0.09,1.2486,0.0062,1.3174,320.7054,1.646,51.5359,0.6967,7.7791,4.3958,0.1155,23.8407,0.0978,0.171,0.0,3.2839,51.5648
10/05/2023 19:00,2,D,0.4067,96.1417,2.1356,4.9306,0.1768,5.2509,9.1641,1896.8412,36.7526,10.9005,2.3136,6.6209,12.8595,0.1208,14.4466,0.168,3.8495,0.0761,0.5994,152.4978,0.4708,49.3198,0.942,10.9066,3.3572,0.1188,22.497,0.3082,0.7817,0.0225,4.6842,51.3217
11/05/2023 07:00,1,A,0.3559,59.1692,0.7944,2.3956,0.1112,4.644,10.7615,1959.8872,25.6235,13.291,4.264,11.0698,14.2031,0.1046,16.0575,0.1244,2.1932,0.0482,0.9424,267.576,1.0655,49.2587,1.5635,11.7419,3.7181,0.1491,17.5317,0.2121,0.2927,0.0065,4.1534,51.8957
11/05/2023 19:00,2,B,0.6303,100.1726,2.7513,4.9647,0.2526,4.6993,6.6084,1736.1208,45.9836,9.62,3.0637,6.7651,11.2458,0.194,25.7615,0.255,3.999,0.1005,0.6948,182.8236,2.9358,49.5522,0.9002,10.7241,2.6138,0.2354,28.3195,0.4979,0.9654,0.0236,4.7074,59.4589
12/05/2023 07:00,1,A,0.2665,95.8746,0.8238,1.9164,0.0403,3.9284,7.4923,2832.746,39.5849,11.6077,1.0843,6.2426,13.6582,0.0911,18.1473,0.0882,1.7359,0.0219,0.8624,331.9701,1.5101,53.6902,0.8217,10.0914,2.5009,0.1069,24.5536,0.1257,0.2901,0.0052,3.964,56.7084
12/05/2023 19:00,2,B,0.4765,93.1783,1.292,3.1443,0.0974,5.2195,8.7122,2280.5938,31.0647,10.7551,2.1161,9.1171,19.0892,0.1624,28.0074,0.1516,2.9212,0.1075,0.7345,201.1168,1.0457,50.698,0.8127,11.2316,5.8915,0.1871,30.243,0.2208,0.3669,0.0168,4.3068,52.7941
13/05/2023 07:00,1,A,0.3221,106.6697,0.9933,2.0972,0.1086,5.8062,8.5195,3915.587,32.7141,10.1925,2.9591,8.4059,17.006,0.1367,15.1613,0.1211,2.0246,0.0324,1.3053,331.3285,1.4722,50.4933,0.8818,9.8864,4.5471,0.1122,22.5221,0.1934,0.3397,0.0009,4.7787,52.3364
13/05/2023 19:00,2,B,0.2598,102.1777,1.2104,3.4492,0.0884,5.2686,9.0135,2201.8301,43.006,8.113,2.1006,7.0473,9.8974,0.1257,21.8682,0.2567,4.1178,0.0592,0.4132,228.7086,1.9281,52.3111,0.6789,8.9106,1.4315,0.1036,32.323,0.2674,0.7503,0.0272,5.0046,
14/05/2023 07:00,1,D,0.3173,119.6107,1.0944,3.1485,0.0666,5.1978,7.9765,3170.3469,36.1501,15.5471,2.7916,9.0693,11.1763,0.1471,31.451,0.1612,2.7476,0.0514,0.7737,205.1681,1.4759,49.2615,0.8492,10.5939,3.4122,0.1514,37.6642,0.2214,0.5526,0.0234,4.8655,61.0845
14/05/2023 19:00,2,C,0.4275,116.3557,1.0183,1.9163,0.0526,3.6596,6.9434,3110.0539,42.3826,9.191,1.4423,5.9006,11.9003,0.133,18.3181,0.1054,1.6142,0.0178,0.9701,227.7906,1.8713,52.2097,0.6544,8.3082,2.1593,0.1798,26.1108,0.1635,0.2526,0.0151,2.9931,49.5494
15/05/2023 07:00,1,D,0.2343,135.7,0.8876,2.4364,0.0925,4.5617,4.8313,3314.712,32.2472,13.9355,2.375,6.9786,12.6865,0.1428,22.446,0.0462,2.6719,0.0366,1.1476,237.6486,0.9604,52.4957,1.0989,9.1119,3.7028,0.1192,33.2383,0.1312,0.2666,0.007,4.0677,52.244
15/05/2023 19:00,2,C,0.1857,79.7034,0.5017,1.8753,0.0513,4.5099,7.9412,4419.2972,29.1295,12.9931,2.1941,9.1186,19.5814,0.0846,16.6943,0.0967,1.3481,0.0218,0.9163,291.0038,1.0867,53.1934,0.8892,8.6671,1.9175,0.0888,18.7639,0.1219,0.2942,0.0143,4.1415,56.8944
16/05/2023 07:00,1,D,0.436,89.2944,1.8537,5.1509,0.1986,5.0692,7.3434,1866.3492,35.8933,15.3411,2.7881,9.2122,12.578,0.1321,14.7843,0.2144,4.0119,0.0377,0.362,149.0841,1.0381,51.8151,0.7129,9.4039,3.273,0.1499,21.4902,0.2633,0.7776,0.0123,4.8268,48.293
16/05/2023 19:00,2,C,0.2397,61.737,1.503,2.9642,0.1185,4.6266,7.4352,2244.8951,42.1131,13.5199,2.6295,7.6495,8.7518,0.0984,14.4171,0.1403,2.5245,0.0215,0.6901,199.2848,1.7438,56.6694,0.7423,9.6782,0.9953,0.1028,16.9167,0.2235,0.4028,0.0139,4.1506,56.8974
17/05/2023 07:00,1,D,0.5667,78.5507,1.6014,3.4351,0.1424,5.6192,12.4494,1792.3959,39.117,12.8575,3.2517,6.7122,12.6724,0.2286,15.8364,0.1722,2.749,0.0539,1.0878,235.8944,1.1799,55.5913,0.6527,10.0249,1.5556,0.2015,18.6941,0.2531,0.5924,0.0169,4.489,51.5757
17/05/2023 19:00,2,C,0.4526,63.7611,0.9453,2.6623,0.1629,4.5774,13.7006,2110.2561,30.7355,11.169,5.948,10.1007,9.9237,0.1242,14.8827,0.1856,2.556,0.0446,1.15,197.5166,2.5554,51.3284,1.0061,8.5118,2.1788,0.1382,17.5262,0.2639,0.3887,0.0064,4.0463,50.7265
18/05/2023 07:00,1,B,0.3822,58.9634,1.0061,2.8649,0.1045,4.5949,8.9804,1358.4236,34.182,13.5949,2.5767,7.2256,15.4051,0.1404,13.7599,0.1388,2.5466,0.0409,0.7482,129.9437,0.8595,51.2989,0.7701,8.562,2.8493,0.151,18.6307,0.1552,0.3888,0.0153,3.9668,53.2567
18/05/2023 19:00,2,A,0.4158,80.6859,0.8496,2.6386,0.1161,5.182,4.7728,2668.4688,36.9874,15.8212,2.8244,9.2062,10.2121,0.1557,22.0457,0.3154,2.8473,0.0459,1.1168,255.3668,1.3814,50.6874,0.965,10.4137,0.9608,0.1519,24.8784,0.4388,0.4346,0.0107,4.9089,50.663
19/05/2023 07:00,1,B,0.3795,95.114,0.9532,3.0532,0.1348,5.3082,9.9936,3138.6368,41.97,8.7128,4.6969,7.708,12.9795,0.1899,22.9485,0.1711,2.3683,0.0341,0.8675,195.8518,0.8939,51.117,0.7963,9.0829,2.1664,0.2036,24.9954,0.1714,0.851,0.0126,4.7109,52.9887
19/05/2023 19:00,2,A,0.3308,83.8271,1.0932,2.257,0.0789,5.9332,9.0287,2376.5783,35.1917,11.301,2.5083,8.437,10.4405,0.1624,22.7684,0.1306,2.2676,0.0367,1.2249,266.6098,1.5658,54.3598,0.8937,8.2889,2.4697,0.1409,25.8419,0.1476,0.3167,0.0063,5.3516,50.2688
20/05/2023 07:00,1,B,0.1617,74.0143,0.3754,1.589,0.0628,3.9925,10.6049,4882.8812,35.6159,9.464,3.6462,8.964,12.001,0.0928,12.2162,0.0803,1.2934,0.023,0.7203,458.034,2.9404,49.6355,1.1023,10.9419,3.6498,0.0856,19.254,0.0737,0.4247,0.0189,3.6071,56.2062
20/05/2023 19:00,2,A,0.525,74.3173,1.3158,3.0928,0.1318,5.1858,7.3598,1438.7421,27.3115,14.0801,2.3514,8.5349,22.3118,0.158,10.883,0.1745,3.0146,0.0439,0.6936,158.5048,1.1167,48.3426,0.9707,11.978,5.8342,0.2007,18.127,0.2796,0.3554,0.0077,4.6121,52.4548
21/05/2023 07:00,1,C,0.3002,80.5644,1.075,3.4896,0.1376,4.9899,7.495,1527.7212,41.4868,14.2051,3.1097,8.8339,8.3968,0.115,22.4557,0.1081,3.3366,0.0806,0.6476,217.8063,1.3448,49.8714,0.9185,11.2981,1.3582,0.1456,25.6016,0.1593,0.4293,0.0174,4.2329,61.1838
21/05/2023 19:00,2,D,0.2346,84.6302,1.9581,5.1038,0.0958,5.4772,6.1528,2141.0279,33.6225,15.8688,1.8156,9.018,15.5985,0.1263,32.07,0.2211,4.5892,0.0671,0.3496,168.8865,1.2522,50.7212,0.6856,10.8434,5.4143,0.1229,30.3253,0.3411,1.0153,0.0054,4.7138,52.2674
22/05/2023 07:00,1,C,0.4418,106.6236,1.6392,3.8329,0.124,5.3661,10.5691,2661.3482,45.5908,13.4218,2.7938,8.6065,9.5988,0.1429,18.941,0.2108,2.088,0.0573,0.9915,215.8575,1.3586,49.8356,0.9923,12.2251,2.6077,0.1635,26.5247,0.311,0.8507,0.0251,4.9863,59.716
22/05/2023 19:00,2,D,0.4289,87.256,1.1426,3.4232,0.0833,4.1297,8.6118,2792.1433,41.5449,12.2831,2.099,6.7944,13.3078,0.1429,20.7976,0.2578,3.156,0.0167,0.7565,211.4992,1.379,54.5528,0.5858,8.8415,1.8463,0.174,26.7619,0.2513,0.4717,0.007,4.1231,52.9452
23/05/2023 07:00,1,C,0.3461,93.2587,1.1696,4.0983,0.166,5.7786,12.2568,2882.4576,39.2677,14.6391,3.2931,7.4646,9.5669,0.1325,22.1959,0.2063,3.628,0.0721,0.9501,195.9855,0.964,50.2303,0.9358,10.3161,3.4921,0.1111,29.0919,0.268,1.0966,0.0109,5.2778,56.4595
23/05/2023 19:00,2,D,0.3184,78.5337,0.7718,2.1382,0.083,4.609,6.7395,2295.5976,21.9805,10.9528,1.367,9.7582,31.0516,0.1452,15.3013,0.0764,2.0052,0.0493,0.8575,231.0919,1.3029,52.6579,0.9758,8.8709,3.2268,0.1607,19.1251,0.1314,0.2888,0.0044,4.0627,47.108
24/05/2023 07:00,1,C,0.3527,119.8952,1.7541,4.0415,0.1366,4.691,6.6502,2095.4982,35.669,10.6628,0.9425,8.8244,12.4363,0.1446,21.7168,0.2881,2.5356,0.0358,0.7437,263.3821,1.8574,53.8151,1.0019,10.2093,2.5203,0.1353,31.551,0.3381,1.3204,0.0113,4.0906,51.4163
24/05/2023 19:00,2,D,0.2823,79.8301,1.3104,3.132,0.0902,4.8078,5.7109,1663.9199,39.8538,12.2517,1.7644,6.9132,9.621,0.1076,21.194,0.1111,3.0045,0.0535,0.4724,136.6525,0.8767,51.2085,0.7449,9.9508,2.8071,0.1342,27.2102,0.1789,0.508,0.0151,4.3496,55.9545
25/05/2023 07:00,1,A,0.3772,43.4743,1.4072,3.3419,0.1545,4.53,7.4311,1112.402,33.749,12.9035,3.6265,8.596,12.7979,0.1402,11.7909,0.1745,3.5014,0.0737,0.838,164.7156,1.5879,48.9359,0.9258,10.0743,3.7155,0.1878,12.3098,0.288,0.4279,0.0216,4.1318,60.5565
25/05/2023 19:00,2,B,0.3011,64.6432,0.8013,2.188,0.0755,4.0854,8.5167,2523.8381,29.3761,11.5163,2.9276,8.3991,12.9777,0.1144,13.6037,0.2064,1.7107,0.0224,0.9446,187.446,1.7323,50.5018,0.8307,9.1056,3.9733,0.1239,18.0397,0.2181,0.4712,0.0074,3.3947,57.0751
26/05/2023 07:00,1,A,0.1752,70.7711,0.7419,2.7061,0.1096,4.4486,7.5586,3315.6207,40.4698,8.5201,3.8964,8.4711,13.8257,0.0928,12.8202,0.0831,1.3775,0.0302,0.8847,232.164,1.7538,48.5848,1.0247,10.081,3.0365,0.0885,16.5052,0.1323,0.4805,0.022,3.7026,58.8055
26/05/2023 19:00,2,B,0.3152,148.2082,1.1575,2.5106,0.1048,5.1493,11.061,3775.2487,32.2291,13.2075,3.6161,8.1001,12.7805,0.1318,22.5497,0.1649,2.1419,0.0449,0.6128,321.59,2.2403,50.8,0.9601,9.6431,3.1834,0.1192,29.3139,0.2037,0.3672,0.016,4.9029,50.1591
27/05/2023 07:00,1,A,0.5271,97.7761,1.0287,2.0732,0.0668,5.5903,8.2692,2673.9295,38.4609,11.4402,1.5226,7.5833,10.3381,0.2416,20.8487,0.3371,2.481,0.0415,0.8978,226.8406,2.2247,52.7456,0.8427,8.3806,2.1555,0.2451,25.5029,0.2509,0.645,0.0128,5.1312,57.2317
27/05/2023 19:00,2,B,0.4785,62.5227,0.8541,1.793,0.105,4.0008,12.6039,2438.2806,31.943,10.2803,3.2876,8.9956,16.3259,0.1648,16.8249,0.0902,1.5492,0.0248,1.4508,204.2854,0.7306,54.4505,0.9219,9.0716,2.9249,0.1904,19.9817,0.1457,0.2119,0.0082,3.8029,63.6305
28/05/2023 07:00,1,D,0.1464,71.4859,1.3489,3.3552,0.077,4.5505,5.0104,2640.974,31.9494,13.0327,1.5353,6.427,12.8625,0.0729,19.855,0.1397,2.8169,0.0211,0.5367,246.3792,1.2664,53.9684,0.5842,7.9075,2.9459,0.0595,19.5746,0.1919,0.5793,0.0072,4.1693,55.6802
28/05/2023 19:00,2,C,0.5393,53.3334,1.1029,2.8505,0.0584,4.9603,7.5282,1145.1738,32.3179,16.822,1.4512,8.1832,16.3477,0.1531,11.7085,0.1126,2.7235,0.029,0.9178,150.7227,1.7137,51.7219,0.6502,10.4527,5.3346,0.1842,14.8828,0.1551,0.3177,0.0047,4.8407,55.5398
29/05/2023 07:00,1,D,0.6358,64.0658,1.3045,2.7341,0.0635,5.8102,13.7265,1900.5597,42.0123,13.9202,1.8167,7.3876,14.5897,0.1909,16.3896,0.15,2.8015,0.0365,1.4212,265.9275,0.949,50.606,0.4718,8.3989,2.3442,0.2028,17.5343,0.2612,0.4139,0.0019,5.4347,57.0343
29/05/2023 19:00,2,C,0.5031,71.8885,1.3475,3.2735,0.1229,5.1318,10.719,1416.8539,41.2669,7.9732,2.6635,7.5239,12.8265,0.2293,18.2897,0.2097,3.429,0.0672,0.9271,133.5392,2.0598,51.5027,1.187,11.0165,2.6835,0.2597,23.2122,0.2872,0.46,0.0233,4.618,51.1067
30/05/2023 07:00,1,D,0.476,57.002,1.0688,2.789,0.0833,4.9824,9.1818,1887.1134,35.4867,12.2684,1.8664,7.922,19.7059,0.2037,14.919,0.1398,2.428,0.0349,0.9086,242.5311,1.2976,52.0653,0.7301,8.7784,2.9746,0.214,14.9108,0.2091,0.5579,0.0163,4.4102,60.2599
30/05/2023 19:00,2,C,0.3411,111.0719,1.1849,4.4967,0.1299,5.2516,6.4713,2971.8544,32.014,15.2824,3.5257,8.2122,13.9155,0.0851,20.4362,0.2711,3.9586,0.0711,0.6675,196.101,1.3854,52.8353,1.4501,9.9933,2.2545,0.1133,28.9894,0.2455,0.6915,0.0154,4.4529,50.7409
31/05/2023 07:00,1,D,0.448,87.9957,1.3105,2.4028,0.0683,4.2705,6.5462,3322.2214,38.3554,12.0137,2.0822,7.3281,10.6911,0.2094,17.3141,0.1027,1.9591,0.0158,0.9239,233.594,1.1267,50.6482,0.5613,8.6791,5.4301,0.224,22.3436,0.1715,0.3437,0.0054,4.099,69.0113
31/05/2023 19:00,2,C,0.1975,79.8073,1.2286,2.7597,0.0678,5.7201,4.1378,2588.5172,37.5791,15.0745,1.2819,8.101,11.1264,0.1,23.5399,0.1959,2.7521,0.0363,0.5103,244.7129,2.2226,48.9805,0.698,9.4715,5.1665,0.0948,30.874,0.2462,1.9874,0.0074,5.0587,56.7926
01/06/2023 07:00,1,B,0.4451,63.2569,1.4401,3.1223,0.1248,5.2,11.6939,2090.6611,37.0876,11.9564,3.6339,8.7083,14.5706,0.175,13.7463,0.1928,2.9336,0.0592,0.5064,179.2367,1.2989,51.6236,0.8291,9.8553,1.889,0.1882,16.1615,0.2498,0.5026,0.0157,4.6569,56.5111
01/06/2023 19:00,2,A,0.3904,97.9903,1.0036,2.6901,0.121,4.6708,7.6806,1741.4791,37.5207,11.4157,3.1876,8.0172,14.3092,0.1192,16.0383,0.2952,2.5369,0.0613,0.7178,194.4771,1.5658,57.5267,0.9089,9.5115,1.27,0.139,23.0963,0.2954,0.5033,0.0264,3.5692,49.4102
02/06/2023 07:00,1,B,0.2355,88.2616,1.1064,3.3772,0.0461,5.926,5.0745,3144.5575,40.0563,12.5686,1.7501,8.1612,9.9232,0.1127,24.463,0.3486,3.6229,0.037,0.3412,177.986,0.9959,56.0715,0.6471,9.8314,1.5848,0.1057,27.1076,0.311,2.5203,0.0069,5.2747,55.3098
02/06/2023 19:00,2,A,0.2112,105.861,0.741,1.5578,0.0457,3.8829,4.4423,3998.7847,31.9863,12.1393,1.2911,7.2078,12.7872,0.0953,31.0389,0.0583,0.9489,0.0137,0.6814,352.4448,1.9012,50.0023,1.1351,10.0151,4.4946,0.1265,39.7241,0.1425,0.3047,0.0042,3.2364,51.9596
03/06/2023 07:00,1,B,0.4311,63.2766,0.5673,2.1757,0.0887,4.7551,12.2906,2738.0251,26.4664,13.6525,5.3122,10.8378,15.0092,0.148,16.464,0.0783,1.9095,0.0416,1.0847,195.3379,1.2511,48.0063,0.8544,10.7117,6.7173,0.1589,19.5532,0.0895,0.4135,0.016,4.3502,50.8611
03/06/2023 19:00,2,A,0.3438,81.3164,0.8973,1.8666,0.085,4.7303,9.2,3124.0276,36.8579,14.6988,3.1461,9.5995,9.7847,0.1169,14.588,0.114,1.6904,0.0223,0.8496,302.228,2.8874,48.8351,0.7076,9.3172,3.1968,0.1265,19.7951,0.1178,0.3248,0.0096,4.3541,54.3545
04/06/2023 07:00,1,C,0.2286,109.8098,0.729,1.8256,0.0732,5.2896,3.2903,4053.1039,39.5122,7.2423,2.7393,7.1937,13.0727,0.1135,24.7883,0.1133,2.1353,0.0233,0.8352,296.9637,1.3665,48.5852,0.9469,8.6989,5.8018,0.1472,29.2365,0.1253,0.2534,0.0079,4.494,55.0397
04/06/2023 19:00,2,D,0.2179,95.4775,1.0531,2.2212,0.0797,5.1377,7.7567,3661.9033,40.366,12.7654,2.7057,8.7223,10.5311,0.1198,22.1063,0.1812,2.3933,0.0344,0.6574,371.5869,2.4181,51.3447,1.2121,12.6118,2.2011,0.1005,25.6127,0.2093,0.3188,0.0181,5.3086,54.295
05/06/2023 07:00,1,C,0.4966,66.8096,2.4373,4.0312,0.1703,4.5796,9.3142,1405.153,39.3106,13.9389,3.5401,7.2551,11.9417,0.1581,11.9761,0.3308,3.765,0.05,0.6835,115.1834,2.1275,52.4924,0.7541,10.2673,2.6137,0.1874,17.9839,0.486,0.6948,0.0221,4.2487,52.7403
05/06/2023 19:00,2,D,0.2613,116.9153,0.9483,1.8095,0.086,5.0875,6.7455,4028.5507,33.6772,15.5953,3.676,10.2483,9.1073,0.1416,31.935,0.0764,1.5332,0.0234,1.0002,374.3954,1.4018,47.0539,0.7026,8.9285,3.4621,0.1353,38.7348,0.1281,0.3286,0.0075,4.677,62.6471
06/06/2023 07:00,1,C,0.2024,79.4349,0.8406,1.8717,0.047,3.7429,6.8874,3003.0305,37.8339,12.458,2.6126,7.8674,12.1291,0.0858,14.4578,0.1617,1.329,0.0134,0.8067,172.7689,2.2109,48.5996,0.6896,8.7997,3.85,0.0782,19.4081,0.2045,0.3355,0.0069,3.3818,60.2438
06/06/2023 19:00,2,D,0.2977,68.0967,0.5993,1.6337,0.0569,4.2102,8.6306,3379.3711,33.5562,10.1246,2.5452,8.3692,16.7948,0.0732,13.3871,0.0653,1.2476,0.0233,1.1301,248.4975,1.4746,56.2707,0.7479,10.7407,1.5769,0.1026,15.4372,0.0868,0.2052,0.0134,4.0304,53.744
07/06/2023 07:00,1,C,0.3082,65.9191,0.8991,2.9022,0.0726,5.0437,7.6212,1777.2889,33.3685,10.953,1.7647,6.8898,20.9442,0.1221,18.9517,0.0775,2.7433,0.0227,0.6857,167.648,0.906,52.8661,0.5642,9.798,3.333,0.1411,19.2422,0.1228,0.528,0.0072,4.3258,62.8386
07/06/2023 19:00,2,D,0.3469,98.8525,0.9096,1.2088,0.0458,4.9054,8.4161,3995.3977,27.4766,16.0437,1.5253,9.0964,19.7212,0.132,18.1969,0.1849,1.1175,0.0166,1.3059,402.1551,2.4569,48.635,0.6289,9.4608,8.1436,0.1383,22.7998,0.225,0.2785,0.008,3.9253,55.4102
08/06/2023 07:00,1,A,0.3106,92.8822,1.6111,3.7173,0.1009,5.4484,7.1377,2247.2051,32.3755,10.9158,1.4942,8.6773,21.9222,0.1034,20.7285,0.1666,3.9423,0.0572,0.4862,176.0988,1.2747,52.5223,0.9241,11.069,2.8325,0.1426,27.0432,0.2263,0.7911,0.0211,5.0294,58.455
08/06/2023 19:00,2,B,0.4427,70.6533,1.2256,2.8193,0.1227,3.8698,7.0063,1589.7572,37.0156,8.8493,2.1795,6.2971,17.7536,0.0992,12.566,0.136,2.5598,0.051,0.6453,131.8853,1.8182,53.6245,0.9918,10.6494,1.3624,0.1316,18.1373,0.1825,0.4448,0.0156,3.6004,52.563
09/06/2023 07:00,1,A,0.189,101.5742,0.6161,1.8706,0.0566,4.5785,5.3866,3609.3403,31.281,14.198,2.4622,9.5338,12.9212,0.1079,19.2581,0.086,1.4787,0.0347,0.5997,238.221,1.5427,53.9876,1.1063,9.5875,1.5967,0.0795,26.2876,0.1006,0.2872,0.0123,4.258,54.6884
09/06/2023 19:00,2,B,0.3042,98.7488,1.8722,3.0682,0.1129,4.4732,7.6226,2149.1723,40.0273,14.8071,1.8343,6.2657,11.7802,0.1442,14.4975,0.1334,2.635,0.0362,0.5965,176.356,1.5926,45.6009,0.7071,9.2852,13.2658,0.1381,25.5006,0.138,0.451,0.0081,3.6962,66.9316
10/06/2023 07:00,1,A,0.175,62.0619,0.9384,2.3779,0.0787,4.3796,6.0806,2204.5586,36.3572,13.9688,2.7315,9.0792,11.4593,0.1149,18.4499,0.1557,1.823,0.0295,0.8839,251.0446,1.7891,48.5453,0.6773,11.4213,3.7345,0.0913,16.6297,0.1928,0.8471,0.0072,3.8627,53.1672
10/06/2023 19:00,2,B,0.2848,89.2565,0.6596,1.6933,0.064,4.3793,9.2988,3266.5737,30.5154,10.6275,1.9133,9.3304,20.7726,0.1733,32.0804,0.1688,1.5307,0.0237,1.4805,502.8191,1.5198,51.9336,0.7398,8.7992,5.0925,0.1821,45.3045,0.1757,0.3094,0.0033,4.1414,57.2467
11/06/2023 07:00,1,D,0.3975,55.1104,0.9227,1.6373,0.1111,4.3075,12.1611,2221.7615,32.1294,10.7625,4.8539,10.0478,16.3885,0.124,12.0103,0.0888,1.568,0.026,1.1675,222.4333,1.4621,50.9838,1.0094,8.7978,4.0823,0.1584,14.803,0.1571,0.2536,0.0023,3.8535,48.3491
11/06/2023 19:00,2,C,0.1394,72.7816,1.2373,2.6088,0.0983,4.2835,6.0719,1720.2861,29.0961,10.4941,1.2897,8.4551,25.6165,0.0742,13.4868,0.138,2.7204,0.0343,0.6089,232.929,1.6455,50.5072,0.5709,9.04,4.9658,0.0737,17.0513,0.2072,0.4855,0.0203,3.6505,56.5884
12/06/2023 07:00,1,A,0.2834,98.1319,1.3867,3.9506,0.1515,5.8431,7.7583,2400.6143,39.7209,16.293,2.3149,8.2275,9.8153,0.1073,16.0622,0.2892,4.4691,0.0935,0.3938,186.2072,0.4382,52.7301,1.2207,10.5259,2.7459,0.1045,23.6755,0.3111,0.6579,0.0206,5.1529,55.378
12/06/2023 19:00,2,B,0.3441,70.3543,0.5291,2.1651,0.0813,4.9907,9.5773,2332.8418,29.3325,13.2513,2.7322,9.1901,16.7153,0.1456,12.8804,0.1047,1.8946,0.03,0.5547,231.4098,0.6321,49.6625,1.0069,11.5213,3.0974,0.1555,15.7588,0.0925,0.2567,0.0096,3.7107,50.2187
13/06/2023 07:00,1,A,0.2039,93.9793,1.053,3.6714,0.1209,4.3786,6.4697,2433.0618,39.4311,13.0939,3.1946,8.4519,14.0838,0.1023,16.4742,0.1548,2.8767,0.0482,0.6067,187.3058,0.5571,53.6883,0.9915,9.1284,2.3153,0.0896,22.4611,0.1608,0.4195,0.0134,4.0418,55.4329
13/06/2023 19:00,2,B,0.4908,78.1692,1.2424,3.1263,0.1287,5.4589,10.085,1993.2511,41.2607,19.5625,2.9516,9.082,11.6038,0.2026,16.2787,0.0834,2.8411,0.0361,0.7606,164.9459,1.3347,49.517,0.94,12.4213,2.7645,0.2235,19.2583,0.1352,0.9475,0.0158,5.078,54.2405
14/06/2023 07:00,1,A,0.0826,63.5235,0.3183,1.3672,0.0377,4.248,5.5338,3908.9578,36.9845,9.8938,1.967,8.9368,12.0477,0.0644,19.8356,0.0273,0.9214,0.0167,0.7883,315.4161,1.8857,49.5106,0.6182,9.125,3.4771,0.0479,19.9157,0.0602,0.2936,0.0,3.7428,68.2564
14/06/2023 19:00,2,B,0.7235,54.9495,1.446,2.7156,0.1122,4.7671,12.0773,1459.5246,35.9158,9.5405,1.4786,7.206,14.9497,0.2047,13.3139,0.3036,2.5697,0.0554,1.0785,179.0528,2.4368,50.5367,0.8646,10.1234,5.4419,0.2521,14.9131,0.3539,0.3567,0.0237,4.235,59.6862
15/06/2023 07:00,1,C,0.3603,78.1122,0.8996,1.7714,0.0463,4.566,10.1422,2044.1827,32.0004,11.9795,2.0457,8.4344,27.948,0.117,15.6047,0.0715,1.6326,0.0282,0.9898,175.783,0.4715,48.4803,0.464,9.9757,4.3391,0.1507,17.7209,0.1325,0.2017,0.0087,4.2231,52.5109
15/06/2023 19:00,2,D,0.3004,92.7678,1.1274,2.2093,0.0739,6.4395,7.3402,2327.4288,39.9025,17.0164,1.9426,10.0654,11.5179,0.1537,20.4993,0.1823,2.2787,0.0299,0.7815,218.4124,1.962,54.5145,0.7461,9.9684,1.6865,0.139,25.1191,0.2184,1.5971,0.0157,6.1731,59.0837
16/06/2023 07:00,1,C,0.4844,83.0137,1.3441,2.867,0.1013,5.2181,6.7342,1762.7492,34.173,8.8914,2.7601,8.1853,16.4575,0.1852,15.9437,0.1301,2.4563,0.0409,0.7863,217.8835,1.3683,51.0868,0.7784,9.1308,2.4624,0.2288,19.4953,0.2406,0.4359,0.015,4.5735,58.9929
16/06/2023 19:00,2,D,0.4189,83.9709,0.9363,2.2535,0.0725,4.9402,17.1214,3329.4811,35.8437,13.0488,4.0598,11.7917,13.4085,0.1743,16.856,0.1876,1.8359,0.0325,1.6573,358.7926,1.7113,48.7935,1.0979,10.9675,6.4542,0.1735,23.7597,0.2561,0.5805,0.0241,4.4388,56.5917
17/06/2023 07:00,1,C,0.4964,82.1789,1.0036,3.4198,0.0872,4.5669,7.4478,1794.0878,37.6128,14.9114,2.8964,9.1122,14.9769,0.1701,13.9362,0.1642,2.714,0.0333,0.8721,256.7113,1.7357,47.4105,1.3891,11.0359,7.2581,0.1993,20.8304,0.1752,0.6119,0.01,4.8001,55.8671
17/06/2023 19:00,2,D,0.2586,76.6003,0.8045,1.8834,0.0542,4.3096,7.3653,3204.8271,36.203,13.4794,2.9521,8.7245,10.1958,0.0868,14.6332,0.0902,1.7369,0.0283,0.9397,272.0818,1.307,54.0377,0.8648,8.7885,1.5907,0.0989,19.8538,0.1159,0.3226,0.0012,4.0521,53.0326
18/06/2023 07:00,1,A,0.2789,76.2927,0.8327,2.1851,0.0825,4.4378,11.0168,2916.1242,33.2174,13.472,4.4388,10.3902,12.6339,0.1177,16.8763,0.1098,2.0845,0.0446,0.7734,239.4689,1.6862,53.8449,1.2834,11.2735,2.8198,0.1206,22.6214,0.2109,0.3966,0.0238,3.8515,49.6969
18/06/2023 19:00,2,B,0.3395,88.1737,0.5649,1.2285,0.0434,4.0758,7.0167,3310.588,27.0334,7.8137,1.6388,6.7462,21.9867,0.1422,15.9133,0.0999,1.0095,0.0125,0.9983,284.6937,1.1653,52.9839,0.7199,8.7275,2.5985,0.1786,18.9091,0.0934,0.3196,0.0,3.8878,56.7654
19/06/2023 07:00,1,A,0.2642,70.3979,1.101,2.851,0.1076,4.7388,7.5918,1681.5282,36.1146,10.6635,1.694,7.6872,11.9904,0.1327,15.6398,0.1172,2.9631,0.0549,0.9217,328.3233,1.541,48.0154,0.9245,10.444,3.0477,0.1319,19.493,0.1794,0.4524,0.0125,4.3789,58.6883
19/06/2023 19:00,2,B,0.506,56.2667,0.922,2.6983,0.0787,5.1158,13.0555,1878.6499,38.8957,15.5573,2.7752,9.1366,11.2534,0.1686,15.3566,0.0768,2.0647,0.0314,0.7707,267.7552,1.1741,49.1533,0.7899,8.6945,3.804,0.1716,14.9178,0.1411,0.3366,0.002,4.2741,48.8665
20/06/2023 07:00,1,A,0.1342,70.316,0.605,1.6748,0.0965,3.7539,6.5749,5015.8514,39.4168,11.3972,3.6666,9.0861,10.1365,0.0402,14.7354,0.08,1.2314,0.0266,0.4487,340.6495,2.377,47.602,0.9611,10.0545,4.279,0.0677,19.1551,0.1148,0.2494,0.0142,3.8552,55.287
20/06/2023 19:00,2,B,0.4486,63.6188,1.2953,2.3214,0.0554,4.8778,10.1489,1733.8811,39.464,11.83,1.3071,6.4717,16.5248,0.1626,12.1706,0.174,2.2335,0.0223,1.0848,160.2822,1.1988,53.9477,0.5859,8.5626,2.3218,0.2329,16.2815,0.2063,0.3523,0.0036,4.7608,58.6558
21/06/2023 07:00,1,A,0.4184,72.691,1.5073,4.1509,0.2201,4.3795,9.7251,1467.3593,38.3945,17.0655,3.9259,8.5396,9.3317,0.1391,8.6128,0.2414,4.0132,0.0653,0.6543,108.1907,2.2544,49.6544,1.1188,11.3518,2.3836,0.1369,14.5425,0.2977,0.6456,0.0223,4.2504,48.7285
21/06/2023 19:00,2,B,0.7455,83.9725,1.3623,2.9446,0.0977,4.7653,9.574,1658.3547,32.2341,15.0895,1.5779,7.1296,21.9237,0.1536,10.0285,0.1402,2.1578,0.0306,0.908,126.8125,0.9795,52.3573,1.0377,10.477,3.5412,0.2003,13.3661,0.179,0.4932,0.008,5.0849,46.7272
22/06/2023 07:00,1,C,0.5997,65.715,1.5695,3.745,0.213,5.6655,16.1265,1864.6538,38.1689,13.2755,4.0717,8.6139,7.4408,0.1877,13.431,0.3373,3.1087,0.0743,1.1676,199.2776,2.2002,48.6128,1.1659,11.3541,3.6582,0.1853,16.8883,0.3745,0.6465,0.0242,4.5228,52.858
22/06/2023 19:00,2,D,0.3287,55.3994,1.233,2.5139,0.0869,5.1983,12.5251,2222.6981,32.9922,13.2474,1.6007,8.7207,17.0808,0.131,16.5602,0.1118,2.3907,0.0348,0.7633,191.0663,1.2383,51.8888,0.6386,10.0074,3.1329,0.1481,18.6779,0.1791,0.3307,0.0176,4.5606,55.7083
23/06/2023 07:00,1,C,0.8196,136.668,1.9783,4.8936,0.2559,4.4865,6.7996,1925.3491,32.9909,13.5546,4.0434,9.314,13.4115,0.2182,14.3773,0.2175,4.0772,0.0559,0.549,166.1984,1.1167,55.9166,1.0518,11.102,1.2948,0.2518,24.2556,0.3336,1.0952,0.0216,4.1907,51.7635
23/06/2023 19:00,2,D,0.2284,76.2259,0.7511,1.8833,0.0864,4.4656,6.04,3239.8873,34.0047,13.5294,3.7616,9.9345,12.6165,0.0763,14.158,0.1744,1.9827,0.0448,0.9019,208.8568,1.7505,49.1708,1.0052,9.9483,2.9278,0.0816,17.3751,0.1969,0.3984,0.0186,4.319,46.0994
24/06/2023 07:00,1,C,0.3646,90.2295,1.1596,2.8435,0.0686,5.0557,8.9802,1725.3201,37.2197,9.2968,0.7693,5.4051,15.7429,0.2129,26.6742,0.3989,2.5197,0.02,1.5054,315.4454,2.3105,47.158,0.5615,8.4779,5.0709,0.1916,31.3398,0.3206,0.9881,0.0181,4.554,57.8981
24/06/2023 19:00,2,D,0.5235,107.3232,0.9515,2.5416,0.0936,6.3151,13.2916,3923.1461,43.4804,13.7783,4.521,9.6065,7.6357,0.1791,25.5031,0.1859,2.1783,0.031,1.5953,312.8774,3.1493,53.6686,1.4368,9.9261,2.9316,0.1859,28.1244,0.212,0.3333,0.0062,5.6207,54.3858
25/06/2023 07:00,1,B,0.5398,147.8732,1.4612,4.2257,0.1793,5.3171,9.8375,3218.0598,32.9572,16.5573,3.8234,9.3443,11.7367,0.1963,22.4423,0.2768,4.194,0.0641,0.4272,220.3736,1.288,48.7992,1.016,10.6021,3.821,0.2118,31.9037,0.2906,0.714,0.0245,5.0596,52.9418
25/06/2023 19:00,2,A,0.2903,82.0324,0.7106,1.6308,0.0443,4.7961,7.2842,3175.8803,30.564,12.162,1.7748,8.5794,16.2175,0.0884,18.1886,0.2203,1.3662,0.0131,0.913,271.6295,1.1358,52.4051,0.8058,9.1889,2.9771,0.1171,19.8509,0.1875,0.2212,0.0016,4.3343,48.484
26/06/2023 07:00,1,B,0.4956,58.5982,1.7299,3.1499,0.1158,5.6255,8.665,1746.8201,36.0366,14.0174,2.0247,8.851,10.7917,0.1583,9.0042,0.1257,2.6341,0.0364,1.4462,124.6629,2.8787,50.5037,0.8686,9.7079,3.1968,0.1754,13.212,0.2475,0.5636,0.0106,4.8619,62.4247
26/06/2023 19:00,2,A,0.4533,65.0655,0.8239,2.6337,0.126,4.3833,11.2865,1896.4182,36.9998,9.0535,2.7778,6.9465,14.9782,0.1637,11.4393,0.0953,1.9562,0.0406,0.9148,192.795,1.4077,53.2822,1.1051,8.6081,1.425,0.172,14.1758,0.1021,0.3463,0.0083,3.8805,50.2104
27/06/2023 07:00,1,B,0.5226,92.0267,0.7649,2.0119,0.0558,4.54,10.6826,2736.0462,36.4422,14.2152,3.5163,8.1944,10.0333,0.2007,23.381,0.0856,1.8184,0.0279,1.4258,230.8446,1.2559,48.8794,0.9244,9.9877,8.798,0.2318,32.4016,0.1188,0.3229,0.0095,4.4818,60.0703
27/06/2023 19:00,2,A,0.2278,60.4441,0.8256,1.93,0.087,4.4533,10.0756,3041.8981,38.6353,10.8384,3.6032,9.2211,8.3477,0.095,25.1351,0.2441,1.8609,0.0444,0.4772,212.1911,1.7447,53.861,0.8032,7.8492,1.1214,0.1159,34.8756,0.3277,0.3372,0.0067,3.9892,54.6199
28/06/2023 07:00,1,B,0.5176,65.6121,1.5751,4.7,0.1529,4.9405,7.5141,1161.6591,35.7146,12.2609,2.851,8.3934,14.1045,0.1704,13.6477,0.3661,3.474,0.0532,0.7834,142.585,1.6473,51.385,0.8185,9.2861,4.2016,0.1866,20.849,0.3747,0.9257,0.0096,4.1968,55.0002
28/06/2023 19:00,2,A,0.2446,172.0605,0.895,2.361,0.1026,5.1011,7.6728,4829.5703,31.5515,8.5362,3.4964,7.851,18.775,0.1002,37.645,0.1496,2.2715,0.0478,0.8938,516.9542,1.2729,49.4136,1.0774,9.5462,2.8288,0.0978,51.7548,0.1823,0.2846,0.0179,4.7562,54.3612
29/06/2023 07:00,1,D,0.2495,110.1175,0.9824,2.2183,0.0938,4.7014,7.4291,2850.127,33.6514,14.6937,2.495,9.6624,15.4613,0.1381,21.2617,0.1561,1.9564,0.0422,0.7416,201.3776,0.8137,54.4983,1.1114,9.9339,3.6221,0.1153,25.0525,0.1579,0.4066,0.0081,3.9719,48.5009
29/06/2023 19:00,2,C,0.3855,57.246,0.9021,1.8684,0.0603,4.1992,11.7719,1685.4769,36.912,10.5689,2.0735,7.4092,10.0514,0.1745,13.9198,0.0747,1.8601,0.0262,1.2563,253.8039,2.1262,51.3225,0.6298,8.7495,1.6873,0.1755,18.4229,0.1078,0.2999,0.0059,3.5006,59.6626
30/06/2023 07:00,1,D,0.411,65.4714,0.4782,1.5355,0.0572,4.5015,13.7705,3347.2915,39.2765,13.7068,2.8048,8.788,8.553,0.1621,9.7983,0.0636,1.3629,0.0142,1.5911,339.8466,1.4727,54.7582,0.6429,9.3664,2.0046,0.1805,14.4204,0.0673,0.3195,0.0,4.8324,60.0146
30/06/2023 19:00,2,C,0.2265,65.4185,1.6631,3.819,0.1407,5.0253,8.0571,2353.5577,39.7625,11.2672,3.4889,8.6528,8.806,0.0911,16.4851,0.16,2.7909,0.0594,0.9055,197.0037,1.8016,49.1951,1.0787,10.7733,2.0641,0.1031,19.6681,0.3458,0.7157,0.0192,4.4648,55.8047
01/07/2023 07:00,1,D,0.5363,84.1117,1.8423,4.8847,0.1816,5.1261,6.021,1664.5984,41.4415,13.0454,3.6653,7.5777,9.9264,0.2421,17.3576,0.3884,3.8382,0.0473,0.9121,160.9598,1.4069,54.5395,0.706,8.4972,2.8374,0.2721,22.4067,0.3717,0.9685,0.0057,4.5713,56.2183
01/07/2023 19:00,2,C,0.3961,82.455,1.7804,4.2677,0.2757,5.4849,8.7399,2353.1227,35.6819,11.2512,4.8646,7.7602,11.2135,0.1326,23.5045,0.21,3.4124,0.077,0.6949,210.3322,1.5473,52.1987,1.0353,11.7139,2.1078,0.14,25.6987,0.2889,0.8127,0.0274,4.499,44.4281
02/07/2023 07:00,1,A,0.3903,98.982,1.2717,3.0038,0.1295,5.5399,8.6071,2803.7816,36.7474,12.4511,4.2118,7.6944,10.3044,0.1292,20.8041,0.176,3.2515,0.0585,1.0513,246.0932,1.7472,52.5861,1.3911,10.57,2.7546,0.1433,26.059,0.2586,0.6421,0.0268,5.0241,52.862
02/07/2023 19:00,2,B,0.592,115.5328,1.8551,4.4885,0.1502,5.072,14.3781,2076.7542,39.3061,13.0077,4.0415,6.4827,10.5668,0.1851,15.8923,0.2373,4.1858,0.0504,0.6041,94.8378,1.096,53.4643,0.9044,10.4169,2.6235,0.205,23.7901,0.2976,0.6584,0.0263,4.4224,52.2848
03/07/2023 07:00,1,A,0.2685,63.9273,0.618,1.4647,0.0613,4.5978,10.8634,3233.5712,31.0758,10.1366,4.2767,9.8759,10.7958,0.1258,14.5727,0.1282,1.3236,0.0159,1.4676,305.3201,1.6188,50.3893,0.8706,8.0784,3.408,0.1421,18.788,0.1867,0.3046,0.0,4.2142,51.2577
03/07/2023 19:00,2,B,0.3231,109.9393,1.3959,3.4609,0.0956,4.5955,9.1607,2303.2907,37.2512,14.3365,2.1464,7.6929,18.3663,0.0716,15.0627,0.0983,2.4768,0.0333,0.8854,194.1618,1.3046,46.5867,0.5996,9.9411,5.5491,0.1017,20.31,0.1728,0.3927,0.0098,3.9131,
04/07/2023 07:00,1,A,0.2869,57.6852,0.835,2.1706,0.1066,4.9727,7.851,1672.7842,33.1167,15.412,3.1587,8.8794,12.2221,0.0965,10.8847,0.1516,2.2498,0.0281,1.0278,195.3385,2.0429,51.3177,0.8121,7.3267,7.3722,0.0939,13.7546,0.1563,0.3837,0.0169,4.6157,47.2763
04/07/2023 19:00,2,B,0.3005,80.6853,0.8848,2.3826,0.0719,5.4072,7.6371,3331.7386,33.2773,12.3287,1.9278,7.4515,19.1209,0.1426,18.2762,0.1426,2.4766,0.0328,1.5145,242.0531,2.2434,47.8214,0.8633,9.8189,6.8537,0.1514,20.8337,0.1796,0.4159,0.0191,4.5407,59.3788
05/07/2023 07:00,1,A,0.2159,93.7633,0.7813,2.7245,0.0668,4.0358,5.2004,2578.6047,30.2229,14.021,2.4875,7.2984,12.9268,0.1231,18.5638,0.135,2.0131,0.0192,0.671,188.9919,0.6479,52.1382,0.5325,9.3976,4.6596,0.1054,22.129,0.1763,0.3955,0.0,3.6327,49.1667
05/07/2023 19:00,2,B,0.4375,81.301,1.1764,2.4401,0.1065,5.575,11.6113,2002.376,34.6914,12.6047,3.2269,8.5305,11.2645,0.1494,12.9125,0.2322,2.2356,0.0275,1.0439,201.5378,0.9532,51.4219,0.7844,9.9052,4.0747,0.1603,17.2289,0.2473,0.4853,0.0114,5.1687,56.7121
06/07/2023 07:00,1,C,0.909,73.8806,1.7051,2.4157,0.1396,4.3008,15.9005,1732.6633,35.9238,7.7236,3.0458,8.0101,18.8166,0.235,16.8456,0.1381,2.6541,0.0255,1.4731,195.3543,2.7742,53.2417,0.9012,8.6115,2.661,0.2591,20.7655,0.3349,0.2709,0.0,3.9957,53.7684
06/07/2023 19:00,2,D,0.4263,110.5955,1.3701,2.3873,0.0989,5.0086,10.3587,2319.8391,36.1278,11.3018,3.2511,9.2451,12.9925,0.1609,21.4443,0.2658,2.1331,0.0296,0.7579,247.2477,1.6805,53.0773,0.8311,7.9065,1.6847,0.1866,30.8065,0.3224,0.3523,0.0171,4.2304,55.2554
07/07/2023 07:00,1,C,0.2845,106.1017,0.8309,1.9399,0.07,3.7923,7.5066,3494.2389,25.3118,11.4434,2.7164,9.4445,24.2897,0.1654,25.3242,0.1493,1.823,0.0288,0.8873,330.0468,2.3796,53.4859,0.699,9.4488,0.8552,0.1452,29.513,0.2024,0.5351,0.0109,3.6707,55.2156
07/07/2023 19:00,2,D,0.1801,61.489,1.0906,1.991,0.0339,5.3676,4.6118,2286.4981,35.5462,11.6827,2.3229,7.3287,16.4389,0.0681,13.0241,0.0987,1.8878,0.0153,0.6352,234.4732,1.5814,51.4613,0.7944,10.4259,3.6025,0.0848,17.2777,0.2036,0.4123,0.009,4.5526,54.2061
08/07/2023 07:00,1,C,0.3304,52.8711,1.4119,3.4555,0.105,4.4193,5.8006,868.943,34.0644,15.9846,1.6043,8.9385,20.4565,0.1827,7.8597,0.1024,2.1872,0.0164,0.8848,102.163,1.5256,51.282,0.8298,10.9567,4.566,0.1549,10.3575,0.1322,0.7754,0.0161,3.6206,53.1588
08/07/2023 19:00,2,D,0.1574,61.3465,0.7205,2.9855,0.0791,4.6424,5.5416,2386.0242,36.0102,13.728,2.2473,8.9775,11.7933,0.0721,13.844,0.2264,3.0413,0.0418,0.4929,154.4871,1.8934,43.6859,0.8734,10.7785,7.2114,0.0654,18.8161,0.2101,0.4112,0.0198,4.19,57.4079
09/07/2023 07:00,1,B,0.4438,74.4073,0.669,2.1376,0.0769,5.2614,11.3699,4248.2254,36.1627,17.1658,4.9934,9.5484,9.4076,0.1628,14.104,0.0668,1.6016,0.0216,1.1907,292.9575,1.2831,50.1724,0.8778,9.464,5.1871,0.2019,18.0812,0.1025,0.245,0.0037,4.7861,56.3359
09/07/2023 19:00,2,A,0.4589,82.7256,1.741,2.571,0.0548,4.6119,5.7379,1869.0001,39.834,14.939,1.4568,7.5643,9.9847,0.2414,17.2437,0.2899,2.0052,0.0316,0.7568,136.4881,1.8333,53.2293,0.5773,8.9165,2.3959,0.2436,21.634,0.4162,0.5785,0.0019,4.1645,59.4632
10/07/2023 07:00,1,B,0.2887,69.7878,0.9529,2.9679,0.1384,4.1831,8.1209,1963.1712,39.2369,12.4912,3.7559,8.7892,11.9015,0.089,13.2798,0.1236,2.8228,0.0371,0.762,219.3457,1.1561,49.8086,0.9126,9.9582,2.8555,0.1119,15.9475,0.1599,0.2989,0.0084,3.7821,55.6238
10/07/2023 19:00,2,A,0.3531,126.9401,1.2381,3.3988,0.0938,5.7897,7.0878,3337.8988,34.9059,10.6278,2.473,8.3882,14.9416,0.1548,21.9633,0.3202,2.9861,0.0636,0.7773,191.8656,1.6539,50.8236,0.8849,9.8413,2.2651,0.1896,30.4598,0.377,0.5439,0.0229,5.5538,
11/07/2023 07:00,1,B,0.361,103.4458,1.1267,2.042,0.0561,5.2926,6.8374,2800.5666,29.7756,12.9676,2.5031,8.8737,19.367,0.1429,16.0277,0.1783,1.959,0.0225,0.9533,226.4473,1.5185,51.7874,0.815,9.9448,3.7762,0.1508,22.7732,0.2556,0.298,0.0009,4.7453,51.718
11/07/2023 19:00,2,A,0.1863,143.8279,1.6291,2.9626,0.0938,5.2112,5.1523,3584.9015,37.8218,11.4916,1.1992,6.3442,12.2331,0.0742,24.1613,0.2896,2.3418,0.0384,0.5495,224.2601,1.4376,50.0189,0.5989,9.0806,2.744,0.0772,33.6516,0.3867,0.5596,0.0134,4.6341,54.8676
12/07/2023 07:00,1,B,0.4751,39.7465,1.0495,3.2832,0.1173,5.3709,14.8518,2153.7069,37.015,15.0767,2.7568,8.4937,9.5053,0.1724,8.5356,0.1339,2.0307,0.0352,1.2353,174.1872,1.6161,48.4653,0.4992,10.129,2.7791,0.1895,9.228,0.1984,0.4424,0.0144,4.686,54.2201
12/07/2023 19:00,2,A,0.2473,77.9984,0.5439,2.2869,0.0413,4.7263,7.3211,3258.8197,31.9204,14.5078,2.3131,8.6277,16.3627,0.0789,10.3721,0.0539,1.1285,0.0208,0.8459,211.2212,0.9815,53.2942,0.6172,8.8575,2.1927,0.1112,17.4659,0.0732,0.2942,0.0126,4.1064,50.0031
13/07/2023 07:00,1,D,0.3275,61.5695,1.3662,2.3843,0.0737,5.1338,9.034,1879.2217,37.1181,10.0459,1.3667,7.3269,20.68,0.1247,9.8964,0.0647,1.7075,0.0158,0.5999,127.5439,1.0493,49.8333,0.5818,9.3713,4.0964,0.1418,14.8458,0.1411,0.3814,0.008,4.0924,65.0269
13/07/2023 19:00,2,C,0.448,105.3582,1.8683,3.3091,0.1189,5.4459,15.0189,1928.015,47.8078,9.0413,2.1131,5.2476,9.6419,0.1858,23.4659,0.3259,2.9563,0.0749,1.0232,217.2844,1.6934,52.8924,0.6774,9.3285,3.0501,0.1709,29.3528,0.4216,0.5764,0.0206,5.1174,51.2252
14/07/2023 07:00,1,D,0.3252,65.6298,1.0486,2.1919,0.0916,5.0473,6.5623,2621.9222,31.5389,13.0429,2.7737,9.4946,14.3169,0.15,17.7554,0.1629,1.8261,0.0351,0.7729,295.9394,2.6546,49.3204,0.9586,8.1936,4.9692,0.1624,23.1758,0.2446,0.3413,0.0107,4.9723,60.0962
14/07/2023 19:00,2,C,0.16,63.7736,0.5788,1.2522,0.0331,4.4494,6.6258,2951.5253,29.5028,11.8623,1.3442,7.1607,15.6394,0.0894,16.8951,0.1184,1.3488,0.0108,1.0939,277.1459,1.0764,52.897,0.4793,8.8145,2.4803,0.0737,18.8387,0.1127,0.2043,0.0073,4.513,56.7703
15/07/2023 07:00,1,D,0.4949,136.4659,0.9134,2.0724,0.0751,4.3627,6.4184,4058.5422,30.8626,13.5337,1.509,8.5146,17.3856,0.1726,29.8792,0.1147,1.988,0.0514,1.2449,248.8145,1.6087,52.0546,0.8341,10.0253,2.4883,0.192,35.1601,0.1386,0.5704,0.0164,3.7293,62.4037
15/07/2023 19:00,2,C,0.2456,95.3014,1.0238,2.8617,0.0836,4.2504,5.1504,3342.9704,37.136,10.1268,2.1034,9.5063,16.7468,0.0981,17.2201,0.1296,2.5135,0.0496,0.3862,182.1737,0.8912,55.6521,1.1657,8.7511,1.064,0.115,26.4431,0.2183,0.4604,0.0174,3.5824,58.4887
16/07/2023 07:00,1,A,0.3365,148.0821,1.3015,3.0851,0.1,5.348,6.3228,3635.7034,36.8516,14.3613,1.936,7.8166,14.2109,0.1325,21.5108,0.1149,2.3689,0.0465,1.0718,412.4357,0.964,49.3276,0.8558,10.4179,2.5124,0.1378,32.4874,0.149,0.3747,0.0213,5.3873,51.4078
16/07/2023 19:00,2,B,0.3688,150.1281,1.585,4.276,0.1721,5.518,5.0313,3725.0319,40.2655,12.8697,2.362,7.4138,11.9722,0.1254,31.071,0.2581,3.6725,0.0845,0.9921,298.3747,1.0347,54.0797,0.882,8.7759,0.35,0.1307,38.1695,0.2785,0.7315,0.0322,5.2914,53.1862
17/07/2023 07:00,1,A,0.5518,102.8174,1.3274,2.9821,0.101,4.3298,13.741,2503.8698,39.999,12.2172,2.296,6.683,13.5892,0.1548,17.2345,0.2205,3.0067,0.0408,0.7809,198.7682,1.1142,53.1907,0.7049,9.0574,1.7321,0.1614,29.9276,0.3119,0.5907,0.0275,4.4503,54.9943
17/07/2023 19:00,2,B,0.3327,78.156,1.5255,3.8306,0.0889,4.8714,6.0355,1937.4212,41.9421,13.6449,1.458,6.5731,10.4332,0.1343,16.8606,0.2769,3.7501,0.0499,0.7357,169.5686,1.806,51.6622,0.4968,10.1766,2.914,0.1303,21.0461,0.3476,0.8897,0.0209,4.3953,56.2567
18/07/2023 07:00,1,A,0.2259,90.5512,0.9105,2.6239,0.1191,4.9512,7.4636,3089.0851,37.3681,14.1062,2.9102,9.6203,11.5851,0.1197,15.238,0.1047,1.6663,0.0192,0.7595,253.7492,1.7833,50.9388,1.0275,9.7402,3.3039,0.0939,20.9772,0.1354,0.4931,0.0232,4.2275,51.8593
18/07/2023 19:00,2,B,0.4048,108.2163,1.1108,2.3105,0.0912,4.7942,13.4965,3589.0635,35.2008,11.0202,2.3534,8.7344,8.2495,0.1353,22.997,0.1257,1.6513,0.026,1.1038,313.3354,1.8815,47.4968,0.7322,7.857,3.0346,0.1504,29.0661,0.1801,0.3803,0.0078,4.9272,52.1141
19/07/2023 07:00,1,A,0.5023,65.4821,1.1441,2.4553,0.0844,4.8285,10.7736,2848.3768,35.5851,10.7237,2.7943,7.9372,13.6486,0.1755,15.2342,0.1624,2.0689,0.03,0.8395,275.4186,1.0169,51.6366,0.8066,10.2233,1.6319,0.1969,16.4785,0.1945,0.3741,0.0028,4.4734,60.3498
19/07/2023 19:00,2,B,0.3466,91.1061,0.6509,1.2866,0.0659,4.5101,9.6876,3472.2747,34.3851,10.5469,3.1683,8.1447,11.6212,0.1106,13.3939,0.0734,0.7379,0.0134,1.0893,262.1503,2.1966,50.7901,0.9114,10.3525,3.1521,0.134,20.6519,0.1069,0.1739,0.005,3.9546,
20/07/2023 07:00,1,C,0.5071,80.6607,2.2748,3.397,0.1154,4.9851,7.5827,1136.3385,34.3282,15.5916,1.4984,7.5316,18.1906,0.1396,11.1203,0.119,2.8947,0.0337,0.8988,134.659,0.9538,52.4735,0.8217,8.2915,3.2759,0.1465,14.5199,0.2424,0.3149,0.0004,4.8273,53.3426
20/07/2023 19:00,2,D,0.1473,136.337,0.7783,2.9257,0.074,4.7214,6.0214,7416.0345,45.0551,13.7495,2.6559,8.3789,5.6014,0.0472,22.373,0.1319,2.1504,0.0321,0.5857,307.1836,2.2543,53.9566,1.0607,10.8663,1.5046,0.0675,29.8772,0.1857,0.553,0.0135,4.3071,51.2207
21/07/2023 07:00,1,C,0.5481,63.4462,0.8316,1.6137,0.0857,4.4909,11.7045,2187.5869,34.8111,13.6226,3.5703,8.0572,9.8042,0.2129,13.7715,0.106,1.668,0.023,0.8523,159.736,2.35,52.5162,0.6941,8.061,1.8072,0.2034,15.5005,0.1806,0.3323,0.0155,4.6706,59.6106
21/07/2023 19:00,2,D,0.2679,77.0216,0.8905,1.5156,0.058,4.5815,6.5953,3413.2369,40.0981,14.4116,2.4324,8.7296,6.6715,0.1214,12.4724,0.0602,1.1995,0.0057,0.6541,240.9309,1.3129,55.2851,0.5904,9.2392,1.8486,0.1414,16.8655,0.1054,0.1753,0.0023,4.7818,61.2219
22/07/2023 07:00,1,C,0.3551,91.4304,0.7098,1.9109,0.0605,4.6793,9.9788,4537.9077,40.3192,13.1489,2.2236,9.043,12.1719,0.1234,20.913,0.1011,1.788,0.0157,1.0323,295.0847,2.0923,52.4209,0.767,8.6842,3.9643,0.1518,24.3602,0.1309,0.2376,0.0064,4.6116,56.7235
22/07/2023 19:00,2,D,0.3693,75.9872,1.0849,2.5918,0.0922,4.1077,8.3453,1353.8853,32.7273,12.0965,2.9979,9.1314,20.9154,0.178,14.0402,0.1704,2.2851,0.037,0.8257,132.9259,1.36,51.6849,0.9123,11.2719,5.8413,0.1592,19.7312,0.1679,0.2662,0.0186,4.2545,50.842
23/07/2023 07:00,1,B,0.2826,107.0063,0.8279,2.7395,0.0632,4.474,7.7346,3797.9221,35.805,14.8015,1.7645,9.1936,12.8456,0.1604,31.324,0.2416,2.3603,0.0542,1.0864,319.1596,2.0692,51.7975,0.8415,9.9115,2.0145,0.1564,51.5384,0.3009,0.6947,0.0246,4.2471,55.0263
23/07/2023 19:00,2,A,0.4438,99.7776,1.0695,2.9486,0.0626,3.9909,10.5461,2191.8201,32.7669,12.5776,1.6872,7.9072,15.4403,0.1592,14.7052,0.2045,3.5207,0.0288,0.8622,214.944,1.3994,53.9052,0.7628,7.4669,2.7424,0.1904,21.9222,0.2107,0.3582,0.0065,3.9259,51.4099
24/07/2023 07:00,1,B,0.3399,60.6366,0.5959,1.7633,0.0831,3.989,11.1689,2857.9648,37.5025,8.5922,2.8869,7.3487,13.8533,0.1289,13.8202,0.0833,1.2707,0.0206,0.8698,267.7046,1.2283,51.3705,0.7461,9.1544,3.7002,0.1443,17.7555,0.0998,0.3307,0.0231,3.5183,56.6925
24/07/2023 19:00,2,A,0.3976,75.0808,0.8501,2.0626,0.0644,4.8848,7.9382,2732.2663,37.8841,14.6416,2.6951,10.1823,14.6192,0.1075,12.5827,0.131,2.3917,0.0407,0.826,245.0456,2.7465,48.1917,0.8814,10.6872,6.9878,0.1598,18.2046,0.1784,0.3113,0.0155,4.378,55.9859
25/07/2023 07:00,1,B,0.304,81.8821,1.7739,3.7833,0.1399,4.5771,8.0481,2180.8047,38.8131,10.3531,3.0799,7.1547,11.005,0.1221,21.2657,0.267,2.9468,0.0306,0.6276,201.514,1.7565,53.8439,0.8337,8.772,1.9314,0.1135,27.6813,0.3384,0.6549,0.0108,3.8433,58.3288
25/07/2023 19:00,2,A,0.2332,94.1163,1.6499,4.6259,0.1144,4.9487,5.3696,2419.9557,36.354,15.492,1.8053,8.8054,15.3806,0.0737,21.8148,0.2419,2.9649,0.0337,0.5952,212.2967,1.3286,51.5709,0.8338,10.1104,2.6592,0.0993,29.6094,0.2591,1.147,0.0082,4.7459,53.36
26/07/2023 07:00,1,B,0.4078,73.9848,1.4818,2.9225,0.1506,5.0539,8.8408,2256.5398,41.8101,16.0753,4.5739,10.0868,8.9799,0.1285,13.2977,0.2305,2.4288,0.054,0.682,229.7493,2.0423,51.3126,1.0531,10.5789,4.8325,0.156,18.1532,0.3121,0.564,0.0184,5.2847,56.3854
26/07/2023 19:00,2,A,0.2918,76.4841,1.2621,3.0393,0.0905,4.6996,7.4311,1981.1328,40.1403,7.0372,2.2542,7.2581,14.5092,0.17,16.1702,0.1765,2.861,0.044,0.6921,192.1822,1.6282,47.9264,0.9718,9.4474,7.6213,0.1524,22.333,0.2564,0.486,0.0092,4.594,59.5319
27/07/2023 07:00,1,D,0.4094,68.7238,0.7675,1.7511,0.0981,4.3625,12.7957,2736.6511,32.3462,12.2104,3.1053,9.5865,18.9323,0.1271,9.4794,0.1433,1.7853,0.0334,1.5286,270.2047,1.8159,46.5128,1.018,10.6394,7.7196,0.1524,13.2045,0.1671,0.2067,0.0081,3.7864,49.7783
27/07/2023 19:00,2,C,0.6001,86.2693,1.6851,3.215,0.1727,5.0073,14.473,2205.3479,40.7405,13.4226,3.0883,7.1813,8.3051,0.1876,16.5324,0.1496,3.3528,0.0537,1.1875,200.5411,1.3964,50.3463,0.9577,10.8805,3.459,0.1934,20.7633,0.2446,0.4676,0.0147,4.9578,54.5669
28/07/2023 07:00,1,D,0.55,92.0635,2.3361,3.7223,0.1161,5.4836,9.0138,2039.6232,33.4142,13.5323,2.1426,6.7847,17.6095,0.1832,13.3679,0.2929,2.9211,0.0278,0.8343,114.1042,1.2159,50.7358,0.7437,11.8515,2.7561,0.2122,18.0188,0.4146,0.5465,0.0104,4.5856,49.2701
28/07/2023 19:00,2,C,0.5693,86.9852,1.1939,3.6445,0.197,4.7277,8.9933,1932.4393,25.104,16.5686,3.8893,9.615,15.2438,0.1183,11.3384,0.1336,2.8846,0.0571,1.0293,179.1425,2.2412,52.593,1.1599,11.5311,2.6951,0.1686,16.6073,0.1767,0.4494,0.0148,4.4439,56.9532
29/07/2023 07:00,1,D,0.4375,92.0856,0.9518,2.5296,0.1285,4.32,13.0747,3260.776,39.832,10.81,4.5826,8.1606,11.0964,0.1736,21.2331,0.159,2.6819,0.0357,0.9351,183.5884,0.7988,50.9828,0.8673,9.1009,4.1608,0.1687,22.7257,0.181,0.4946,0.0067,3.4361,53.6673
29/07/2023 19:00,2,C,0.3733,75.9972,1.3738,2.4016,0.1541,4.8885,11.7086,2179.4387,36.2321,12.5198,3.104,8.4944,10.3268,0.1091,10.1395,0.1673,2.3073,0.0584,0.6111,169.186,2.229,51.0716,1.0707,9.0726,3.6171,0.1216,15.6811,0.1634,0.377,0.0274,4.248,57.0933
30/07/2023 07:00,1,A,0.5262,70.0415,1.3516,2.6334,0.0882,4.4674,9.172,2014.8166,31.1743,13.6972,1.2296,7.459,26.1571,0.1883,15.8637,0.0809,2.0408,0.0188,1.3007,150.4907,1.7642,50.675,0.6341,9.5498,5.635,0.2,19.3411,0.171,0.3288,0.0052,4.4978,58.186
30/07/2023 19:00,2,B,0.2272,79.3738,0.6107,2.2317,0.0794,4.6915,13.1653,3648.2989,36.9145,16.5554,3.9411,9.9476,6.5073,0.0971,19.2155,0.1136,2.6615,0.0315,0.5744,220.198,1.041,54.4798,1.2832,10.2776,2.2285,0.1031,24.4502,0.1456,0.3677,0.0149,4.9126,58.815
31/07/2023 07:00,1,A,0.2919,108.281,1.6507,2.7014,0.0659,6.1578,7.2348,2204.9683,35.3641,12.3107,1.2867,7.3555,13.4118,0.1304,21.8266,0.1899,2.5518,0.0198,0.8263,228.4296,1.294,51.3631,0.5941,10.4308,4.8078,0.1058,28.0696,0.2787,0.6186,0.016,4.6211,55.5669
31/07/2023 19:00,2,B,0.3078,79.3248,1.0764,2.6071,0.1173,4.7635,6.1685,2168.0875,35.2415,9.4877,2.202,8.4273,17.0696,0.1234,14.7529,0.1173,2.3438,0.0609,0.7932,264.2281,2.5699,51.8064,0.7013,9.6252,2.6383,0.1334,21.3045,0.1416,0.381,0.0267,4.2549,49.32
01/08/2023 07:00,1,A,0.1694,66.9056,0.5772,1.9993,0.0523,4.065,7.2658,4339.9021,32.866,12.3885,3.4815,8.7452,11.1567,0.1072,14.4861,0.0605,2.155,0.0318,0.518,281.2271,1.1785,51.982,1.1707,9.9074,3.4073,0.0897,17.8487,0.1224,0.1778,0.0029,3.9188,53.0306
01/08/2023 19:00,2,B,0.3839,124.7267,1.2996,2.4394,0.1376,5.8125,8.6776,3534.8875,29.0167,12.7944,3.0434,8.544,18.3086,0.1407,17.3532,0.1558,2.0158,0.0319,0.7394,239.7316,1.3399,49.0326,0.9194,9.4521,3.1221,0.1584,26.5151,0.2269,0.4284,0.0212,4.6847,56.849
02/08/2023 07:00,1,A,0.3471,80.0998,1.1051,3.5218,0.1181,5.0863,8.9861,2175.4911,36.6588,10.9524,3.6207,8.171,20.5696,0.1431,17.4393,0.2194,3.4445,0.1061,0.7056,130.6019,1.1106,48.2523,0.6889,11.0332,3.9184,0.1753,19.3846,0.243,0.5971,0.0377,4.4132,47.8491
02/08/2023 19:00,2,B,0.2592,95.8975,1.2993,2.7957,0.0787,5.0166,8.2788,2646.9158,35.9701,14.8949,2.0042,8.438,11.3566,0.149,25.7407,0.1531,2.421,0.0356,0.8592,353.3303,3.9118,51.428,0.8666,8.4086,2.741,0.1609,28.6387,0.2841,0.4414,0.0019,4.7305,57.2522
03/08/2023 07:00,1,C,0.3106,69.7381,1.0873,2.9411,0.0813,5.3596,9.4147,2066.816,37.7269,10.2332,2.327,8.0803,17.6417,0.1525,16.9574,0.1162,1.9922,0.0315,1.0417,156.828,1.3904,52.2089,0.6878,8.663,3.8622,0.1554,18.991,0.1913,0.3922,0.0,4.1777,54.5476
03/08/2023 19:00,2,D,0.5607,92.5158,1.1239,2.2147,0.0981,4.0735,9.0447,3290.8115,33.2636,12.5155,3.2442,8.4167,16.9927,0.2197,20.6915,0.2322,1.8267,0.0357,0.7263,138.5102,0.7113,54.9761,0.8192,10.7291,1.6671,0.2334,21.6364,0.2475,0.2894,0.0,4.0786,50.8284
04/08/2023 07:00,1,C,0.2542,93.2831,0.7354,1.2413,0.0249,4.31,6.3432,5332.617,35.6278,16.0243,1.6262,7.8203,13.9958,0.1044,14.3691,0.0802,1.0996,0.0128,0.8694,404.1794,1.2549,52.2258,0.5337,10.0032,3.4811,0.1289,21.6685,0.1237,0.2525,0.0038,3.8805,60.8338
04/08/2023 19:00,2,D,0.4132,68.9189,1.3401,2.9615,0.1507,5.3314,10.13,2131.9024,29.0961,12.2324,3.5841,9.1544,14.5041,0.1023,8.9738,0.1319,2.6103,0.0375,0.9159,93.7029,1.6352,48.0279,1.0439,9.8025,7.3525,0.1607,16.8495,0.2614,0.3177,0.0094,4.8717,49.7285
05/08/2023 07:00,1,C,0.4079,96.8496,1.5412,3.5419,0.0979,4.9754,10.1991,2887.8287,32.881,11.4074,1.9354,7.1485,14.0761,0.182,21.854,0.2136,4.4025,0.0581,,,,,,,,0.1789,26.1758,0.2967,0.5438,0.0046,4.2514,53.3317
05/08/2023 19:00,2,D,0.4339,83.5602,0.9234,1.7516,0.0833,4.6011,8.4846,2634.3362,34.7021,11.1535,1.3457,6.7286,15.0896,0.1489,10.4846,0.1066,1.7358,0.0236,1.0154,217.118,1.8448,52.6995,0.7411,8.0576,2.9185,0.1685,16.9471,0.1508,0.2057,0.001,4.0884,55.3129
06/08/2023 07:00,1,B,0.2992,67.9115,0.9981,2.5929,0.0744,3.922,6.9463,3009.2173,35.6308,12.1184,2.6958,6.998,9.7576,0.0955,10.9547,0.1392,2.0882,0.0225,0.9217,189.4322,1.3206,53.7405,0.7492,10.1141,2.3132,0.1226,14.5876,0.1698,0.3038,0.0003,3.2251,57.3007
06/08/2023 19:00,2,A,0.5857,85.3227,2.2339,4.1945,0.116,5.1706,8.3417,1668.0373,34.3015,14.8176,1.3248,6.7121,12.603,0.1571,14.4031,0.117,4.2367,0.0457,0.9023,137.9817,1.1859,51.3244,0.3728,7.9733,4.2056,0.1802,19.4691,0.2202,0.7558,0.0132,4.3585,65.1912
07/08/2023 07:00,1,B,0.174,102.7616,0.9525,1.9356,0.0945,4.7564,5.3512,3669.9197,28.0891,12.4365,3.2406,9.5086,18.2094,0.0571,12.3282,0.1689,1.7254,0.0231,0.6719,236.2352,1.7168,49.2869,1.0722,10.4839,3.7826,0.0806,19.2723,0.2175,0.2864,0.0122,4.0564,
07/08/2023 19:00,2,A,0.5314,81.3374,1.2388,2.6005,0.0663,5.5656,9.7785,2267.0406,35.8878,11.7054,1.2178,7.1857,12.7842,0.1784,20.5704,0.1748,2.5149,0.0351,1.156,235.552,1.2436,50.1159,0.6455,9.7846,3.8742,0.21,23.8421,0.2719,0.5407,0.0111,5.0007,52.6712
08/08/2023 07:00,1,B,0.996,82.378,1.7761,4.1646,0.1378,4.5834,12.2647,2281.6901,40.0522,11.2437,2.5044,6.1035,13.5263,0.3069,20.6996,0.4156,4.1886,0.0716,0.6991,153.6906,1.137,52.0466,0.625,9.8213,2.4465,0.374,24.2959,0.4086,0.9022,0.0209,4.4608,
08/08/2023 19:00,2,A,0.8847,88.8038,3.1499,4.9834,0.3293,6.5545,10.7095,1146.7534,42.1091,12.6045,3.3281,8.1517,8.2982,0.2154,12.5561,0.4484,4.3544,0.0981,0.7139,107.9268,2.0936,51.7233,0.845,10.2289,2.9151,0.2165,18.1975,0.6094,0.895,0.0281,5.6402,56.8917
09/08/2023 07:00,1,B,0.6619,88.6206,0.8788,2.3938,0.0976,5.5571,13.4898,2520.8099,33.6322,14.6412,4.3745,8.7629,8.2646,0.1692,16.5386,0.2751,2.0691,0.0346,1.1775,239.1818,1.5335,52.0797,0.8948,10.2116,1.1768,0.2095,20.9696,0.2864,0.4317,0.0163,4.7757,51.2234
09/08/2023 19:00,2,A,0.2974,70.7793,1.0379,1.8722,0.0517,5.1777,10.3816,2288.5617,35.7373,9.5243,1.0395,6.6566,16.1498,0.1084,15.4632,0.0163,1.0661,0.0128,0.8114,298.9798,1.5218,49.1676,0.5512,8.8601,6.1193,0.1478,18.3454,0.0769,0.3691,0.0108,4.2541,58.9126
10/08/2023 07:00,1,D,0.3057,143.7017,0.8926,2.7725,0.0633,4.4592,7.3375,3917.4772,39.9413,14.8511,2.0472,7.522,12.9888,0.1482,35.2797,0.2387,2.7337,0.0339,0.6441,348.7128,1.5692,52.2639,1.0365,11.6721,2.4291,0.1506,40.7037,0.2336,0.5537,0.0158,4.4497,53.6648
10/08/2023 19:00,2,C,0.299,75.9684,0.7908,2.5387,0.0746,4.721,8.6777,2950.6629,39.1407,10.108,2.9108,7.5447,9.2152,0.1415,12.3335,0.1627,2.0489,0.0365,0.7486,232.7579,0.695,51.2386,1.1123,10.7234,1.3606,0.1509,18.6873,0.1878,0.3415,0.0143,3.8183,53.6814
11/08/2023 07:00,1,D,0.3176,83.7475,0.805,2.5979,0.0511,4.2698,6.5087,2510.3917,31.5714,13.5307,1.418,7.5999,10.6949,0.1505,21.9803,0.1134,2.7236,0.0312,0.8812,204.9192,1.3897,51.9663,0.6512,10.3434,3.4622,0.1808,24.8919,0.1785,0.6129,0.0237,3.9085,53.2125
11/08/2023 19:00,2,C,0.2465,100.7864,0.7164,2.6146,0.093,5.4289,6.8963,3076.3579,35.8304,17.3818,2.4613,9.8883,10.7425,0.1401,19.8927,0.087,2.5157,0.0359,0.6421,175.958,0.5727,54.6458,0.8124,9.0001,1.4771,0.1207,29.6086,0.1337,0.5334,0.01,4.5555,52.2416
12/08/2023 07:00,1,D,0.2417,97.0644,1.2229,3.1365,0.1605,5.1268,10.3134,3122.343,44.6217,11.1159,5.0193,8.0204,7.1579,0.1802,17.7082,0.2847,3.5823,0.1036,0.5735,169.4228,2.0318,50.779,1.0227,11.8423,1.9249,0.1239,26.0367,0.3414,0.7493,0.0295,4.9243,55.8205
12/08/2023 19:00,2,C,0.3145,89.7865,0.786,2.561,0.066,5.0518,10.3581,5440.881,40.9295,11.2892,3.0176,8.4046,10.6177,0.1369,22.5116,0.1271,1.8717,0.0414,0.8301,344.1064,1.0723,53.613,1.0682,10.1422,2.0282,0.156,27.1384,0.1698,0.6683,0.0122,5.338,55.8316
13/08/2023 07:00,1,A,0.6718,106.7968,1.9791,3.637,0.1369,4.7344,13.6475,1859.9247,43.0966,11.4805,2.9827,6.967,10.3965,0.2123,12.2725,0.1915,3.5172,0.0339,0.8958,130.709,1.2788,52.4458,0.8544,9.7141,2.3257,0.2591,19.982,0.2792,0.4914,0.0051,3.9377,44.2309
13/08/2023 19:00,2,B,0.426,82.7016,1.221,2.4163,0.0721,4.7831,9.0292,2689.9496,29.6363,15.3088,1.8404,8.2139,17.9265,0.103,13.7922,0.085,1.688,0.0256,0.6256,196.9634,0.9596,50.93,0.6899,9.557,4.0772,0.1356,16.4491,0.1393,0.2244,0.0018,4.4672,54.6665
14/08/2023 07:00,1,A,0.1819,138.8109,0.6726,3.013,0.0633,5.0175,8.417,6027.5032,31.939,10.6487,2.1445,7.8086,11.119,0.069,22.741,0.0699,2.8791,0.0329,0.4864,297.3539,0.9304,52.4554,0.9806,9.1346,2.1028,,,,,,,57.39
14/08/2023 19:00,2,B,0.2901,105.6636,0.8029,2.4268,0.0538,4.5192,6.8275,3213.4546,41.1866,10.5738,1.8069,5.4538,15.2721,0.1425,20.1031,0.1224,2.4571,0.0207,0.8683,256.2653,1.5604,50.0765,0.7286,9.6002,3.5182,0.1218,23.7075,0.154,0.4559,0.0175,3.8277,62.0941
15/08/2023 07:00,1,A,0.2561,86.1357,0.8277,2.853,0.0747,4.7947,5.9138,2749.0267,25.4998,16.1222,2.6704,9.1281,11.9405,0.0917,18.9112,0.1196,2.5742,0.0305,0.398,148.3752,0.6627,54.3015,0.769,10.3025,2.381,0.0942,23.3121,0.1593,0.3471,0.0042,4.9454,58.615
15/08/2023 19:00,2,B,0.3262,127.0399,1.4257,2.6426,0.0599,5.4804,5.5089,2618.3179,33.1165,13.9251,1.187,6.1152,15.4057,0.1513,16.6292,0.3444,2.5069,0.0276,0.597,181.8144,0.8547,50.813,0.5606,9.5311,6.5756,0.1242,23.9707,0.3577,0.9605,0.0135,4.9145,
16/08/2023 07:00,1,A,0.4146,124.0764,2.1424,3.2739,0.0913,5.1203,8.0616,2676.9485,34.1244,10.1444,1.362,7.0806,19.8198,0.1429,19.8859,0.3536,2.6052,0.0473,0.9107,229.8706,2.3437,50.2955,0.7668,9.7592,4.7445,0.1549,26.9277,0.4602,0.311,0.0258,4.2722,51.3068
16/08/2023 19:00,2,B,0.1216,68.6014,0.5372,1.739,0.0515,4.2359,6.5749,2953.0515,36.543,10.6626,2.001,7.6389,8.9936,0.0672,16.4631,0.0652,1.638,0.0297,0.5218,260.2221,1.0701,52.7434,0.9187,9.7865,1.6231,0.0625,18.6417,0.0783,0.1952,0.0064,3.9544,55.9129
17/08/2023 07:00,1,C,0.3644,59.6667,1.2472,2.4188,0.1172,4.345,7.9703,1838.8427,36.8234,11.1024,2.7186,7.5976,16.6832,0.1206,10.5113,0.1103,1.4577,0.0252,0.8078,176.5481,1.3092,46.7998,0.6386,9.4869,6.3935,0.1152,13.1044,0.1775,0.2462,0.0085,3.6462,46.1199
17/08/2023 19:00,2,D,0.453,67.365,1.4951,4.3195,0.1048,4.3613,5.5659,1554.9595,39.5827,14.9743,2.2667,6.7439,14.8947,0.1648,12.0245,0.2376,3.1719,0.0448,0.8806,153.7199,1.6616,53.9384,0.7135,9.0471,4.7778,0.1785,14.6555,0.2585,0.6179,0.0063,4.2577,58.1292
18/08/2023 07:00,1,C,0.2101,62.4868,0.897,2.7544,0.0641,4.8454,6.0618,2267.7565,37.6235,14.282,1.1633,8.4753,13.2727,0.111,17.9708,0.1752,2.5205,0.0411,0.9772,190.1117,1.531,50.9988,0.7291,8.802,4.0376,0.1164,20.4089,0.1783,0.3126,0.0,4.6894,60.145
18/08/2023 19:00,2,D,0.5753,79.4645,1.5148,4.1925,0.1159,5.459,11.0247,2041.1991,37.8919,13.1683,3.531,9.043,11.1593,0.2266,21.4546,0.1004,3.6316,0.0333,1.2347,200.6153,1.304,55.6213,0.8079,9.0595,1.314,0.2438,25.4024,0.1714,0.6967,0.0093,5.2354,59.4853
19/08/2023 07:00,1,C,0.5408,80.6039,1.0175,2.9861,0.1012,4.4912,13.2642,2691.715,33.1653,15.4597,2.7341,9.2953,10.0158,0.1993,18.0257,0.1649,2.9095,0.0311,0.8849,205.9984,1.1898,52.9229,0.9319,9.4966,3.3994,0.2449,22.3251,0.2429,0.7018,0.0103,4.1479,50.9718
19/08/2023 19:00,2,D,0.4452,99.5835,1.2435,2.5731,0.1253,5.1591,9.4814,2927.6732,27.8641,17.5377,3.5134,9.3958,20.1778,0.154,14.4375,0.0681,1.8907,0.0304,0.8674,242.0202,1.6779,52.7449,0.9636,10.0311,2.4402,0.1504,18.0563,0.1808,0.4265,0.0185,4.0528,47.3083
20/08/2023 07:00,1,B,0.454,84.6657,1.5295,3.8596,0.1232,5.7631,11.2504,2431.0665,34.4894,15.0379,3.3061,9.0283,11.141,0.1706,16.1817,0.279,3.7043,0.0644,1.1303,241.8804,1.6852,52.9515,0.9118,9.5321,2.4131,0.1964,22.3647,0.3637,0.5962,0.0111,5.5684,57.5937
20/08/2023 19:00,2,A,0.5989,66.0768,0.7952,2.957,0.0953,3.9267,12.735,2855.0424,28.9891,13.3243,2.885,8.2319,19.7066,0.1626,13.0753,0.1279,2.193,0.0302,1.3411,211.4517,1.3325,48.6729,0.715,9.0392,7.833,0.1863,16.6037,0.1263,0.3652,0.0057,3.6296,51.5395
21/08/2023 07:00,1,B,0.4853,88.3061,0.8006,2.095,0.0892,4.5658,10.2924,3118.2579,37.2569,14.7834,2.8434,9.4903,10.1151,0.1656,20.4863,0.1115,1.6985,0.0185,0.9344,267.8989,1.1284,52.2851,0.7374,9.5349,3.7781,0.1785,24.7238,0.1708,0.1665,0.0005,3.9143,58.1059
21/08/2023 19:00,2,A,0.3642,126.3258,1.1796,3.0281,0.1016,5.1853,8.6794,3268.9818,36.1691,11.6962,3.0843,9.7738,17.5508,0.1714,21.8966,0.0846,2.468,0.0368,0.807,193.8711,0.4985,53.4491,0.8532,10.213,2.7917,0.1752,30.3109,0.1367,0.4701,0.0182,5.0331,
22/08/2023 07:00,1,B,0.2942,61.0219,1.2088,2.7461,0.0582,4.2969,7.8485,1666.5069,38.8581,13.1786,1.8637,9.0626,13.2897,0.1134,14.2252,0.1209,2.7964,0.0463,0.723,176.705,1.2288,55.2842,0.6801,9.7276,0.8075,0.1334,19.0302,0.2115,0.5153,0.0132,4.4388,60.9551
22/08/2023 19:00,2,A,0.6739,69.8191,1.1432,2.8346,0.1561,4.2564,8.5106,2096.1934,33.8119,10.6171,4.7965,8.6006,15.0903,0.2327,10.6216,0.2277,2.5995,0.0394,0.9673,158.4114,2.1914,51.0011,1.0507,9.6702,3.259,0.2782,16.6352,0.2418,0.6177,0.0135,3.5284,56.3529
23/08/2023 07:00,1,B,0.4192,93.9248,1.7091,3.1839,0.0459,4.3234,7.5266,2397.9002,42.6029,10.4314,1.6462,6.6638,12.0846,0.1473,21.7637,0.1997,2.6726,0.0423,0.9533,277.7488,2.7505,48.1902,0.652,10.4615,5.2154,0.1587,25.5217,0.2821,0.5864,0.02,4.469,54.8519
23/08/2023 19:00,2,A,0.3501,80.6015,0.5846,1.2883,0.0645,4.354,13.0698,3846.7933,28.23,12.6187,2.1226,9.097,15.3283,0.1563,13.4545,0.1081,1.2394,0.0224,1.6611,376.3873,2.5291,51.3629,0.8128,10.0118,3.1977,0.1604,16.603,0.1179,0.1516,0.0045,3.8507,57.1939
24/08/2023 07:00,1,D,0.639,91.1528,1.3477,3.0566,0.1951,4.926,13.8805,2869.3738,39.5999,12.904,4.7337,8.812,12.9725,0.1349,9.3416,0.1374,2.3192,0.0411,0.9178,120.2267,1.1183,51.0182,0.7522,11.2709,4.8038,0.1412,14.7659,0.2109,0.3989,0.0314,4.908,55.4662
24/08/2023 19:00,2,C,0.5012,93.6348,1.8015,4.8029,0.2509,5.9115,11.8159,1934.045,37.6436,15.7645,4.2923,7.722,9.5768,0.1668,12.4479,0.3479,4.6294,0.095,0.9405,149.4612,2.2114,52.786,0.8803,10.5758,1.2549,0.1862,17.4539,0.3974,0.821,0.0247,5.2862,
25/08/2023 07:00,1,D,0.3369,101.7262,0.7003,2.4358,0.0995,5.1922,6.1904,3699.2449,31.2832,16.6198,3.1366,9.5516,12.13,0.0934,17.5397,0.1624,2.3417,0.0387,0.6751,238.6432,1.6711,50.6327,1.1706,11.56,3.6104,0.1431,24.0858,0.2108,0.3412,0.0271,4.8128,51.8586
25/08/2023 19:00,2,C,0.25,77.0521,0.8035,2.414,0.0997,5.4369,9.2545,3810.6663,30.9967,14.2401,5.0177,9.2719,10.1045,0.1155,18.6255,0.0692,1.8049,0.024,0.6765,249.5708,1.3057,51.1937,1.0899,10.4499,1.5174,0.1332,23.5207,0.1287,0.3041,0.0043,4.6462,44.999
26/08/2023 07:00,1,D,0.2062,99.1167,0.6818,2.3503,0.0526,4.898,7.1421,4515.8389,35.7147,15.5009,1.7485,7.4126,11.2193,0.1255,21.5392,0.2228,2.2692,0.0377,0.9841,286.1688,2.4283,50.9922,0.5555,9.7201,3.5719,0.1092,28.5625,0.1939,0.5166,0.0133,4.2916,56.8664
26/08/2023 19:00,2,C,0.3297,83.1033,1.4638,3.2919,0.1045,5.828,8.1337,1806.7902,37.3993,12.0942,2.1519,8.6084,11.2391,0.1077,13.3312,0.2713,2.583,0.0545,0.6556,181.9175,1.2374,46.689,0.6922,10.947,6.1429,0.1193,20.5093,0.3258,0.6382,0.0187,5.1855,53.3233
27/08/2023 07:00,1,A,0.3208,65.426,0.9674,2.474,0.0907,4.5067,9.9217,2400.5365,33.0592,10.7988,3.1273,8.1457,14.081,0.1208,13.5238,0.1488,1.9561,0.0323,0.7751,231.9499,1.1248,52.12,0.9601,8.6186,3.2261,0.1186,16.7762,0.2095,0.4746,0.0121,4.3903,53.4919
27/08/2023 19:00,2,B,0.4607,69.0549,1.538,3.2667,0.1719,4.7663,11.1533,1312.2697,31.3239,13.7841,2.6858,9.4595,17.1177,0.1771,13.9259,0.2621,2.6678,0.0546,0.6541,158.2484,1.6769,50.7168,0.7468,9.385,4.3382,0.1791,20.3114,0.3053,0.4863,0.0209,5.0013,55.6791
28/08/2023 07:00,1,A,0.2673,63.407,0.9253,1.8801,0.08,4.4638,8.2332,1864.3417,42.7356,11.5131,2.2177,7.6835,13.0459,0.1383,14.4721,0.066,1.7146,0.0135,0.8065,157.4409,1.7473,47.0662,0.6715,9.4164,6.736,0.123,17.5153,0.0913,0.2937,0.0077,3.8913,62.7287
28/08/2023 19:00,2,B,0.3155,81.0412,1.2547,3.4147,0.0912,5.0332,7.4838,2292.3711,40.3725,16.7817,2.1624,8.6643,10.2751,0.166,22.431,0.1648,3.2831,0.053,1.3968,269.1092,1.5222,52.7503,1.0702,9.0952,2.6043,0.168,23.9033,0.1967,0.3723,0.0095,4.4526,53.7199
29/08/2023 07:00,1,A,0.8036,77.1012,1.7781,2.8956,0.1037,4.6405,8.6162,1228.6197,32.1026,11.6258,1.9272,7.3853,15.6187,0.1414,13.2919,0.1544,2.0854,0.0276,0.8195,130.6613,1.4562,51.0568,0.6182,8.7435,5.1384,0.1965,19.0622,0.2476,0.3877,0.0048,4.6544,53.4547
29/08/2023 19:00,2,B,0.2473,93.3472,0.707,1.5228,0.0506,4.2293,8.3629,4502.0782,36.5007,9.0045,2.4321,8.1461,16.902,0.1004,21.0413,0.0574,1.2792,0.0227,1.0723,348.6702,1.9261,46.8273,0.6343,10.148,9.4163,0.1188,24.2961,0.1465,0.1758,0.0045,3.2074,57.8611
30/08/2023 07:00,1,A,0.6912,61.1604,2.0248,4.1662,0.1942,5.2386,11.5688,1850.9943,42.7009,12.0711,3.7762,8.2996,9.5158,0.2545,11.7056,0.2053,3.4415,0.0655,0.8146,158.2643,1.9927,52.0288,1.1783,10.9414,2.4531,0.2755,15.7946,0.2984,0.7603,0.0272,4.7706,54.5846
30/08/2023 19:00,2,B,0.412,81.4175,0.6963,1.6976,0.1174,5.17,13.1561,3194.0585,40.0137,13.0441,3.1693,7.7269,7.9573,0.162,10.9153,0.1142,1.5635,0.0429,1.1489,330.5785,1.9217,53.7277,1.2227,9.8892,1.8316,0.1511,14.8704,0.1377,0.2443,0.0186,4.3509,55.8454
31/08/2023 07:00,1,C,0.4706,100.2576,1.238,2.1811,0.1128,4.358,8.0207,2161.4441,34.3859,8.5845,2.1566,8.4263,21.8364,0.2091,19.2399,0.0929,1.6082,0.0325,1.5358,236.7785,2.0089,47.9768,0.7818,9.2841,5.6402,0.2072,25.3066,0.1669,0.3104,0.0083,3.9698,59.0999
31/08/2023 19:00,2,D,0.4242,101.4937,1.0668,2.1488,0.0837,4.8467,13.5804,2576.5642,35.7901,11.2485,3.339,8.7279,15.0147,0.1415,16.3574,0.1113,2.0184,0.0194,1.8684,259.5026,1.1483,51.7699,0.9418,10.3072,2.2265,0.1657,22.6721,0.1894,0.2489,0.0099,4.1453,56.2559
01/09/2023 07:00,1,C,0.3259,121.3347,0.6234,2.4609,0.0619,4.1781,6.8911,4321.8364,35.2546,10.4306,2.3932,8.5844,12.4307,0.1079,21.7452,0.0488,1.7072,0.0185,0.6523,283.2388,1.3012,48.1436,0.6973,9.7323,7.229,0.12,32.4529,0.1035,0.3309,0.0058,3.7401,56.2699
01/09/2023 19:00,2,D,0.2436,80.9177,0.854,2.0343,0.0514,5.4532,7.1789,3067.2336,36.3761,9.501,1.1217,7.1339,11.8413,0.1022,20.5932,0.2407,2.3484,0.0361,0.8448,272.9514,1.8897,49.9772,0.7159,8.8728,2.8692,0.122,26.2746,0.2287,0.4316,0.0137,4.7223,52.2411
02/09/2023 07:00,1,C,0.3472,70.6287,1.2248,3.0303,0.0883,4.87,7.3845,2116.021,36.7392,11.036,2.1045,8.1641,10.3024,0.1177,15.7595,0.1663,3.8872,0.0446,0.4978,184.0804,0.7851,48.8884,0.817,9.744,4.6055,0.1312,17.7792,0.2171,0.5932,0.0097,4.5823,54.3651
02/09/2023 19:00,2,D,0.2492,89.9915,1.0596,3.5732,0.1621,6.0564,8.2047,2537.9381,37.822,13.9888,3.7501,5.9986,8.8016,0.0873,16.0084,0.1283,3.0255,0.0463,0.349,139.925,1.2447,49.7822,1.1287,11.8827,2.7982,0.0924,22.3041,0.1196,0.5011,0.0119,4.9576,58.7944
03/09/2023 07:00,1,B,0.3389,100.6065,0.9897,1.9825,0.1102,4.7012,9.0823,2279.7687,31.5673,10.7052,3.5688,9.3947,15.8482,0.1798,18.6932,0.1414,1.9248,0.0354,0.7977,194.5731,1.4606,50.9719,1.1877,10.2908,5.8391,0.1626,23.7915,0.2072,0.2547,0.013,4.3508,54.8
03/09/2023 19:00,2,A,0.4003,88.6462,1.6463,4.7228,0.2519,5.2861,11.6644,2190.8545,44.0595,13.2612,5.9071,9.8832,8.2201,0.1699,20.9786,0.3633,4.3207,0.1152,0.6918,143.019,2.4016,48.7584,1.301,10.5517,3.3809,0.1657,24.9352,0.4422,0.8212,0.0279,4.4211,47.4447
04/09/2023 07:00,1,C,0.3393,106.4118,1.203,3.4058,0.1375,5.5953,5.2504,1906.7363,28.0512,13.7469,1.7868,8.8516,15.6614,0.1207,27.0477,0.1753,2.7468,0.055,0.735,131.7372,1.2605,53.7148,1.0563,10.4016,2.5215,0.1431,30.7927,0.214,0.5876,0.0229,4.5677,53.4446
04/09/2023 19:00,2,D,0.2513,94.7319,0.648,1.7444,0.0625,4.0929,5.9726,3532.1875,30.5922,14.3219,1.9884,8.7554,16.582,0.1129,21.8981,0.1399,1.4063,0.0155,1.1767,303.4033,2.6085,51.541,0.751,7.7873,3.2945,0.1237,25.6602,0.1724,0.3067,0.0007,4.4972,53.6516
05/09/2023 07:00,1,C,0.7661,84.8243,1.6915,3.2528,0.1269,4.9139,12.2014,1007.7672,31.7907,13.3206,2.1097,6.8826,19.0898,0.2502,15.5416,0.24,2.799,0.0445,1.651,188.309,2.6069,47.2104,0.7376,10.7469,8.2405,0.2726,21.5619,0.2615,0.4773,0.0133,4.4528,
05/09/2023 19:00,2,D,0.2947,88.478,0.7695,1.2918,0.0311,5.1938,6.932,3629.6838,32.0851,16.531,1.6721,9.1962,14.1668,0.1429,19.1803,0.114,0.9615,0.0211,1.1025,431.297,1.6527,54.6842,0.7035,9.2473,2.6212,0.1535,23.7537,0.1653,0.2682,0.0074,4.9691,58.6393
06/09/2023 07:00,1,C,0.5568,89.8367,1.5554,4.9467,0.1115,5.0718,7.1477,1472.8309,31.9119,10.882,1.7514,8.5333,16.7772,0.2281,21.1191,0.3153,4.9577,0.0484,0.7191,147.3835,1.1182,49.8611,0.6107,10.3422,3.1173,0.2357,27.6948,0.3784,0.8601,0.0181,4.341,54.111
06/09/2023 19:00,2,D,0.5816,80.114,1.8733,3.923,0.1614,5.7411,11.4214,1403.2377,38.7879,14.3047,2.5265,7.5943,8.7916,0.1491,9.6982,0.2238,3.332,0.1013,1.0523,161.4518,1.6501,50.5264,1.0256,11.8481,2.5946,0.1692,14.4566,0.3262,0.4609,0.0194,4.9379,50.9121
07/09/2023 07:00,1,A,0.1661,91.8594,0.4102,0.9168,0.0274,4.0859,7.7466,5783.2303,35.0997,10.0231,1.724,7.5507,15.6125,0.0426,19.8474,0.0854,1.012,0.0118,0.7002,369.6004,2.1721,51.0305,0.8849,9.8881,2.6501,0.0876,22.9669,0.109,0.1509,0.0077,3.7496,57.3275
07/09/2023 19:00,2,B,0.4339,103.1995,2.6854,3.9907,0.1456,5.4097,6.2484,1722.7179,40.8954,10.8472,1.7529,7.0947,14.4721,0.1647,16.636,0.1347,4.0004,0.0428,0.5053,125.5718,1.4081,49.7572,0.7409,9.323,3.6158,0.1449,22.9613,0.1932,0.9226,0.0251,4.2464,51.5804
08/09/2023 07:00,1,A,0.4851,104.0594,1.2263,3.5167,0.0721,5.2459,8.3586,4186.5783,37.0334,12.8714,1.3069,7.1192,11.4409,0.1454,28.7911,0.191,2.5487,0.0273,0.8744,280.6618,2.3194,54.8515,0.6606,9.5878,1.719,0.2004,39.6653,0.2709,0.5697,0.0048,4.8538,53.6986
08/09/2023 19:00,2,B,0.7032,89.1964,1.5213,4.2818,0.1671,4.6797,14.8602,1552.9316,35.5912,9.8915,4.2709,7.5119,11.4456,0.2343,12.1787,0.2179,4.2635,0.068,0.9802,173.614,1.038,51.3566,1.0942,8.3591,1.4387,0.2298,17.9662,0.2816,0.5095,0.0019,4.3005,48.5756
09/09/2023 07:00,1,A,0.5648,99.7518,0.9099,2.0472,0.0887,3.961,18.3289,3558.5034,34.0024,11.8946,5.5144,9.21,9.6556,0.1859,18.6026,0.1875,1.2681,0.0414,1.376,315.6943,1.2512,51.3584,0.8349,9.5796,2.1003,0.1965,23.1654,0.2055,0.3061,0.0167,4.2811,56.854
09/09/2023 19:00,2,B,0.3213,106.4199,1.1093,2.4455,0.0865,4.8322,8.995,3035.0483,37.3865,12.5318,3.0907,8.7328,15.3239,0.1303,22.1779,0.1287,2.0565,0.0413,0.9456,262.179,1.8145,45.9513,0.8294,10.349,9.6366,0.1448,26.2407,0.1841,0.4456,0.008,4.7085,53.7532
10/09/2023 07:00,1,C,0.131,91.3442,0.4445,2.081,0.0443,5.4301,7.1201,5459.0128,36.1375,14.3734,2.4765,9.6087,9.4537,0.1247,33.594,0.1408,2.0724,0.0354,0.8047,381.2516,1.919,54.0577,1.0885,11.9753,2.3163,0.0827,43.9099,0.1316,0.3831,0.0189,4.7412,54.3908
10/09/2023 19:00,2,D,0.3942,64.1861,0.9348,2.356,0.0786,4.2817,7.4073,1949.5194,31.7876,14.6366,2.1722,7.5891,15.4564,0.1682,10.5377,0.1115,1.7647,0.0166,1.0845,162.6275,0.9454,53.1955,0.8267,10.9845,2.4933,0.1847,15.4228,0.1647,0.4354,0.0036,4.3241,59.781
11/09/2023 07:00,1,C,0.4683,78.7081,1.4156,3.1124,0.1458,5.4782,11.5473,2272.5213,38.7582,14.2839,4.4237,8.5972,9.8638,0.1791,19.8507,0.3646,2.9227,0.0693,0.8317,244.5553,1.9629,51.8461,0.9845,10.8211,2.1103,0.1947,21.1485,0.4814,0.6257,0.0196,4.9628,48.3396
11/09/2023 19:00,2,D,0.1904,88.656,0.6268,1.9317,0.0805,4.3635,8.8522,4059.5855,34.6896,14.615,3.8032,9.9106,12.4837,0.0856,26.2812,0.0788,1.7774,0.0439,0.5546,272.7745,1.3036,49.2923,1.0912,10.7375,2.7874,0.0939,39.3398,0.1131,0.2905,0.0214,4.8038,53.6697
12/09/2023 07:00,1,C,0.3705,148.2154,1.7104,5.7777,0.1268,4.8505,6.9101,3236.3208,39.6274,16.4139,1.7885,7.9807,11.5536,0.1076,30.0518,0.2027,5.3231,0.0573,0.6731,208.9935,0.9451,54.8775,0.733,8.9718,0.7356,0.1636,35.5408,0.236,0.928,0.0113,4.929,60.2138
12/09/2023 19:00,2,D,0.3317,88.9512,1.2144,2.5752,0.072,4.2563,9.4743,2547.1244,44.5307,11.0395,2.1861,7.3784,13.2412,0.1201,14.6032,0.1181,1.6506,0.0173,0.9465,193.7571,2.3506,51.8638,0.8598,11.2204,3.4509,0.1245,20.1105,0.1622,0.4888,0.0,4.2941,60.2421
13/09/2023 07:00,1,C,0.234,60.6598,0.8518,2.0698,0.091,4.6778,3.3586,2007.6097,26.9984,19.5175,2.6993,9.9402,16.9982,0.106,15.1075,0.1268,1.6966,0.0125,0.7285,218.4021,1.6148,50.5626,0.8789,10.9487,3.1694,0.0966,15.793,0.1778,0.2165,0.0,4.529,50.0038
13/09/2023 19:00,2,D,0.453,85.2898,1.6332,2.9133,0.1033,4.7748,8.1125,2172.0594,38.4195,12.1963,1.9063,6.0663,16.5249,0.1609,20.701,0.3645,2.3321,0.0406,1.3287,274.1996,2.1095,47.1152,0.8983,8.6905,6.7257,0.1618,25.1007,0.4786,0.4714,0.0192,4.3426,58.2672
14/09/2023 07:00,1,A,0.4917,82.8586,1.3159,2.5232,0.0801,5.134,6.8481,1108.6055,28.7028,17.7912,1.8375,8.6119,12.6349,0.1411,14.2681,0.1063,2.1844,0.0323,0.6983,121.8423,1.3207,50.426,0.6408,9.7619,6.0974,0.1621,21.8166,0.1249,0.5169,0.0142,4.3056,52.3619
14/09/2023 19:00,2,B,0.3517,71.2312,0.957,3.0417,0.1191,4.483,6.2349,1112.0275,34.7288,15.8061,2.6512,8.8187,10.9997,0.1747,17.7271,0.2778,2.8605,0.0828,0.8575,181.2403,1.5883,48.6975,0.9767,8.9036,3.133,0.1856,19.2937,0.2631,0.4789,0.0174,4.1927,56.2711
15/09/2023 07:00,1,A,0.2843,120.5307,1.1223,2.919,0.1072,4.3924,7.2136,3175.9591,32.8325,13.406,1.9992,8.1772,16.4286,0.1308,19.6704,0.1553,2.95,0.0511,0.8879,219.1573,1.2575,50.0286,0.5799,10.5711,1.8119,0.1141,28.4609,0.2093,0.4802,0.0128,4.0741,
15/09/2023 19:00,2,B,0.6151,86.506,1.1406,1.3685,0.0495,3.6311,11.4055,2079.6974,37.7419,6.8624,1.7834,6.9269,18.5059,0.2206,19.9598,0.1803,1.1872,0.0118,1.6742,257.9376,2.1874,50.9513,0.6043,10.0368,3.5071,0.2663,24.2151,0.1987,0.2236,0.0015,3.4187,51.3712
16/09/2023 07:00,1,A,0.4305,54.3627,1.1378,3.3304,0.1043,5.3356,7.3579,1625.3387,33.8019,12.4683,3.5236,9.4246,11.7742,0.1883,13.8063,0.2903,2.8207,0.0746,0.8848,121.6646,1.7762,50.496,0.9751,10.4797,1.4366,0.1924,15.3387,0.2714,0.6897,0.012,5.1424,53.2079
16/09/2023 19:00,2,B,0.5878,70.1886,1.1174,1.8575,0.0704,4.3135,13.9482,2010.9319,39.9516,7.1659,2.6802,6.1497,13.4203,0.1804,16.7968,0.1512,2.1419,0.0313,1.1243,219.5606,1.6311,53.0951,0.7431,8.8095,1.6529,0.2106,19.1539,0.194,0.3798,0.0085,3.849,
17/09/2023 07:00,1,D,0.271,99.8989,0.7519,2.1666,0.0691,4.7135,9.5725,3685.7939,41.4592,10.9225,2.9124,8.1642,7.6976,0.0885,21.5737,0.1266,1.5354,0.0306,0.822,302.2487,1.5131,51.4849,1.1845,10.1451,3.0466,0.1042,28.7863,0.1677,0.3778,0.012,4.945,55.3811
17/09/2023 19:00,2,C,0.1991,93.832,0.81,1.3579,0.0266,4.2016,6.3065,3160.6453,31.9857,14.1438,1.0928,8.7198,20.7457,0.091,18.6059,0.114,1.4604,0.0178,1.226,380.0973,1.4212,55.686,0.7983,9.5529,1.4937,0.0946,24.7414,0.1759,0.3575,0.0036,4.5252,58.9455
18/09/2023 07:00,1,D,0.2303,72.2754,0.7238,2.695,0.1444,5.0965,8.5585,2812.3136,36.5841,12.0053,5.5572,11.1326,10.2972,0.0954,17.1327,0.1855,2.8858,0.0613,0.6172,173.9795,1.6555,57.3284,1.2979,8.5905,0.9093,0.1044,21.0529,0.358,0.5622,0.0155,4.6038,49.6657
18/09/2023 19:00,2,C,0.2797,102.4802,0.9256,2.732,0.0975,4.8437,6.2494,2865.9157,31.8137,12.4198,1.7767,7.6834,16.9508,0.0832,16.6751,0.1228,2.0855,0.0493,0.4758,193.6098,0.5679,53.2542,0.7691,11.0018,1.4634,0.0947,23.4808,0.195,0.391,0.0159,4.1337,52.0316
19/09/2023 07:00,1,D,0.2474,86.4518,0.9626,1.3701,0.0382,3.7752,7.2598,2504.2553,29.6827,11.1458,1.2809,7.1376,24.0038,0.1175,22.1925,0.0425,1.0899,0.0228,0.9715,370.4267,2.0042,49.8266,0.5657,9.9969,4.14,0.1075,25.9063,0.1404,0.1649,0.0004,3.1301,55.8314
19/09/2023 19:00,2,C,0.361,53.6557,0.7488,2.4502,0.1332,3.7784,9.8916,1734.5238,35.8811,13.1756,4.5018,8.4198,11.4695,0.1381,14.758,0.0401,2.4527,0.031,0.8604,138.0017,1.4649,50.3531,0.8442,10.5391,3.7482,0.14,14.5386,0.0997,0.2655,0.0134,3.9385,55.3737
20/09/2023 07:00,1,D,0.2517,92.9913,0.79,1.4898,0.073,3.8198,8.2645,2950.9698,38.849,13.2838,3.1063,8.6486,10.0488,0.1034,14.9888,0.0612,1.9779,0.0279,0.7714,300.5218,1.2782,48.0965,0.8929,8.853,4.7193,0.1019,19.3757,0.1237,0.1725,0.0058,3.5689,56.0216
20/09/2023 19:00,2,C,0.4342,53.9261,0.98,2.4859,0.1165,4.7842,6.7573,1505.0106,29.1864,13.0507,2.8885,8.384,19.1562,0.1623,13.944,0.0615,2.092,0.0586,1.0611,154.2594,1.1834,47.9185,0.7399,10.1485,6.1619,0.1927,18.2839,0.1448,0.5745,0.0191,3.8759,58.4858
21/09/2023 07:00,1,B,0.2721,51.7596,0.828,1.9906,0.064,4.9467,6.915,2400.789,35.4946,11.3518,3.1902,7.8275,13.1251,0.0953,8.5741,0.123,1.7749,0.0149,0.4621,162.0525,1.0691,52.3926,0.8419,10.1763,2.1202,0.1312,11.749,0.1595,0.277,0.0136,3.7657,58.0434
21/09/2023 19:00,2,A,0.235,81.1618,0.4772,1.5671,0.0788,5.1242,6.7379,4489.9994,32.7564,14.4493,4.3917,8.936,9.1512,0.12,20.1587,0.062,1.5672,0.0287,0.8631,316.8622,1.0485,51.1335,1.1109,12.3712,2.7912,0.1415,22.0829,0.1176,0.2008,0.0079,4.6259,55.1576
22/09/2023 07:00,1,B,0.1186,69.5988,0.8573,1.9216,0.0345,3.9912,4.1852,2229.1477,37.4133,11.8751,1.4817,7.52,11.6438,0.1221,25.7253,0.0707,1.6772,0.0289,0.8204,283.6356,1.7141,50.7644,0.6492,10.4748,3.5227,0.0976,28.9284,0.128,0.512,0.0116,3.6924,63.0877
22/09/2023 19:00,2,A,0.2568,119.7443,0.8914,1.7682,0.0423,3.8663,7.878,4299.3322,32.2619,17.2168,2.1276,9.3542,16.7829,0.1164,14.815,0.1088,1.6935,0.0115,0.8307,269.0548,1.1964,49.9457,0.5998,7.1172,4.7379,0.1212,26.79,0.1418,0.4213,0.003,3.9822,
23/09/2023 07:00,1,B,0.3613,115.7486,0.4513,1.2278,0.0458,3.8591,11.3136,6393.5152,36.0521,11.3022,1.9372,7.9586,13.1055,0.172,27.181,0.0573,1.1026,0.0113,1.358,424.6791,1.1568,49.1393,0.5044,7.069,4.9166,0.1691,30.7487,0.0627,0.1906,0.0,3.4216,60.3722
23/09/2023 19:00,2,A,0.3136,71.3254,1.0615,2.1478,0.0679,4.7833,9.6279,1796.1173,33.4786,10.2004,2.2825,8.232,16.9943,0.0799,13.1027,0.0912,1.056,0.0244,0.854,176.2397,1.0396,51.0711,0.7329,8.7976,3.3052,0.1015,17.2933,0.118,0.3233,0.0177,3.6908,56.3169
24/09/2023 07:00,1,C,0.4699,84.3842,0.547,1.3191,0.0911,4.7295,8.607,4045.7192,28.9236,13.3924,5.749,10.771,10.7147,0.19,14.7748,0.0766,0.9252,0.0357,1.348,416.1385,1.5535,53.6371,1.3854,9.7588,2.0008,0.1917,19.888,0.1097,0.156,0.0182,4.4327,49.7962
24/09/2023 19:00,2,D,0.7899,71.0776,1.9846,3.2804,0.1533,5.0207,12.2212,1052.8442,36.6622,13.1903,1.8781,7.1991,11.0,0.1772,11.2634,0.244,3.0499,0.062,1.0516,151.9532,2.7377,51.0114,0.6409,8.643,4.9935,0.1819,16.9703,0.3265,0.4348,0.0196,4.6957,50.3677
25/09/2023 07:00,1,C,0.415,76.946,0.8921,2.1475,0.1542,4.525,17.6464,2049.3064,34.7449,12.9923,4.1502,9.5256,14.9284,0.2069,16.7318,0.1662,2.1302,0.0761,1.2444,194.5185,1.3779,48.6579,1.0399,11.251,5.0895,0.1988,20.1706,0.2166,0.4107,0.0242,4.0398,56.1962
25/09/2023 19:00,2,D,0.3964,95.7913,1.3482,2.5935,0.0844,4.672,6.6499,3173.4729,32.8788,11.185,1.8167,9.0669,18.419,0.1581,27.9121,0.2498,3.1259,0.0452,1.0966,283.3417,1.7385,52.3072,0.754,9.3113,1.8503,0.1911,31.2564,0.3266,1.1443,0.0,4.4892,55.8237
26/09/2023 07:00,1,C,0.1685,90.4967,0.5474,1.6886,0.068,4.5671,9.5876,5443.7069,30.4897,13.9276,2.301,8.6379,10.2777,0.0478,26.9498,0.1111,0.9902,0.0202,1.1387,416.9688,2.0457,51.1773,1.2857,8.1943,1.7146,0.0828,31.9202,0.1069,0.5073,0.0169,4.484,61.0128
26/09/2023 19:00,2,D,0.4433,74.4202,0.9893,2.4597,0.1458,4.7885,8.4401,2866.3299,35.1939,15.4588,4.9089,10.2345,8.0739,0.1913,16.8164,0.2146,2.578,0.035,0.9611,243.5605,1.3129,50.3888,0.8246,9.5874,3.5129,0.2259,19.5461,0.2381,0.2394,0.0062,4.4563,57.9361
27/09/2023 07:00,1,C,0.3736,64.4679,0.7766,2.5947,0.1353,4.2897,10.3024,1360.7999,35.4805,15.1128,4.1523,8.824,14.5012,0.1688,13.9777,0.269,1.9706,0.0606,0.8358,166.0369,1.5752,47.7001,0.7994,9.4593,2.7952,0.1551,17.4688,0.3181,0.3439,0.018,3.6916,58.3918
27/09/2023 19:00,2,D,0.374,52.6463,1.4502,3.7028,0.1543,4.8842,8.0783,1535.7116,38.164,14.7833,4.2355,8.7053,11.415,0.1392,8.377,0.1947,3.4956,0.0482,1.2657,123.8448,2.1326,53.4205,1.2112,10.5633,2.6909,0.156,11.3059,0.2482,0.6843,0.0182,4.0801,48.7203
28/09/2023 07:00,1,A,0.2256,143.8629,0.6992,2.5705,0.0472,3.9059,5.2911,7290.5105,39.9148,10.6297,1.8816,7.5618,10.7186,0.1132,25.8946,0.1263,2.4215,0.0183,0.8621,437.2187,1.0843,54.2331,0.7273,9.1463,2.2372,0.1134,33.6798,0.1325,0.3665,0.0026,4.1594,51.1749
28/09/2023 19:00,2,B,0.2662,47.2516,0.7309,1.8053,0.054,4.7216,8.4415,2182.7038,30.7018,17.1299,2.0062,9.6897,11.6777,0.1106,14.2284,0.1134,1.3693,0.0087,0.7238,232.4909,0.9512,50.6449,0.6645,10.2877,4.8074,0.1391,16.9668,0.1405,0.3696,0.0007,4.2023,54.2831
29/09/2023 07:00,1,A,0.3142,64.6544,0.9282,3.639,0.1661,4.6841,8.22,2559.3217,36.0859,14.4992,6.2107,10.2822,13.1197,0.1046,18.3628,0.2529,2.3402,0.048,0.771,143.8669,1.8226,47.7027,1.1452,9.6795,5.1099,0.1347,19.8354,0.2699,0.7764,0.0275,4.5347,56.1446
29/09/2023 19:00,2,B,0.4621,102.7519,0.9885,2.2323,0.0791,4.4576,13.3115,4709.8088,37.9182,6.9605,2.2457,6.1642,14.5691,0.142,21.1636,0.1519,1.8555,0.0251,1.0574,212.6073,1.0262,52.0196,0.6614,7.9762,3.5435,0.1891,24.066,0.2054,0.3445,0.0,4.3355,57.0385
30/09/2023 07:00,1,A,0.4154,75.2335,1.0985,2.8259,0.1134,4.1999,8.2831,2809.8125,36.3013,12.5476,3.0256,7.9904,13.2348,0.1938,22.9694,0.3316,1.8884,0.0361,1.3545,246.9429,2.6274,48.0596,0.9181,9.0488,3.6638,0.1978,22.628,0.2922,0.5887,0.013,3.8994,56.0891
30/09/2023 19:00,2,B,0.5373,153.565,1.4708,3.0461,0.109,5.3246,8.8596,4397.6925,37.2588,13.2745,2.1631,6.825,7.8207,0.164,26.4834,0.1581,3.061,0.0305,0.8436,205.429,1.1452,50.1897,0.6813,9.0879,3.9884,0.1812,32.3797,0.2092,0.4332,0.0125,5.0055,53.6035
01/10/2023 07:00,1,D,0.6982,75.3451,1.8105,3.5617,0.1484,4.7703,12.4326,1898.0525,41.8062,14.4737,2.9485,8.4098,10.3363,0.1986,16.0054,0.2124,3.0322,0.0649,1.0897,160.075,1.997,50.4009,1.023,9.6658,1.6401,0.2147,20.1363,0.3041,0.646,0.0276,3.7727,52.6322
01/10/2023 19:00,2,C,0.2518,74.5787,1.0047,1.9725,0.0653,4.7241,6.6604,2679.8453,30.5412,12.0878,2.6327,8.6348,20.9934,0.0891,15.3506,0.0407,1.2361,0.0113,0.7119,294.5802,0.8365,51.7512,0.9993,9.554,4.427,0.108,18.4311,0.0995,0.1527,0.0014,4.7425,56.1852
02/10/2023 07:00,1,D,0.4064,101.2025,1.1828,2.9604,0.0705,4.4342,9.743,2922.6781,32.6373,11.0008,2.3934,8.2828,16.4783,0.1292,15.9739,0.0961,2.5424,0.0314,0.5339,150.765,0.7231,52.3025,0.6868,9.3855,3.7119,0.1335,20.493,0.2021,0.2539,0.0076,3.6233,53.0626
02/10/2023 19:00,2,C,0.4508,67.3663,1.0122,2.6458,0.0894,5.2852,11.4834,1912.4376,28.6738,15.5264,2.9097,10.3824,16.0799,0.2213,18.903,0.2597,2.562,0.034,0.9936,198.9794,1.6795,52.5108,0.9828,9.3971,2.7886,0.2068,21.811,0.2715,0.4592,0.0082,4.5646,
03/10/2023 07:00,1,D,0.3196,73.8313,0.4968,2.0356,0.056,4.3317,7.1373,2378.5041,30.6396,7.6097,3.0615,9.0153,22.3683,0.1163,17.9394,0.0834,1.8007,0.0248,1.2118,260.3952,1.9291,50.1365,0.957,9.0215,4.1704,0.1342,25.6928,0.0945,0.358,0.0,4.2932,53.4934
03/10/2023 19:00,2,C,0.5167,115.119,1.9954,3.3049,0.1214,4.6623,8.2726,1685.8237,36.4916,13.1196,1.1093,5.9078,15.218,0.1735,20.2778,0.308,3.6885,0.0598,0.5574,157.9923,1.1332,50.5978,0.6846,10.6004,3.8316,0.1849,29.3901,0.3845,0.4341,0.0244,4.4374,49.993
04/10/2023 07:00,1,D,0.365,87.0508,2.0066,3.6129,0.106,5.8985,6.083,1620.7,43.9424,16.2707,1.3924,6.822,10.4114,0.1857,18.8118,0.1711,2.9196,0.0542,0.9334,245.9329,2.2291,51.0619,0.7104,9.3997,1.7671,0.1752,24.5338,0.3519,0.6846,0.0187,5.543,57.7562
04/10/2023 19:00,2,C,0.2128,44.1158,0.7406,1.817,0.0548,4.7277,7.1396,2786.8468,38.913,9.8697,2.3633,7.7886,11.1929,0.0618,9.9565,0.0723,1.3941,0.0132,1.0887,305.2439,1.3758,47.5832,0.703,8.7664,8.5406,0.0797,13.6919,0.1277,0.1946,0.0,4.0458,60.5029
05/10/2023 07:00,1,B,0.8182,90.823,1.8222,4.2034,0.2064,5.7249,10.4481,1599.4791,34.656,11.236,3.4632,7.2989,15.7045,0.2814,18.1626,0.4271,4.7254,0.1084,0.9459,146.3147,1.9985,51.7589,1.1889,10.0527,3.1051,0.2825,27.0245,0.4405,0.6282,0.0217,5.1087,44.0934
05/10/2023 19:00,2,A,0.3116,72.9179,0.6849,1.9942,0.1347,4.6987,8.9353,3379.3043,32.2362,16.5325,2.7156,10.2427,8.6704,0.1249,13.6505,0.0729,2.1524,0.0644,0.5978,238.4206,1.9651,45.3906,0.8425,11.0877,3.2499,0.1292,17.9285,0.1144,0.273,0.0232,4.5423,58.9478
06/10/2023 07:00,1,B,0.5539,71.1403,1.2818,2.9418,0.1016,5.5819,9.7185,2774.7261,34.9288,12.672,2.475,8.8921,13.0913,0.1823,22.6351,0.1387,2.8522,0.0403,0.671,274.4361,2.1983,49.0869,0.9304,9.5372,4.7304,0.237,28.0626,0.2452,0.6148,0.0125,4.9883,
06/10/2023 19:00,2,A,0.6609,83.4598,3.0014,7.8477,0.2619,5.8482,5.7968,687.8562,38.4552,14.5389,1.9051,8.4403,14.9715,0.166,13.0858,0.1799,7.0323,0.1425,0.4688,106.4932,0.7653,50.2831,0.984,9.8112,4.658,0.1926,19.6689,0.394,0.9256,0.0219,4.8143,50.5549
07/10/2023 07:00,1,B,0.2943,98.8716,1.0856,2.5983,0.1035,4.5153,8.446,3159.2152,35.2613,15.1674,3.7206,10.04,15.6748,0.0861,16.1942,0.077,2.2931,0.0434,1.0429,211.6645,1.0677,53.0541,0.9775,9.5104,2.3892,0.1227,20.5254,0.1777,0.3539,0.0154,4.5614,48.1063
07/10/2023 19:00,2,A,0.3608,85.2905,1.2481,3.1852,0.0789,4.7753,9.8039,1942.2297,40.5872,9.7255,1.3151,5.9214,11.9209,0.1465,17.0068,0.189,2.9767,0.0361,0.7329,149.1433,1.4254,48.8367,0.5,8.9401,3.2035,0.1396,24.0452,0.2276,2.5355,0.0298,4.5209,52.4501
08/10/2023 07:00,1,C,0.1367,75.9163,1.1208,3.4456,0.1098,4.2941,5.9293,2482.2609,40.1533,17.9818,4.0795,9.0055,7.241,0.093,14.9933,0.1055,2.7205,0.0464,0.5348,176.5907,1.7694,51.8752,0.9679,10.2519,3.6221,0.0808,19.8376,0.1903,0.6101,0.0156,3.5033,54.9785
08/10/2023 19:00,2,D,0.3775,127.7656,2.0175,3.1674,0.1376,5.8514,6.4047,2265.2886,35.0763,13.6453,1.7646,7.6166,13.7547,0.1355,29.5799,0.2171,3.4631,0.0504,0.6716,204.2968,1.3636,47.7556,0.905,10.9509,6.4089,0.1614,37.0813,0.3862,0.3601,0.0193,5.06,58.2175
09/10/2023 07:00,1,C,0.3858,113.8211,0.8325,1.8725,0.1209,4.315,8.3959,3921.0547,36.2591,11.9265,4.9991,8.8491,11.9686,0.1027,17.708,0.3066,1.6994,0.0311,0.5938,263.4497,1.4631,52.2343,0.939,8.763,2.8526,0.1124,26.4156,0.4228,0.3419,0.0204,4.351,51.4649
09/10/2023 19:00,2,D,0.2733,91.6683,0.9325,2.1772,0.087,4.3154,9.7033,2961.2775,39.867,12.7362,2.844,8.694,10.8029,0.0971,24.0284,0.168,1.6197,0.0535,0.4992,285.1431,2.1667,51.0411,0.8181,8.3251,3.4771,0.1019,28.9199,0.1702,0.5275,0.0186,4.6879,54.3374
10/10/2023 07:00,1,C,0.4002,94.7206,1.3039,2.8459,0.061,5.4042,8.255,2560.5603,37.6526,9.3008,0.9599,5.3032,13.3022,0.1607,14.542,0.1849,2.3009,0.0288,1.1182,233.5812,1.8223,49.7055,0.6592,10.0438,1.9939,0.1711,22.4086,0.2425,0.4569,0.001,4.702,57.34
10/10/2023 19:00,2,D,0.3586,71.2818,1.1075,2.4198,0.15,4.9461,7.2919,1754.8016,34.2134,11.1651,2.7099,8.1077,16.1567,0.1088,10.3019,0.0799,2.3843,0.0587,0.586,99.188,1.4447,49.4791,1.025,10.4656,3.8253,0.1389,14.4864,0.1529,0.3634,0.0299,3.9148,54.3487
11/10/2023 07:00,1,C,0.4424,76.4581,1.1517,2.7864,0.1382,4.5233,9.9273,2718.8848,36.4854,10.9183,4.834,9.079,10.3602,0.1288,22.6931,0.2677,2.6468,0.0693,0.9092,323.8654,1.8007,47.431,1.223,10.8643,3.2333,0.1733,21.447,0.3074,0.4051,0.0225,4.5643,55.5429
11/10/2023 19:00,2,D,0.3566,87.163,1.0846,2.1407,0.1217,4.6122,10.3914,3262.4271,33.6757,15.8881,2.4136,9.8304,12.6862,0.139,19.0561,0.2271,1.8201,0.0402,0.9303,249.0362,2.6717,51.6829,0.9109,12.9032,3.0228,0.1588,22.1324,0.2277,0.6446,0.0293,4.6637,51.4425
12/10/2023 07:00,1,A,0.3047,63.5387,1.0185,2.4152,0.1277,4.7675,7.0263,1983.5517,33.2447,10.8669,2.9998,9.4718,18.1085,0.1056,15.6879,0.1158,2.0151,0.044,0.6234,208.8773,1.1476,52.1341,0.883,7.8969,5.5966,0.1312,18.9012,0.1998,0.3887,0.0253,4.5698,55.1775
12/10/2023 19:00,2,B,0.3598,48.7258,0.6897,1.6924,0.081,4.5907,6.2695,1970.2634,36.1229,8.4364,2.202,8.543,19.734,0.125,11.8489,0.033,1.6878,0.018,1.0153,303.5796,2.1569,48.4515,0.9986,8.6784,5.5969,0.1382,12.6158,0.0917,0.3317,0.0035,4.3866,55.0427
13/10/2023 07:00,1,A,0.3301,72.2365,1.4318,2.8956,0.0641,4.2445,7.2204,1800.2507,36.0004,10.5728,2.0683,7.7197,17.2452,0.1543,11.2146,0.1876,2.5688,0.0352,0.422,112.9683,1.2329,54.2631,0.8931,7.9306,2.138,0.1439,15.3798,0.2744,0.4432,0.0039,3.7122,50.5316
13/10/2023 19:00,2,B,0.2159,59.5056,0.8608,2.1528,0.1006,4.3176,12.564,1738.3322,35.5954,11.6379,2.3287,8.2285,9.4016,0.0843,10.2014,0.1242,1.656,0.026,0.6016,183.2425,1.1284,52.0255,0.7311,8.9739,2.799,0.0838,15.1277,0.1838,0.3395,0.0161,3.7327,50.0738
14/10/2023 07:00,1,A,0.3215,79.4682,0.9502,2.1795,0.1263,5.8545,10.781,2532.5387,35.7641,15.468,3.2418,9.3661,14.4461,0.1244,12.6348,0.1047,2.1373,0.048,0.6702,193.6472,0.9348,51.3142,0.84,11.2978,2.88,0.1247,17.7499,0.1493,0.6091,0.0255,4.8841,55.491
14/10/2023 19:00,2,B,0.2419,82.5713,0.6751,2.0622,0.129,4.9477,7.3253,3490.9625,32.3669,13.838,3.286,8.2791,10.4758,0.0755,13.2171,0.166,1.9912,0.0292,0.7148,294.4462,1.6432,48.2981,1.0575,10.0257,2.5115,0.0854,17.2811,0.1463,0.3097,0.0112,4.4565,57.4231
15/10/2023 07:00,1,D,0.2449,96.8762,0.7239,1.275,0.07,5.2547,10.1505,3582.1238,33.2093,9.1449,2.0467,8.806,21.1828,0.1002,19.5318,0.0848,1.5892,0.0312,0.7671,244.7035,0.9701,50.0733,0.5168,8.4793,6.9365,0.0967,27.3359,0.1374,0.1896,0.0136,5.03,51.35
15/10/2023 19:00,2,C,0.4284,81.188,1.0443,4.1504,0.1894,5.6148,8.3811,2171.0609,38.4427,13.5661,3.828,10.1686,10.4177,0.0965,17.5069,0.1429,3.9144,0.1224,0.5459,218.0248,1.0395,52.0416,1.0239,11.3782,1.9034,0.1337,23.1405,0.1407,0.6634,0.0252,5.0114,49.4945
16/10/2023 07:00,1,D,0.5069,120.5609,1.0498,1.8391,0.1252,4.3959,7.3412,2896.162,26.7604,14.159,1.7102,7.1662,18.9921,0.1658,19.5746,0.0779,1.5619,0.0166,0.8438,263.2894,1.09,53.4606,0.6756,7.7516,6.5408,0.1903,28.0161,0.1035,0.1483,0.0014,3.9905,
16/10/2023 19:00,2,C,0.1722,92.548,1.1331,2.9079,0.0641,4.8821,5.5595,3146.9608,30.6038,12.862,1.3839,7.8538,19.8245,0.0826,13.8723,0.1085,2.4669,0.0246,0.8199,255.2258,1.2812,50.808,0.8364,8.4878,2.2561,0.0924,20.5704,0.1904,0.44,0.0066,4.1866,57.9462
17/10/2023 07:00,1,D,0.288,63.9499,2.029,3.7287,0.1738,4.8382,6.6214,1204.2203,32.9213,11.8165,2.7815,9.2469,14.2096,0.0944,15.1638,0.2533,3.278,0.0724,0.7727,217.9602,3.8925,47.6142,0.886,9.9065,5.2904,0.1266,16.8677,0.3915,0.5389,0.018,4.4856,55.0413
17/10/2023 19:00,2,C,0.4041,101.1411,0.9488,2.0436,0.063,4.3049,7.4411,2959.793,34.8029,14.0788,1.8668,8.8295,14.9276,0.1685,19.1805,0.2721,1.432,0.0226,1.0355,302.9049,1.6043,52.5868,0.4538,7.6708,3.31,0.2036,25.2332,0.2812,0.6548,0.0096,4.7017,50.912
18/10/2023 07:00,1,D,0.4814,83.6651,1.3698,3.3203,0.1102,4.5619,7.3618,2189.4072,37.1864,8.3624,2.4989,6.7743,16.3493,0.1388,20.9483,0.1998,3.0356,0.035,0.8433,248.0365,1.9919,50.0547,0.999,10.4345,4.4743,0.1649,25.2733,0.2572,0.3398,0.0037,3.8344,51.3214
18/10/2023 19:00,2,C,0.7178,82.1107,1.3606,2.6474,0.1432,5.668,12.346,2162.8914,32.5026,11.2958,3.3322,9.7291,14.485,0.213,15.5013,0.2081,2.6455,0.0487,1.4747,157.838,1.775,53.852,0.7798,9.3615,0.856,0.2238,19.3831,0.2648,0.6551,0.0252,4.8877,51.9333
19/10/2023 07:00,1,B,0.4758,54.3259,1.7917,4.5788,0.152,5.8628,6.2932,1072.3009,30.9337,14.4627,1.8893,7.9881,21.6011,0.1536,13.1768,0.2429,4.0148,0.0656,0.6932,109.0658,1.2746,51.1095,0.8081,10.679,2.606,0.1657,13.9696,0.2747,1.0031,0.0154,5.2407,48.4935
19/10/2023 19:00,2,A,0.2371,65.0205,0.5819,1.8962,0.0349,4.9951,8.4073,2961.2457,32.1312,15.5083,0.9671,8.7215,11.9364,0.1123,16.3826,0.1132,1.1389,0.0174,0.771,248.5365,0.7269,50.905,0.6512,9.2202,3.1763,0.1258,18.9724,0.107,0.3299,0.0111,4.216,56.3619
20/10/2023 07:00,1,B,0.4527,79.3476,1.4261,2.6596,0.0843,4.9179,12.4653,1888.1328,41.7927,13.0594,1.9037,7.9684,14.1276,0.158,17.2815,0.1331,1.9482,0.0217,1.0013,169.5374,1.6923,57.0587,0.5375,7.5685,1.1457,0.1621,22.4599,0.2052,0.6993,0.0161,3.8428,58.5015
20/10/2023 19:00,2,A,0.1871,89.686,0.4764,1.0417,0.0509,3.8779,6.0594,4087.6018,28.1373,11.6062,2.6,8.9048,22.3886,0.0815,17.6753,0.0953,0.9485,0.0188,0.9995,351.7597,1.9264,49.0741,0.774,10.0629,5.1322,0.0824,21.7432,0.1064,0.151,0.0125,3.5007,
21/10/2023 07:00,1,B,0.3387,67.5466,0.6478,1.2862,0.0753,5.0118,14.0041,2980.9203,33.4198,16.5865,2.487,8.3603,9.2739,0.1538,14.9357,0.0815,1.0302,0.0106,1.7077,335.2257,2.5149,52.6767,0.8868,10.142,1.1335,0.1503,16.8878,0.1335,0.1944,0.0084,4.5594,54.5943
21/10/2023 19:00,2,A,0.5107,107.9339,1.122,3.3662,0.0993,4.5445,6.5725,2095.5594,36.7143,11.1939,2.9245,10.2773,12.9589,0.1798,20.1854,0.2322,2.8988,0.0374,1.0527,294.5141,2.6934,52.6649,1.3331,11.2593,2.0594,0.2199,26.427,0.2422,0.4736,0.0119,4.3226,54.7579
22/10/2023 07:00,1,C,0.9085,92.2299,2.4753,4.7987,0.1905,5.7154,11.8071,1350.9032,42.2342,13.1738,2.1714,6.2563,12.7413,0.2643,12.3819,0.1856,4.7656,0.0753,1.1408,123.8636,1.8203,53.0517,0.642,8.5383,3.5293,0.3091,19.9457,0.3471,0.7847,0.0186,4.7994,59.2119
22/10/2023 19:00,2,D,0.2382,99.0254,1.103,2.0749,0.0752,3.9697,7.4716,2372.6448,36.2192,12.8029,1.7977,7.6297,13.2483,0.0946,21.3375,0.1727,2.0845,0.0432,0.905,264.8459,1.1014,55.1554,0.7489,10.242,2.4944,0.1003,26.9608,0.2071,0.292,0.0121,3.5452,51.134
23/10/2023 07:00,1,C,0.2295,69.5401,1.0318,1.8783,0.0596,4.8238,6.8476,2631.8385,30.2264,9.5079,1.727,8.0239,19.0007,0.0975,15.6765,0.0931,1.1782,0.0161,1.276,270.314,2.3292,51.4242,0.7713,8.2253,4.2018,0.1033,18.908,0.1668,0.2842,0.011,4.3647,62.1643
23/10/2023 19:00,2,D,0.4488,66.4423,0.9687,1.9336,0.0681,5.1783,11.5252,2355.8093,35.4333,14.817,1.9735,8.0735,12.4788,0.145,15.1357,0.1417,1.5796,0.0151,0.8552,191.0675,1.5152,50.6279,0.8845,11.4603,2.4796,0.1603,20.5872,0.1774,0.235,0.0071,4.352,51.1918
24/10/2023 07:00,1,C,0.2337,111.8564,0.9205,2.6071,0.0975,4.1749,8.5058,3558.5069,34.7039,12.2615,3.9778,8.222,10.0148,0.0868,12.7362,0.115,2.2136,0.0317,0.9486,320.9514,1.91,52.1358,1.254,8.5931,1.3718,0.075,23.4301,0.1726,0.2854,0.0148,3.6304,57.4552
24/10/2023 19:00,2,D,0.2205,66.72,1.023,2.0622,0.0889,4.0217,9.2009,1521.8099,32.7955,10.3887,2.1919,6.3747,14.3341,0.0784,7.3125,0.1591,1.876,0.0226,1.4203,170.4738,1.1505,49.6964,0.6941,8.2031,2.8983,0.0652,12.3718,0.1866,0.2938,0.0168,3.8248,54.0627
25/10/2023 07:00,1,C,0.3639,60.2731,0.9074,2.1901,0.075,4.0638,8.8315,2583.5491,40.4727,13.2234,4.6875,9.4673,5.8977,0.1048,15.9724,0.1279,2.0536,0.0244,0.563,137.1176,1.4725,53.8193,0.9933,8.4668,0.9702,0.1459,21.4461,0.2409,0.3829,0.0008,3.9172,53.5999
25/10/2023 19:00,2,D,0.418,106.6039,1.368,2.968,0.0978,4.5632,7.6617,3730.3746,36.4851,9.7097,2.0578,6.0245,12.0107,0.1455,25.1582,0.1454,2.1287,0.0295,1.0121,259.5405,3.234,53.299,0.8173,10.2236,0.7447,0.1503,26.1129,0.2157,1.0029,0.016,4.0379,55.2969
26/10/2023 07:00,1,A,0.3184,81.2644,0.9396,2.6502,0.1033,5.6248,8.2762,1992.4429,33.092,14.5074,2.5619,8.4965,16.3635,0.0931,14.3816,0.1063,2.3103,0.0624,0.7358,201.9943,1.0101,53.2269,0.6231,8.2809,3.2862,0.1143,17.7773,0.144,0.3368,0.0217,5.0474,58.8011
26/10/2023 19:00,2,B,0.2649,81.3124,1.0758,3.0907,0.1132,5.1372,5.6614,2514.7366,35.2785,12.4986,2.7212,8.1676,12.9525,,,,,,0.3922,163.78,1.4719,48.9583,0.8935,10.2895,2.9605,0.1036,27.6099,0.1999,0.485,0.014,4.573,61.4777
27/10/2023 07:00,1,A,0.268,74.5695,0.4596,1.3018,0.0504,4.6738,8.3988,3338.0343,31.8563,13.7408,2.7866,9.6395,16.3442,0.0881,14.0727,0.0965,1.1445,0.0186,1.5199,306.1794,1.7789,49.3533,0.945,10.014,4.6314,0.1012,18.0404,0.0802,0.1745,0.0109,4.4437,54.4991
27/10/2023 19:00,2,B,0.4829,74.6538,0.9176,2.145,0.0467,5.2508,6.67,2791.5914,39.3687,14.714,1.5969,7.4703,14.9488,0.1559,13.7292,0.2141,1.4923,0.0212,1.1102,162.703,1.5123,50.0745,0.5746,10.4357,3.2026,0.1811,16.4167,0.1894,0.2847,0.0,4.7179,67.418
28/10/2023 07:00,1,A,0.3692,74.8762,1.1052,2.2908,0.1396,4.8371,8.7904,2429.8502,31.3173,14.5901,4.2975,8.9,13.1124,0.1269,14.0096,0.1934,1.8453,0.0478,0.9509,234.8165,1.6342,51.3872,1.2468,8.3823,2.2494,0.1351,16.8789,0.2415,0.2099,0.012,4.4476,51.2537
28/10/2023 19:00,2,B,0.2756,62.0779,0.7109,1.6747,0.0974,4.4209,6.2992,1996.3071,32.0503,14.3776,3.0225,9.9838,13.0063,0.0973,16.953,0.0957,1.5219,0.0256,0.6545,209.1819,1.2645,48.6552,0.8372,9.3296,6.8126,0.0972,17.5719,0.1126,0.2674,0.0125,4.2507,57.0667
29/10/2023 07:00,1,D,0.3077,118.0677,1.2445,3.2424,0.1045,5.2881,6.752,2833.5256,38.5695,10.942,2.5128,7.6022,9.7163,0.1239,27.7762,0.2436,3.287,0.0429,0.7805,236.2562,2.087,54.2512,1.0226,9.1496,1.4682,0.1318,37.2622,0.2315,0.5777,0.0132,5.0172,51.6982
29/10/2023 19:00,2,C,0.5592,69.8817,0.7698,2.9446,0.098,5.1233,15.4974,2556.5689,36.2398,14.2457,2.751,9.7723,12.7751,0.1787,11.5193,0.0702,2.6711,0.0335,0.8972,197.8107,1.406,51.7242,0.681,9.4854,1.8831,0.2096,15.2847,0.0882,0.4285,0.0044,4.7582,
30/10/2023 07:00,1,D,0.4228,88.8443,0.9362,3.095,0.1617,5.6783,7.5923,2066.3918,32.879,13.6708,3.4296,7.0019,13.0181,0.1414,16.6325,0.1312,3.1484,0.0618,0.6636,138.4165,1.0996,51.6332,0.7874,9.8016,1.9338,0.1435,22.8427,0.1973,0.2642,0.0104,4.9244,47.4363
30/10/2023 19:00,2,C,0.2911,70.7655,1.1176,2.8021,0.1118,4.5281,9.5741,3470.8044,37.2911,10.482,2.8292,7.6713,13.3812,0.1559,18.5819,0.2031,2.5622,0.0302,0.8716,232.4516,2.0861,51.2823,0.7662,8.3892,3.8763,0.1557,19.8951,0.2846,0.8544,0.0241,4.4582,56.7427
31/10/2023 07:00,1,D,0.2624,86.4433,0.7587,2.0557,0.1211,4.5093,7.5885,2614.5519,29.6876,14.14,3.1207,8.3906,15.0607,0.1122,12.0008,0.0998,1.8908,0.0526,0.5134,241.3325,1.7833,52.0314,1.013,7.4987,1.4397,0.1096,18.3937,0.1223,0.289,0.0116,4.1211,49.3336
31/10/2023 19:00,2,C,0.6409,63.6355,1.2119,1.9576,0.0707,4.6215,8.7642,1734.2362,35.199,11.1683,2.2067,8.4061,15.5649,0.1763,11.8033,0.1241,1.3344,0.0137,1.5551,227.3121,3.1642,46.9945,0.7859,8.9868,5.4176,0.2204,16.6535,0.195,0.2183,0.0033,4.0059,63.7214
01/11/2023 07:00,1,D,0.4281,89.1656,0.8842,2.6565,0.0737,5.0985,7.5276,2532.9254,28.9955,11.9512,1.509,8.218,19.364,0.1226,14.2129,0.1712,1.9253,0.0289,1.2074,224.3311,2.0417,55.0188,0.7724,9.8954,2.8038,0.15,17.8433,0.1759,0.5629,0.0089,4.4095,43.0907
01/11/2023 19:00,2,C,0.238,117.4887,0.9259,2.5476,0.0749,5.308,6.0184,3868.54,39.319,10.7016,1.9034,8.1917,9.9401,0.1351,33.1216,0.2368,2.3339,0.0268,0.9841,376.6615,2.6777,52.3318,0.7834,9.8746,2.1742,0.1419,38.7207,0.3163,0.7789,0.0039,4.4251,57.5429
02/11/2023 07:00,1,B,0.4036,85.4533,0.7411,1.7482,0.0606,4.8166,8.4442,2716.1783,33.5,16.6,2.4208,9.4657,11.3847,0.1241,20.1132,0.0752,1.4948,0.0257,1.3702,257.0358,1.3397,54.6017,0.669,11.1927,2.4647,0.1571,25.9068,0.1439,0.3671,0.0042,4.6071,58.1366
02/11/2023 19:00,2,A,0.3625,90.8786,0.9907,3.0878,0.0757,5.8828,12.8554,2954.8071,37.0228,13.2823,1.8356,8.7046,15.4892,0.1643,20.8398,0.1245,2.8653,0.0252,0.7796,229.6214,0.8721,50.5525,0.8708,10.1531,3.2843,0.1719,23.3682,0.1598,0.537,0.0053,5.2596,57.1522
03/11/2023 07:00,1,B,0.2106,88.3886,0.8684,2.4215,0.0919,5.5315,8.0724,3913.2862,37.4717,14.0866,4.0748,9.9859,8.7437,0.1023,18.5684,0.1392,2.2919,0.0102,1.0868,416.3866,2.1472,52.2544,1.0055,9.3328,3.0234,0.0843,24.3141,0.2168,0.3098,0.0106,5.0156,58.0356
03/11/2023 19:00,2,A,0.3631,51.8042,0.816,2.4744,0.0756,4.4452,8.9386,2047.5132,38.5369,11.495,2.6241,8.6496,18.549,0.1421,12.3981,0.1286,1.615,0.0327,1.0406,201.466,2.3706,48.8584,1.1908,9.5891,6.6281,0.1804,16.7852,0.161,0.4396,0.0125,4.0607,57.9161
04/11/2023 07:00,1,B,0.2309,82.1577,0.7835,2.275,0.0763,4.7865,5.8517,3650.1255,37.308,11.9533,2.7259,9.1836,8.2821,0.1434,27.2481,0.1051,2.2003,0.0472,0.4581,261.4328,1.3134,53.0529,1.0505,10.8712,1.1455,0.1302,30.781,0.1494,0.3423,0.0121,4.3665,55.2234
04/11/2023 19:00,2,A,0.369,80.0734,1.4687,3.0468,0.1133,5.0734,10.1696,2740.2785,36.7362,8.7549,2.9664,7.6589,9.7916,0.1426,26.2413,0.2438,2.8076,0.0575,1.097,280.2398,2.4685,47.4914,0.8261,8.9789,2.7068,0.1826,35.8139,0.3667,0.7342,0.0209,4.8005,58.6066
05/11/2023 07:00,1,C,0.1886,84.8439,0.6164,2.1196,0.06,3.9663,2.4694,3710.7847,33.7494,13.7036,1.6802,8.1373,15.2618,0.0897,20.7837,0.1034,2.1857,0.0453,0.4941,266.9703,0.8828,52.0722,0.6017,10.1546,4.7806,0.1163,23.9617,0.128,0.3152,0.0131,3.7019,54.1587
05/11/2023 19:00,2,D,0.4204,95.3907,2.1167,3.8639,0.094,6.1804,7.7406,2311.4664,35.353,14.7215,2.3693,7.4861,18.6885,0.1598,20.9622,0.2326,3.0938,0.0406,1.0292,196.4106,2.1708,51.5204,0.8244,10.0172,3.4322,0.1614,24.229,0.3431,0.5098,0.0134,5.1446,62.1607
06/11/2023 07:00,1,C,0.8991,65.8273,1.1613,3.1552,0.174,5.1451,18.3538,1858.6391,33.3363,14.2461,4.9047,8.3904,14.3339,0.2717,9.9825,0.106,2.5168,0.0383,1.3081,117.9732,0.835,53.5156,0.8982,11.423,1.9188,0.2663,13.0214,0.1974,0.4213,0.0094,4.5583,48.2435
06/11/2023 19:00,2,D,0.2504,73.1184,0.3708,1.188,0.056,4.1574,9.1276,4928.2011,28.4792,10.0625,3.9642,9.9538,20.0052,0.1485,19.6282,0.0428,0.7431,0.0161,1.4714,427.8223,1.9294,52.9245,1.3454,9.5177,3.4976,0.1573,22.5868,0.1099,0.223,0.006,4.4814,52.2152
07/11/2023 07:00,1,C,0.5518,78.8374,2.6484,5.0461,0.1032,4.9562,4.2858,1228.4456,35.1299,13.8608,0.9004,6.8439,14.3004,0.1724,18.0381,0.2232,3.9765,0.0561,0.4847,120.1678,1.0715,51.3379,0.4935,8.0575,3.6852,0.2486,22.3644,0.3627,0.6791,0.0143,4.0797,52.5481
07/11/2023 19:00,2,D,0.4256,78.4695,0.8651,2.6849,0.1225,4.8996,9.2977,2289.4543,36.7983,13.0846,3.5773,8.9176,9.7946,0.157,15.2021,0.1859,1.8065,0.0279,1.0777,239.76,1.3272,51.575,0.9981,9.2401,4.0216,0.2013,23.1095,0.2264,0.4301,0.0208,4.2258,57.6357
08/11/2023 07:00,1,C,0.4148,86.7883,0.6657,1.9841,0.0992,4.1637,10.4994,2282.8134,36.0368,12.5252,2.7428,7.5164,15.9808,0.1247,13.8559,0.132,2.1099,0.0287,0.6975,203.1303,1.4054,52.6141,0.8139,7.2579,2.1021,0.1435,19.9987,0.1397,0.2241,0.0134,4.0577,53.1109
08/11/2023 19:00,2,D,0.4771,61.1345,1.1473,2.5614,0.1106,4.6397,12.4751,2385.71,40.9824,10.7986,3.4841,7.8696,9.3968,0.1637,17.806,0.2788,2.5124,0.0322,0.9892,182.1626,1.3632,50.6281,0.7308,9.1385,2.3032,0.1704,20.211,0.3255,0.5598,0.014,4.08,46.9277
09/11/2023 07:00,1,A,0.4978,102.4337,1.0726,2.5384,0.0897,5.1082,15.5021,4135.3561,35.8023,13.9907,2.4099,8.1772,8.9647,0.1985,20.4594,0.2305,2.0108,0.0302,1.0579,278.6281,1.6306,49.8053,0.9507,11.2749,5.7368,0.2251,26.1705,0.2653,0.5831,0.022,4.8338,56.6721
09/11/2023 19:00,2,B,0.3503,78.6492,0.7841,1.8596,0.0952,4.8569,13.8159,2922.5434,36.9982,12.6311,2.7605,9.0494,8.2755,0.1563,12.4695,0.0839,1.6434,0.0215,0.8927,287.4024,1.5783,48.1159,0.8278,9.9159,3.8087,0.1443,17.8517,0.1299,0.2378,0.0,4.5292,48.2249
10/11/2023 07:00,1,A,0.2469,56.5549,1.3589,2.5424,0.1135,4.1385,5.741,1683.8988,35.6875,14.2137,3.6088,8.6156,14.2888,0.0972,10.0533,0.0938,1.9833,0.0301,0.6307,152.6947,1.3333,49.8515,0.9613,10.853,3.24,0.1012,13.2607,0.2037,0.334,0.0155,4.2564,56.085
10/11/2023 19:00,2,B,0.3923,91.198,0.9542,2.4493,0.0508,3.7776,8.6826,3186.0297,37.7044,10.0687,1.698,8.678,13.8475,0.1403,18.5939,0.181,1.5757,0.016,1.173,256.7929,1.5225,54.7618,0.6794,8.472,2.5437,0.2003,23.6348,0.2042,0.6731,0.0046,3.6093,55.9776
11/11/2023 07:00,1,A,0.2887,96.6834,0.9998,2.4022,0.1151,4.5707,10.1704,3163.355,38.5273,9.3291,4.066,10.0904,14.1946,0.0966,17.7916,0.1276,2.1296,0.0563,1.0279,362.9505,1.5109,49.5879,1.212,10.0134,4.1471,0.108,24.1808,0.2079,0.1791,0.0128,3.9643,50.7227
11/11/2023 19:00,2,B,0.3319,89.4174,1.0974,3.6163,0.105,4.9,5.5393,1994.3376,34.1949,12.6645,3.1976,9.1036,15.9473,0.0815,17.1018,0.2846,3.1718,0.0546,0.6207,173.6513,1.0099,48.5502,1.1856,10.525,3.7272,0.1167,21.376,0.2623,0.4142,0.0204,4.1484,51.8056
12/11/2023 07:00,1,D,0.5062,90.4093,1.8388,3.3599,0.1418,4.9388,10.5977,1864.0973,38.0622,7.9929,2.4669,5.9643,11.1157,0.1911,14.3602,0.2542,2.6612,0.071,0.62,166.4286,1.548,48.9393,0.9189,9.7029,5.8085,0.1789,24.4211,0.3433,0.6187,0.0206,4.2074,53.6968
12/11/2023 19:00,2,C,0.5452,87.5291,0.9365,2.5744,0.1203,4.2699,17.1388,2623.5999,33.2567,12.8332,3.1615,8.0436,14.6434,0.1938,21.0145,0.2456,2.138,0.0472,1.0657,352.0567,2.1691,47.9076,1.0868,10.28,7.5269,0.2177,27.2935,0.2578,0.4025,0.0152,4.1543,50.6364
13/11/2023 07:00,1,D,0.5389,121.0218,2.3032,4.0086,0.1272,5.2155,8.6003,1966.0,39.5145,14.8022,2.1233,7.6789,11.1932,0.1944,27.444,0.1745,4.3978,0.0348,0.7183,135.2701,0.93,51.6404,0.8081,8.2291,3.3238,0.2504,34.6061,0.3244,0.7582,0.0166,4.7715,55.8215
13/11/2023 19:00,2,C,0.3129,64.7861,1.1884,3.1918,0.0769,4.1572,8.3371,1902.552,35.8932,16.8591,2.5649,8.4717,12.0363,0.0852,13.5263,0.2548,2.9003,0.0461,0.7315,170.4855,1.3696,51.4276,0.9244,9.9909,2.9905,0.102,15.9737,0.3414,0.6287,0.0191,3.5582,54.3094
14/11/2023 07:00,1,D,0.2487,87.599,1.1509,2.5333,0.1097,5.2083,7.0584,2426.883,37.173,13.9502,2.6623,9.2644,12.438,0.1073,12.9069,0.1549,2.3657,0.0399,0.8866,161.7397,1.6632,51.7987,0.957,10.3489,1.9564,0.1253,18.0178,0.1793,0.3056,0.0046,4.5518,60.9224
14/11/2023 19:00,2,C,0.3584,95.7462,1.4696,3.4921,0.0934,4.7242,8.7505,2678.1059,36.3907,11.6127,1.7377,6.8837,15.6674,0.1398,21.0186,0.3004,3.2379,0.0372,0.8075,300.1459,2.1374,51.6085,0.944,10.0673,2.0774,0.144,27.8937,0.3306,0.457,0.0079,4.3976,53.8005
15/11/2023 07:00,1,D,0.2238,81.3809,0.9189,2.3731,0.0666,3.8938,6.6985,3793.7823,35.5983,10.6686,3.4943,9.3759,15.7636,0.063,19.781,0.1153,1.9047,0.0158,0.9034,334.9863,1.7122,49.8415,1.0071,9.9194,2.5808,0.0847,24.6752,0.1605,0.3123,0.0112,3.8037,50.4409
15/11/2023 19:00,2,C,0.2549,83.2144,1.053,2.8797,0.0792,5.3648,3.9744,2499.4534,35.3305,13.3082,1.873,9.3954,14.3161,0.1177,16.966,0.1369,2.6151,0.0485,0.871,233.5383,2.2337,49.524,0.7354,10.4024,5.1195,0.1346,21.8318,0.1762,0.3823,0.0089,4.7402,
16/11/2023 07:00,1,B,0.5418,59.5603,1.0634,1.8681,0.1079,5.6433,19.3257,2852.5666,32.47,12.5914,3.1869,8.8556,10.7484,0.1914,14.8932,0.2209,1.7488,0.0406,2.0299,200.1688,1.8536,50.1677,1.0444,9.9656,2.6377,0.2059,18.5111,0.2199,0.3113,0.0064,5.0686,48.8269
16/11/2023 19:00,2,A,0.1771,75.5484,0.4553,1.678,0.0399,4.0898,4.3394,2988.1133,26.3509,13.1762,1.331,7.1048,18.3434,0.0718,13.0829,0.0609,1.2522,0.0123,0.5553,273.7216,0.8766,50.4978,0.9084,8.9172,3.5158,0.0832,19.3052,0.0721,0.1293,0.003,4.106,52.2611
17/11/2023 07:00,1,B,0.4391,122.0005,1.5655,2.9051,0.0356,6.3316,5.6723,3190.464,41.9926,14.3649,0.6305,5.8646,15.1542,0.1997,30.01,0.1734,2.9494,0.0188,1.0969,270.5438,0.7779,51.9501,0.5017,10.2095,0.8958,0.2284,37.1909,0.2036,0.5232,0.0,6.2774,63.2526
17/11/2023 19:00,2,A,0.2693,149.3019,0.8112,1.7785,0.0672,4.8983,10.6457,4764.3298,35.1471,10.2877,1.7419,6.9929,15.8661,0.1041,25.6459,0.1357,1.7538,0.0199,0.5804,236.1262,1.3941,52.6909,0.6218,9.5126,3.3076,0.1238,35.0095,0.1576,0.2063,0.0024,4.0544,55.8379
18/11/2023 07:00,1,B,0.4236,89.0308,1.1083,2.3794,0.0708,5.2431,9.701,2482.2194,34.4662,14.9505,2.2588,9.0018,10.03,0.1587,20.271,0.0689,1.7436,0.0146,1.3208,273.5782,1.3584,49.9577,0.704,10.0198,5.8671,0.1725,23.9592,0.1889,0.6364,0.0123,4.9029,59.2908
18/11/2023 19:00,2,A,0.3356,73.61,1.1214,3.1364,0.1058,5.2313,8.3334,2143.133,36.4847,8.2956,1.7019,7.6131,14.7717,0.1377,17.958,0.1361,2.764,0.044,0.661,158.4966,1.4618,50.8984,0.9881,9.6322,1.4502,0.1225,23.1439,0.227,0.6074,0.0166,4.5309,
19/11/2023 07:00,1,C,0.3266,104.681,0.9339,2.394,0.1175,4.9147,12.0322,3387.6157,37.9713,13.6051,2.9822,7.7612,11.1099,0.0996,17.2032,0.0876,1.5856,0.0227,0.8222,232.8464,0.9949,53.3107,0.7773,9.0765,1.5509,0.1247,23.2543,0.1504,0.4145,0.0095,4.3284,51.446
19/11/2023 19:00,2,D,0.394,90.7115,1.3026,2.7006,0.0809,4.6421,10.7107,1839.0653,36.3343,12.2823,1.3861,7.3014,16.8228,0.1608,18.8683,0.1611,2.3413,0.0401,0.7742,131.8332,1.6147,54.5497,0.6655,8.5208,2.4661,0.153,22.2139,0.2139,0.526,0.0164,4.331,56.7968
20/11/2023 07:00,1,C,0.2806,68.4254,0.9089,1.5465,0.0444,4.9574,7.4775,2310.0733,30.9936,8.9261,2.2121,9.1737,13.3624,0.0909,23.5072,0.087,1.5664,0.0198,0.924,252.3995,1.7628,51.5697,0.8094,9.4841,3.8912,0.1125,24.5933,0.1415,0.2961,0.0052,4.2923,57.5752
20/11/2023 19:00,2,D,0.2666,117.1791,0.5562,1.2172,0.0608,4.6037,7.9288,6215.8602,38.7976,11.9483,2.3794,7.4206,11.5065,0.141,30.5448,0.1118,1.2756,0.029,0.9429,410.7442,1.4,49.9637,1.0949,8.1913,2.0847,0.1549,37.2227,0.1383,0.1841,0.0086,4.0386,57.029
21/11/2023 07:00,1,C,0.2278,100.4104,0.814,1.9754,0.09,4.3987,8.995,3628.9677,29.5028,9.7186,4.4172,9.3222,15.4404,0.1032,18.9688,0.1262,1.5133,0.0221,0.9996,311.5489,1.2978,50.7117,0.9597,9.3554,3.5665,0.1109,25.6648,0.1376,0.2768,0.018,4.2256,57.2334
21/11/2023 19:00,2,D,0.5461,100.3967,0.7218,2.4095,0.1428,4.4733,11.0239,3067.1511,30.7414,11.0945,5.2148,9.1202,16.5378,0.1653,21.5879,0.1386,2.4612,0.0458,1.0187,212.0857,1.0731,52.1385,1.2244,8.6735,2.6117,0.2012,26.1825,0.2004,0.5431,0.0111,4.0229,52.4798
22/11/2023 07:00,1,C,0.5325,96.5744,1.0917,2.2473,0.0708,4.5541,10.6074,4049.6854,33.6926,13.9784,3.4251,9.9986,12.2481,0.1817,20.9837,0.0897,2.3138,0.0253,1.2907,255.4226,1.4695,51.4306,0.9442,9.1463,2.7236,0.231,26.3019,0.1772,0.2904,0.0005,4.3963,55.1726
22/11/2023 19:00,2,D,0.4856,65.8511,1.1432,3.1923,0.0975,4.7244,9.3203,2037.2602,34.8475,18.2641,3.2314,9.5157,11.914,0.1958,15.8295,0.1077,2.9083,0.0243,0.8445,161.5566,0.9954,52.3431,0.7027,9.2385,1.5399,0.2265,18.8036,0.1113,0.3966,0.0009,4.7348,56.451
23/11/2023 07:00,1,A,0.1755,83.3559,0.9708,2.0347,0.0773,4.3757,3.978,2333.111,31.7932,10.5064,2.6171,8.5163,17.2605,0.0925,17.1983,0.1154,1.8348,0.0339,1.1088,340.6281,2.2151,52.3634,0.7146,8.7355,1.3515,0.0824,21.5048,0.1996,0.452,0.0071,3.7072,54.9082
23/11/2023 19:00,2,B,0.4595,104.6215,1.4209,2.6894,0.1322,4.8171,12.2722,3054.9347,35.9815,12.2536,2.6338,7.7999,9.6315,0.166,18.0516,0.2097,2.2292,0.0368,0.9041,198.9652,2.1178,54.9977,0.7118,10.5643,1.4558,0.1662,20.4396,0.333,0.3815,0.0162,4.3218,51.6226
24/11/2023 07:00,1,A,0.2868,68.7101,1.9524,3.428,0.1058,4.2914,5.9637,1329.4936,41.092,11.6806,1.0305,6.284,13.6115,0.1474,17.9309,0.2,3.1745,0.0466,0.9893,135.3063,1.4241,49.4602,0.5182,8.7625,5.1472,0.1328,23.7068,0.319,0.551,0.0017,4.4191,57.8068
24/11/2023 19:00,2,B,0.5055,86.3375,1.1436,2.4308,0.0935,5.4654,8.8987,1924.0329,33.8349,14.835,1.714,9.3838,15.4552,0.1933,22.291,0.1278,2.6311,0.0491,1.2063,258.002,1.3359,53.8945,1.0332,10.3878,1.4267,0.1962,26.3193,0.1932,0.2817,0.0098,4.6536,55.7618
25/11/2023 07:00,1,A,0.2949,81.271,0.9572,2.1606,0.0878,5.1042,9.7316,3568.7323,34.1298,10.7904,2.6097,8.4848,13.9059,0.1093,20.1291,0.1576,2.3308,0.046,0.9911,333.5271,2.3644,50.5325,1.0183,11.1923,3.0452,0.1447,25.3232,0.2132,0.3582,0.0227,4.1276,64.0022
25/11/2023 19:00,2,B,0.3559,108.5415,1.5401,4.5296,0.1677,5.3902,5.9336,2269.1676,34.5186,11.3636,2.4806,8.4604,14.2944,0.1315,13.0655,0.2564,4.3301,0.087,0.4411,148.0126,1.3917,51.1961,0.7582,8.9683,2.8495,0.1457,20.8449,0.2774,0.8788,0.0191,5.119,56.2247
26/11/2023 07:00,1,D,0.3197,61.2166,0.7639,2.3327,0.0921,5.1768,12.1741,2230.5619,42.4009,14.2354,2.6919,8.3127,7.7582,0.1769,18.6203,0.1601,1.9245,0.045,1.264,299.5828,2.3586,52.8583,0.8209,9.8416,1.3866,0.1764,20.9494,0.1776,0.4292,0.0182,4.1262,51.3287
26/11/2023 19:00,2,C,0.3303,81.1575,0.9243,1.9869,0.0759,4.3758,6.5507,4247.7515,34.4184,10.7084,3.1361,8.3325,13.0586,0.14,20.3667,0.1341,1.9049,0.0346,0.6674,289.4673,1.5515,53.1533,0.9015,8.4786,1.8412,0.1939,23.2023,0.1874,0.4558,0.0262,3.915,53.3393
27/11/2023 07:00,1,A,0.3821,91.6501,1.5281,3.5071,0.1163,5.7586,14.1279,3140.5589,39.1007,15.2082,2.7717,9.9446,10.4915,0.1191,19.2375,0.1341,3.274,0.0402,0.962,215.4668,1.1702,54.9006,0.7849,10.0296,1.1386,0.1607,23.7634,0.2744,0.4968,0.0131,5.3159,52.9687
27/11/2023 19:00,2,B,0.3259,78.0222,1.2951,2.8415,0.0663,4.2946,6.7493,2554.3533,43.6558,9.3896,1.0811,7.0132,10.1025,0.1307,20.3524,0.2631,2.3237,0.0357,0.8761,173.0996,1.6562,48.0017,0.6336,10.4806,1.9606,0.1239,22.7773,0.3476,2.2589,0.0144,4.538,60.3956
28/11/2023 07:00,1,A,0.557,68.4702,2.2491,3.9289,0.1389,4.585,7.5884,1649.3503,43.8788,13.5573,2.7531,7.2671,8.2588,0.1887,18.3703,0.3241,3.6975,0.0573,0.7406,169.453,1.2232,55.3465,0.9677,9.6109,2.283,0.1974,19.2688,0.4286,0.6099,0.0107,4.5464,51.062
28/11/2023 19:00,2,B,0.3734,100.6285,1.2494,2.1488,0.0867,4.284,9.2595,2268.0719,33.1513,15.3853,1.4166,8.4627,14.6274,0.1275,18.1402,0.1658,1.8642,0.0195,0.7521,195.3727,1.1436,50.857,0.5753,8.2342,2.5038,0.1903,24.6478,0.1995,0.439,0.0076,4.6013,62.998
29/11/2023 07:00,1,A,0.4405,66.4229,1.6903,3.9341,0.1032,5.5418,9.941,1418.4673,39.9985,10.178,1.8075,6.5189,12.6803,0.1824,12.9075,0.1907,3.1381,0.0592,0.8189,102.4027,1.5219,53.9283,0.7899,10.6374,1.568,0.166,17.8233,0.2248,0.9134,0.0246,5.089,55.1781
29/11/2023 19:00,2,B,0.3413,93.961,1.5451,3.2274,0.0915,5.8284,6.6084,2314.7614,32.8907,12.553,1.6755,8.3168,16.2815,0.1147,20.6479,0.1385,2.8657,0.0604,0.671,189.8192,2.0003,49.0604,0.7041,10.5186,5.8408,0.1422,25.3072,0.2222,0.3478,0.0155,4.9778,58.2605
30/11/2023 07:00,1,C,0.4074,84.4527,0.8493,2.5095,0.0956,4.2285,9.8262,2226.5852,32.331,10.5753,2.6548,7.5535,15.45,0.1425,18.0628,0.0892,1.9792,0.0519,0.9957,196.6827,1.339,52.4813,0.8761,9.8784,3.3615,0.1416,24.2353,0.1369,0.395,0.0009,3.5396,53.026
30/11/2023 19:00,2,D,0.2674,77.3287,0.8122,2.188,0.0888,4.5666,8.0283,2402.9169,35.8111,13.3005,2.1447,8.7811,11.0624,0.1196,13.5777,0.1812,1.9748,0.0311,0.8093,243.8942,2.3556,50.6958,0.7717,10.134,3.3089,0.1093,20.3314,0.1531,0.3137,0.0193,4.1358,56.7655
01/12/2023 07:00,1,C,0.219,94.393,0.8527,2.7673,0.0856,5.8392,7.4144,3853.5409,34.2642,14.7006,2.3273,9.6322,11.4133,0.1257,26.5228,0.1455,2.4722,0.0223,0.8287,331.0153,0.7963,51.7475,0.6693,11.3489,2.4557,0.1316,30.2554,0.1819,0.4299,0.0111,5.4713,57.5282
01/12/2023 19:00,2,D,0.2772,88.2844,1.2955,2.6095,0.0927,4.9947,5.9136,2441.3382,37.7849,16.133,1.9665,7.3216,16.7166,0.105,15.3331,0.1073,2.3947,0.0301,0.5544,144.9873,0.6838,54.1129,0.969,9.1584,2.4088,0.1075,20.2921,0.1898,0.359,0.0203,4.3033,55.4389
02/12/2023 07:00,1,C,0.4122,85.452,1.5427,3.5149,0.0666,5.3332,6.4811,2628.777,40.1669,12.8241,0.7831,6.1906,8.1558,0.1887,20.8752,0.2079,2.4571,0.0213,1.075,195.5757,1.5638,50.4817,0.7593,8.6481,2.6843,0.2291,24.2073,0.2252,0.687,0.01,4.7166,58.4474
02/12/2023 19:00,2,D,0.3192,64.8881,1.4639,2.6969,0.0833,4.6428,3.6129,1893.5317,33.1251,10.7922,1.8644,7.7133,17.9188,0.1282,14.7807,0.2286,3.1174,0.0328,0.5923,140.7061,1.0951,55.3617,0.5289,9.7345,0.9218,0.1451,18.3085,0.2535,0.413,0.0102,4.0456,56.2741
03/12/2023 07:00,1,A,0.4238,82.735,0.5103,1.0277,0.0569,3.3236,11.9586,4104.4938,31.9549,12.4389,2.6907,8.6864,12.4712,0.1698,25.498,0.1093,1.0285,0.0104,1.7213,388.9157,1.5112,50.7507,0.7516,8.6933,3.7764,0.2061,27.8165,0.128,0.1653,0.0,3.4207,57.1293
03/12/2023 19:00,2,B,0.3804,110.8978,1.221,2.8686,0.1538,4.8348,7.7184,4021.945,38.5158,9.7069,4.2842,8.2412,13.087,0.1423,19.8857,0.2211,2.3939,0.0426,1.0175,306.2546,2.2166,51.1695,0.8463,10.1707,2.8699,0.1455,25.8933,0.2746,0.4446,0.0245,3.8379,54.1699
04/12/2023 07:00,1,A,0.405,65.0133,1.5703,3.1243,0.1074,5.277,10.6223,2231.4425,43.3393,14.4709,1.9584,7.4214,10.8343,0.1567,13.9854,0.2163,3.6552,0.0371,0.6618,226.7302,1.531,51.4533,0.8033,9.8562,6.9474,0.1513,15.2344,0.3067,0.4333,0.008,4.4401,67.4316
04/12/2023 19:00,2,B,0.3369,86.1885,1.9187,3.0686,0.0934,4.7012,6.9909,2046.6037,36.3371,11.9789,1.4909,5.8785,16.7475,0.149,17.3434,0.15,3.1611,0.0363,1.0549,141.1705,1.2299,56.7833,0.5605,8.1848,1.617,0.1255,21.1537,0.2614,0.4527,0.019,3.8489,59.6101
05/12/2023 07:00,1,A,0.4701,76.0486,1.9149,5.1466,0.2236,5.1275,6.9141,1705.1333,36.9491,16.9399,3.2032,9.0645,9.247,0.1779,21.0182,0.2681,3.7376,0.0666,0.6207,199.9304,1.7158,50.7941,0.9735,9.9616,3.5446,0.1967,22.1702,0.3981,0.8315,0.0262,4.1468,52.4265
05/12/2023 19:00,2,B,0.282,71.2284,1.1003,1.8905,0.0607,4.0206,9.3548,3123.5171,33.0577,9.7777,1.9847,8.4792,13.4558,0.1011,19.5958,0.1583,1.7374,0.0275,0.828,273.5752,1.827,53.5,0.6242,8.4338,2.1675,0.1274,19.7485,0.2052,0.2524,0.0065,3.4045,62.6835
06/12/2023 07:00,1,A,0.3053,68.7228,1.1882,2.1396,0.053,4.2884,8.5321,2235.7784,32.6919,11.6705,2.4548,8.3329,13.0784,0.1264,21.3823,0.1857,2.004,0.0284,0.7728,274.9823,0.9632,56.1977,0.924,8.8597,2.0802,0.1491,21.6241,0.309,0.3469,0.0,4.246,54.3466
06/12/2023 19:00,2,B,0.3411,97.6565,0.9114,1.6313,0.043,4.4657,6.5751,3136.5885,26.1466,13.7116,1.6347,7.42,10.5088,0.1438,20.213,0.0779,1.3995,0.018,0.9622,224.207,0.9795,47.5756,0.5154,10.2296,3.655,0.1452,24.6838,0.1564,0.296,0.0196,3.7037,52.6866
07/12/2023 07:00,1,C,0.7859,86.069,1.6228,5.195,0.2978,5.7068,16.9838,2357.3008,34.1041,13.3256,4.65,8.5328,12.6781,0.22,15.2312,0.1359,4.4531,0.118,0.7989,136.3204,0.9425,53.2678,0.7232,11.9227,2.8587,0.2168,19.3091,0.2015,0.6741,0.0148,4.9639,51.1553
07/12/2023 19:00,2,D,0.641,108.702,1.8965,3.7167,0.1622,5.6508,10.605,2006.6698,37.7489,12.8413,2.1225,8.4567,13.2142,0.1751,16.5325,0.1623,1.6935,0.0488,0.8089,216.4539,1.4526,52.2898,0.8028,9.5286,3.4128,0.184,22.9997,0.2722,0.7089,0.0151,4.6943,48.1624
08/12/2023 07:00,1,C,0.314,49.5274,0.7827,1.5046,0.0367,4.3567,9.4534,2664.7683,30.573,11.9556,1.6759,8.2332,13.1362,0.1603,16.2238,0.1201,1.775,0.0202,1.124,306.8776,2.487,52.9259,0.593,9.9386,2.2894,0.1721,16.7221,0.1922,0.315,0.0094,3.6686,55.1816
08/12/2023 19:00,2,D,0.4809,109.5131,1.3097,3.8332,0.2149,4.4699,9.2797,2669.2649,36.7592,10.8329,4.4723,8.9806,11.5068,0.1683,20.3539,0.1633,3.3767,0.1074,0.7492,156.8567,1.0772,52.8637,1.1154,10.5873,2.1108,0.1989,27.9227,0.2296,0.3863,0.0144,3.9081,49.8394
09/12/2023 07:00,1,C,0.3827,86.6991,1.2592,2.9492,0.0795,4.5885,8.7281,2431.224,40.4435,8.9044,2.1448,6.697,12.6202,0.1079,16.8801,0.147,2.8773,0.0268,0.8279,200.7035,1.1244,49.0014,0.7195,9.828,3.7829,0.1344,22.0131,0.2482,0.3574,0.001,4.1926,55.4371
09/12/2023 19:00,2,D,0.3987,63.1435,1.0996,1.714,0.0512,4.5,10.5582,3117.9969,40.223,12.6653,1.6566,7.3982,11.3735,0.1488,14.5086,0.1363,1.3251,0.0174,1.6375,293.904,2.257,52.6617,0.4864,11.1335,3.0126,0.1806,17.0615,0.1653,0.2558,0.0064,4.5163,55.743
10/12/2023 07:00,1,B,0.2973,137.81,1.3795,4.2153,0.1419,5.2903,7.7435,3913.6394,35.1717,13.1661,3.7176,8.8476,15.3244,0.1333,22.3795,0.1347,2.8512,0.0497,0.9512,294.0462,1.5319,50.9958,1.1142,10.4198,2.8034,0.1068,33.9361,0.2273,0.4974,0.0082,4.9861,
10/12/2023 19:00,2,A,0.3375,82.6861,0.8415,1.8297,0.0454,4.0442,8.9648,3749.5717,39.1524,11.8284,1.6773,8.3701,10.8475,0.1416,18.5931,0.157,1.3719,0.0228,1.0425,327.108,1.4109,47.6327,0.9056,9.9012,3.1601,0.1457,21.939,0.1804,0.536,0.0063,3.9154,54.7664
11/12/2023 07:00,1,B,0.3194,70.5181,1.0325,2.4256,0.115,4.7753,9.477,1974.0104,36.2337,9.316,2.9162,8.6341,13.288,0.1625,18.8337,0.1354,1.9934,0.0514,1.1478,176.9915,1.0913,51.7462,0.7821,9.1646,2.7609,0.1607,23.8995,0.2165,0.3421,0.0164,4.8673,59.502
11/12/2023 19:00,2,A,0.5179,97.4822,1.2534,3.2305,0.1064,5.8625,11.2118,2333.41,35.3639,16.4059,2.6744,9.2695,10.4833,0.2077,20.5782,0.2501,2.559,0.0466,0.9289,221.4082,1.7919,47.2135,0.9489,9.3635,5.2725,0.2107,28.0314,0.3324,0.4982,0.0194,5.3622,52.8225
12/12/2023 07:00,1,B,0.2234,81.7633,1.114,2.7366,0.0826,5.1961,6.0855,1960.4575,36.7925,15.4474,2.5512,7.8067,12.6304,0.1228,13.5809,0.0748,2.2959,0.0332,0.6229,165.1068,1.5799,52.976,0.9907,8.8078,2.6788,0.0896,20.2775,0.1666,0.5321,0.021,5.374,56.0661
12/12/2023 19:00,2,A,0.7277,64.7693,2.2068,4.087,0.1665,4.9087,15.1992,1474.5416,44.5341,13.6016,3.1153,7.4941,10.8045,0.21,13.1009,0.4451,3.2143,0.065,1.2415,150.9134,1.9222,51.0926,0.675,8.5177,3.5168,0.2396,17.5201,0.4735,0.8436,0.0122,4.2881,
13/12/2023 07:00,1,B,0.1726,82.0942,0.5201,1.2271,0.0458,3.8581,7.0396,6348.6298,34.1084,9.6644,2.543,9.152,16.4929,0.1171,20.7679,0.0971,1.1918,0.0288,0.8294,473.5412,2.0999,49.268,0.9731,8.5004,2.1598,0.0995,24.214,0.1609,0.2464,0.0103,3.1896,55.2801
13/12/2023 19:00,2,A,0.2198,105.9293,0.9694,3.1096,0.094,4.5326,7.3755,3312.8789,32.0858,16.6619,2.6251,8.6955,13.578,0.0727,14.5054,0.0937,2.475,0.0205,0.3781,182.7279,0.9131,51.8804,0.7209,8.1148,4.6608,0.1024,23.4946,0.1025,0.3748,0.0028,3.8806,58.4564
14/12/2023 07:00,1,D,0.2472,109.5776,0.8355,1.335,0.0444,4.4604,6.2942,3407.9489,35.0036,12.4353,1.5657,8.5543,13.5584,0.1067,27.5817,0.0989,1.2424,0.0207,0.6065,341.2914,1.6206,50.2658,0.7047,8.8805,5.8343,0.1478,34.0926,0.1374,0.1679,0.0049,3.8045,53.1473
14/12/2023 19:00,2,C,0.2391,74.1386,0.5763,1.2692,0.04,3.867,6.907,3440.221,35.0781,9.5601,1.9937,9.2627,12.9754,0.1054,14.9277,0.0921,0.6969,0.0144,1.035,342.0354,2.0076,52.4871,0.8053,8.1953,1.5295,0.1084,17.8676,0.1474,0.175,0.0038,3.4562,51.6957
15/12/2023 07:00,1,D,0.2781,84.6377,1.0872,1.783,0.0737,4.3074,10.1941,3009.4017,34.4971,10.0978,2.7533,8.5102,16.1839,0.0889,11.0924,0.2129,1.652,0.0206,1.5272,247.6878,1.7762,53.6061,1.2682,9.0161,2.5076,0.1078,17.4294,0.2435,0.2615,0.013,4.3011,53.2701
15/12/2023 19:00,2,C,0.4583,123.8065,1.1402,1.9773,0.075,5.0962,5.8171,2661.2258,29.4559,12.6755,1.7302,8.4824,21.3683,0.1491,22.5638,0.134,2.6686,0.0347,0.9644,186.9121,1.2035,51.2999,0.5576,10.2176,7.6985,0.1841,27.2079,0.1875,0.3237,0.0,4.6641,55.9623
16/12/2023 07:00,1,D,0.2846,88.4419,0.9979,2.1975,0.0506,4.8861,7.1605,2948.2196,34.9504,14.5156,1.5272,10.0648,12.2307,0.1112,14.8537,0.2678,1.7569,0.0199,0.91,231.3953,2.7614,51.6192,0.7817,10.6029,3.5923,0.1051,22.4621,0.3026,0.3992,0.0,4.6043,52.6586
16/12/2023 19:00,2,C,0.5149,61.8411,0.8839,2.0319,0.0669,4.6161,12.8557,1849.5949,29.9745,13.0057,3.6978,9.7629,13.6551,0.1442,10.033,0.1452,1.3397,0.0249,0.6467,125.7755,1.5969,49.6097,0.9662,10.3515,3.9254,0.1726,14.5217,0.1644,0.2709,0.0151,3.376,56.2843
17/12/2023 07:00,1,A,0.2353,70.8368,0.8742,1.5466,0.077,4.722,8.0178,3432.2106,27.9777,9.9438,3.7953,9.9151,13.0791,0.1098,18.1442,0.0992,2.0543,0.0266,0.8721,244.5588,1.2518,49.9515,0.8519,11.6693,4.5259,0.1276,18.5098,0.14,0.1454,0.0005,4.304,51.304
17/12/2023 19:00,2,B,0.5335,102.2237,1.2644,3.5107,0.1292,6.7231,11.2057,3169.3757,38.8485,17.7781,3.8691,9.1376,7.3762,0.158,14.4117,0.2569,3.0437,0.0681,1.1828,187.2362,1.8205,51.965,0.8468,11.4656,1.5903,0.2039,21.2978,0.3128,0.7026,0.026,5.8878,51.5159
18/12/2023 07:00,1,A,0.3357,50.9735,0.9545,2.331,0.0965,4.6077,9.393,1804.4285,29.0477,13.7849,2.1376,7.4933,21.094,0.1316,13.443,0.1132,2.305,0.0251,1.0373,210.6705,1.692,49.9809,0.6979,9.998,4.4045,0.1131,12.9105,0.1739,0.2739,0.0005,4.5461,54.4169
18/12/2023 19:00,2,B,0.3655,68.1377,1.0721,3.0321,0.0839,4.9147,7.2438,1906.8262,35.9081,13.5186,3.4599,8.9275,13.4182,0.1547,15.4901,0.1076,2.6753,0.0461,0.9925,200.7883,1.0778,51.6413,0.789,9.0126,2.136,0.1669,18.4416,0.1646,0.458,0.0095,4.6227,
19/12/2023 07:00,1,A,0.3388,75.4443,0.762,1.5747,0.0993,5.408,10.4113,2551.0414,34.5124,14.8578,3.6921,8.3238,13.1659,0.1016,11.5578,0.0878,1.321,0.0379,1.1846,196.7776,1.7604,50.4976,1.0337,9.7814,2.0269,0.1075,15.9505,0.1324,0.2051,0.0196,4.4997,55.2216
19/12/2023 19:00,2,B,0.4425,105.1258,1.2187,2.1316,0.0714,4.8805,13.3847,3360.1763,30.9015,14.5152,2.9369,9.3115,12.3037,0.153,13.7586,0.2053,1.8603,0.0187,1.2978,293.2851,2.5211,47.976,0.8594,9.0652,5.1688,0.1508,21.7396,0.2141,0.6311,0.021,4.7886,57.0121
20/12/2023 07:00,1,A,0.5335,70.8606,1.1278,4.032,0.2358,5.5799,13.0802,1899.482,33.0387,12.5999,4.2466,10.0916,12.1471,0.1767,20.7292,0.2227,3.7315,0.122,0.9393,148.1859,1.1836,51.2721,0.893,9.8882,3.4609,0.1902,23.5684,0.2376,0.4897,0.0215,5.2456,47.6025
20/12/2023 19:00,2,B,0.3833,107.8073,0.6664,2.5185,0.0407,5.7562,8.0169,3456.591,35.9739,13.4192,2.0507,9.6262,7.9604,0.1644,20.032,0.1714,1.3394,0.0322,0.6589,336.7196,3.1362,47.8799,0.9019,10.8123,3.1017,0.2068,28.9067,0.1693,0.4248,0.0083,5.1072,54.7261
21/12/2023 07:00,1,C,0.3069,89.4732,0.8687,1.8302,0.0294,4.1663,7.3266,3145.3033,36.0462,9.2351,1.8227,7.2966,17.0462,0.1187,20.6084,0.0898,1.0801,0.0178,1.3089,290.723,1.1331,53.8368,0.5972,7.839,2.4459,0.1497,21.9797,0.1153,0.2581,0.0067,4.1172,55.756
21/12/2023 19:00,2,D,0.2701,75.7277,1.8157,3.8538,0.195,5.2868,4.4752,2014.3941,38.6875,12.0055,2.1635,6.7393,10.9509,0.135,17.4304,0.4223,3.6873,0.0883,0.5734,165.9511,2.1401,51.7402,0.9208,9.5825,4.1048,0.1265,18.7269,0.4113,0.8556,0.0299,4.4717,47.4161
22/12/2023 07:00,1,C,0.4398,70.2985,0.8898,2.0222,0.0766,4.696,9.138,2299.7365,29.5115,12.8537,2.2856,8.2784,15.574,0.1408,18.259,0.1003,1.4936,0.0462,1.0945,256.2194,0.9282,49.5423,0.6793,7.4806,7.5232,0.1668,20.2059,0.1582,0.2618,0.0158,3.9745,58.3175
22/12/2023 19:00,2,D,0.7693,96.6712,1.4998,4.6565,0.189,5.6221,10.2957,2214.04,38.595,14.2701,2.6903,7.1204,12.9496,0.2569,25.0441,0.2491,4.0824,0.0662,0.5965,154.7967,1.3214,54.6745,0.8991,8.8704,2.5733,0.282,25.629,0.2821,0.3293,0.0075,4.5999,53.8847
23/12/2023 07:00,1,C,0.2959,78.9432,0.8119,1.9022,0.0566,4.663,5.7931,2410.1868,32.0536,13.2603,1.6154,9.2749,21.5609,0.0865,12.0426,0.081,1.366,0.0146,1.2925,294.6717,1.6181,54.2186,0.6874,7.1394,2.4612,0.1209,17.6827,0.1283,0.2181,0.0004,3.5685,60.9893
23/12/2023 19:00,2,D,0.1825,74.6677,0.9626,2.1563,0.0806,4.7833,7.7282,2048.2675,27.8952,16.2207,2.7719,9.387,12.5069,0.0978,12.8846,0.1128,1.764,0.0279,0.8664,197.5382,1.3764,52.4506,0.6427,10.1722,1.7359,0.076,18.6991,0.169,0.35,0.0139,4.1856,52.0634
24/12/2023 07:00,1,B,0.4697,83.5153,1.9858,4.2576,0.1719,5.1103,8.0895,1640.2123,35.7726,12.3293,2.1048,7.861,17.3085,0.1533,12.5386,0.2625,3.802,0.0777,0.9607,151.6218,1.8707,51.6072,0.9288,9.4119,3.8708,0.1399,19.7006,0.3364,1.1895,0.0268,3.9608,53.1348
24/12/2023 19:00,2,A,0.2837,91.579,1.353,2.7874,0.0922,5.293,7.766,2314.3384,39.9264,10.0929,2.0473,7.0501,11.4667,0.1198,17.0333,0.1699,2.5226,0.0741,0.7124,225.3496,2.1759,49.1008,0.8586,11.0653,1.7731,0.1517,24.9241,0.2646,0.5033,0.0265,4.5948,59.5591
25/12/2023 07:00,1,B,0.7572,93.6016,2.671,4.1798,0.1365,5.2415,8.7218,1141.4199,35.5942,13.8686,1.6045,7.961,18.2316,0.2511,12.8738,0.2057,4.1995,0.0569,0.9012,55.5259,1.2735,48.0275,0.5779,10.8703,7.6596,0.2782,20.2398,0.3406,0.6975,0.0017,4.5334,56.857
25/12/2023 19:00,2,A,0.5898,60.6964,1.1427,2.2928,0.0871,4.3981,11.0587,2007.0817,35.4548,10.297,2.6849,7.4524,16.2079,0.1605,13.3985,0.2081,2.8885,0.0307,1.1903,212.2756,2.589,47.9081,0.6774,9.9509,4.3279,0.1978,15.7013,0.2191,0.3439,0.0153,4.0243,55.5072
26/12/2023 07:00,1,B,0.2612,100.0551,0.9106,2.1026,0.0541,4.6071,5.4675,3305.3587,34.2731,11.5483,2.0268,8.3255,15.1964,0.1177,20.3023,0.0751,1.0796,0.0175,0.8874,251.3392,1.2904,50.1267,0.6813,8.1518,3.5574,0.1229,26.1079,0.1071,0.3095,0.0102,4.3587,59.9426
26/12/2023 19:00,2,A,0.2529,83.8256,0.4716,2.0252,0.0442,4.3806,6.2426,4839.5188,38.018,9.67,1.9474,7.6413,6.3913,0.1303,26.3742,0.1953,1.3156,0.0279,1.1473,375.6635,1.5065,49.3708,0.6749,7.6105,3.2173,0.1572,25.5693,0.266,1.6037,0.0111,4.1887,51.8979
27/12/2023 07:00,1,B,0.389,70.5405,0.6548,2.1419,0.1234,4.2512,11.4134,2669.1002,26.9893,9.3894,3.0147,9.8199,14.5511,0.1315,17.0538,0.1386,1.8532,0.0383,0.8672,280.2977,1.2266,50.8442,1.1217,9.1928,1.6171,0.1507,21.2017,0.1261,0.3089,0.0236,4.1557,48.007
27/12/2023 19:00,2,A,0.5099,58.9618,1.6586,4.4387,0.1689,4.3896,6.7101,1434.4676,41.123,12.2104,2.9421,6.0723,10.264,0.1735,19.8301,0.229,4.0769,0.0775,0.9111,221.9929,2.1037,53.7973,0.7431,7.9937,1.662,0.245,19.5315,0.2656,0.6924,0.0202,4.0604,60.7682
28/12/2023 07:00,1,D,0.2693,61.2916,0.7567,2.4637,0.1006,4.4615,5.2411,2235.8793,28.511,13.9826,3.2475,9.2865,15.2388,0.102,14.0722,0.1046,2.5641,0.0459,0.6388,216.4164,1.6578,47.7337,1.0016,11.9239,3.238,0.1403,17.0097,0.1301,0.2784,0.0078,3.4734,
28/12/2023 19:00,2,C,0.7329,106.6438,2.2392,3.9606,0.1249,5.5137,7.1062,1854.6863,40.014,11.3167,1.7358,7.1454,15.3989,0.3262,22.2803,0.1745,3.7329,0.0291,1.3258,220.4891,1.6987,48.7686,0.8042,8.1176,5.7065,0.3122,27.3075,0.3515,1.0052,0.0032,5.024,54.5717
29/12/2023 07:00,1,D,0.3308,81.1352,1.0562,3.3396,0.1069,5.0404,10.3921,2269.9489,39.5314,12.8408,2.2845,8.9249,13.7945,0.1058,11.6011,0.1671,2.5018,0.043,0.8213,141.0082,1.1158,49.9845,0.9068,9.608,2.5436,0.1124,16.7199,0.2309,0.514,0.0206,4.5751,55.7882
29/12/2023 19:00,2,C,0.2662,111.8033,0.9841,2.6621,0.0618,4.9276,7.3605,5539.3579,37.4531,16.4635,3.5206,9.3303,10.0541,0.0885,27.6294,0.1397,2.2188,0.0276,0.6609,335.5485,1.2127,50.7482,0.9257,9.3233,3.0979,0.1019,30.9259,0.1747,0.5004,0.0268,4.7512,51.6898
30/12/2023 07:00,1,D,0.293,91.9067,1.7131,4.3142,0.1258,5.5947,7.7698,2600.9922,38.8728,11.8435,3.3671,7.0911,15.3523,0.0645,19.4791,0.1137,3.2804,0.0294,0.4078,176.2793,0.7815,53.3765,0.6297,7.9891,2.3766,0.0887,24.4185,0.2173,0.8579,0.0107,4.7294,50.4873
30/12/2023 19:00,2,C,0.3505,85.5991,0.9213,1.7492,0.0571,4.7111,5.313,2732.3741,32.9173,15.8373,1.8592,8.4334,10.6552,0.1177,19.7486,0.125,1.3388,0.0136,1.0982,289.6563,1.0279,51.1872,0.7044,9.7834,4.626,0.1681,29.2644,0.1504,0.1516,0.0058,3.838,62.2535
31/12/2023 07:00,1,A,0.2125,73.977,0.4408,1.3808,0.0476,4.3518,8.5347,4555.5505,35.6948,10.4741,2.9967,9.3938,15.8356,0.0854,19.1277,0.1355,0.9679,0.0174,0.8425,364.8383,2.1066,49.9831,0.8158,9.6199,4.471,0.1127,21.6103,0.1497,0.2628,0.009,3.8168,57.8969
31/12/2023 19:00,2,B,0.3269,67.4155,1.1293,2.3976,0.1368,5.1351,10.4846,2571.0811,41.5728,15.0037,6.0401,8.8747,8.5882,0.1342,13.6102,0.186,2.6076,0.0633,0.896,268.5895,2.376,52.1084,1.0059,9.9831,3.002,0.1398,19.521,0.2124,0.3252,0.0118,4.2837,47.3949
01/01/2024 07:00,1,A,0.4206,139.7641,1.3661,2.8746,0.1133,4.5426,5.7417,2537.347,35.0623,14.7998,2.6815,9.1736,16.4949,0.1562,26.3364,0.3541,2.7552,0.0282,1.0214,214.5986,1.6568,54.251,0.8065,9.9444,1.7754,0.1633,34.5425,0.3121,0.4142,0.0,4.1336,47.3019
01/01/2024 19:00,2,B,0.3092,68.3079,0.8409,2.036,0.0531,4.7906,7.509,2533.3869,35.9292,9.816,1.3398,8.1485,13.8592,0.1323,13.0663,0.0943,1.289,0.0052,1.1102,155.0494,1.8956,50.7226,0.4415,10.4208,3.204,0.1497,17.8802,0.1371,0.5101,0.0006,4.151,64.5705
02/01/2024 07:00,1,A,0.2568,83.299,0.7943,2.5399,0.06,4.2279,9.448,2627.5965,37.8223,14.7291,1.9833,9.72,12.0146,0.0928,16.5322,0.1728,2.609,0.0357,0.5811,228.9589,1.3026,52.1955,0.7636,9.3154,2.4585,0.1037,21.8802,0.1788,0.3594,0.0017,4.0,56.5373
02/01/2024 19:00,2,B,0.342,76.0131,1.5315,4.0461,0.167,4.4792,5.4177,1877.6389,36.2813,12.9037,2.6142,8.9474,13.5159,0.1077,15.1973,0.1637,3.3406,0.0846,0.6304,207.7133,2.2889,47.908,1.1811,11.62,4.6688,0.1461,19.6589,0.2341,0.6858,0.0271,4.0875,59.9057
03/01/2024 07:00,1,A,0.2508,55.2689,0.9166,2.5788,0.0995,4.2094,11.044,1864.3424,33.7931,11.5404,6.032,8.4371,12.6377,0.1209,13.2768,0.174,3.0881,0.0495,0.8884,173.5874,1.0768,50.6898,1.1044,10.8163,2.5847,0.1164,16.1428,0.198,0.3273,0.0123,4.0711,54.5727
03/01/2024 19:00,2,B,0.2594,89.9337,1.8299,4.0419,0.162,4.9499,5.2193,1636.1939,33.7386,14.4749,2.5385,9.7593,12.7375,0.1155,18.7416,0.1936,3.3539,0.0849,0.4968,159.03,1.3004,50.1652,0.8844,11.632,5.5176,0.0921,26.3052,0.2994,0.4992,0.0264,5.0042,56.4527
04/01/2024 07:00,1,C,0.2639,119.1152,1.386,4.3069,0.1912,5.2242,9.227,5191.9336,44.8461,9.0902,3.7274,7.4105,10.2493,0.118,27.5332,0.3268,3.2596,0.1031,0.7004,360.76,2.722,51.8279,1.1176,9.1596,3.1858,0.1129,32.1139,0.368,0.6536,0.0257,4.3147,56.5425
04/01/2024 19:00,2,D,0.306,108.3522,1.9606,4.7337,0.1757,5.3315,4.6506,2150.4998,40.5857,14.2247,3.3683,8.5455,12.2959,0.1266,18.8933,0.1355,4.087,0.0634,0.2087,131.0417,0.8343,53.8693,0.7588,11.0216,1.616,0.1264,23.5826,0.2635,0.746,0.0142,4.5629,54.8141
05/01/2024 07:00,1,C,0.337,72.9655,0.7102,2.757,0.0494,4.0036,7.7406,2200.2975,35.3839,13.9316,1.5093,7.6924,16.9479,0.1295,22.7907,0.1571,2.5588,0.0239,0.4516,204.959,1.3317,52.9876,0.7807,10.4432,2.5851,0.1583,27.5461,0.1549,0.8155,0.0108,4.2522,58.5313
05/01/2024 19:00,2,D,0.1924,55.0657,0.6078,1.1472,0.0281,5.1805,6.9755,3295.2912,36.2221,11.8945,1.9022,8.7774,13.7955,0.0938,16.2439,0.0396,1.4013,0.0146,0.9525,263.9064,1.7686,52.8371,0.7079,9.5955,2.4879,0.1004,17.665,0.0967,0.1766,0.0046,4.3989,49.3119
06/01/2024 07:00,1,C,0.2397,83.8044,0.775,2.4107,0.0436,4.4312,7.8691,3652.6056,38.9066,17.1762,1.9206,9.0879,8.5695,0.0943,11.9745,0.0862,2.0553,0.0235,0.5164,259.279,1.4903,52.3382,0.8566,10.2951,3.0206,0.0978,20.986,0.1741,0.4139,0.0178,4.4294,54.1028
06/01/2024 19:00,2,D,0.6598,81.2373,0.9987,2.1788,0.0732,5.7782,11.0919,3269.3209,36.9907,10.3605,1.7976,7.8591,13.9431,0.2054,14.3303,0.0974,1.701,0.0171,1.0882,201.7132,1.4281,54.4809,0.642,8.408,2.2437,0.2218,17.0471,0.1392,0.516,0.0085,4.9301,59.7237
07/01/2024 07:00,1,B,0.4048,62.2483,1.19,3.2484,0.1396,4.789,8.8394,660.8428,36.2377,12.7038,2.0565,8.3046,12.0696,0.1536,20.4184,0.1607,3.4406,0.0528,0.846,145.7254,1.3925,50.3405,0.9411,8.7623,4.8082,0.1879,25.0032,0.2266,0.8153,0.0276,4.3521,
07/01/2024 19:00,2,A,0.5053,75.3293,1.3615,3.0294,0.0907,5.0336,12.3075,2595.5289,46.1998,7.8744,3.0065,7.1907,6.1063,0.1723,15.2973,0.5206,2.7546,0.0394,0.9597,366.9076,3.3111,49.2618,1.0918,10.2048,3.0819,0.1457,19.5219,0.5183,0.6183,0.0156,5.1791,53.2992
08/01/2024 07:00,1,B,0.2307,89.4744,1.231,4.002,0.1167,5.5776,7.7286,1988.9785,33.7638,8.0254,2.4545,8.6006,19.2982,0.0857,22.4462,0.3692,3.8857,0.0966,0.779,126.6736,1.0352,49.97,0.8649,11.1984,4.3701,0.1083,24.8805,0.3196,0.6119,0.0207,4.937,49.0749
08/01/2024 19:00,2,A,0.2572,82.2064,0.6767,1.5279,0.0593,4.6643,7.3321,3350.4753,32.1014,11.4316,2.223,6.8053,17.4271,0.1116,11.6989,0.0815,1.3537,0.02,0.9727,216.2227,0.9865,50.7317,0.778,8.1001,4.1136,0.1303,16.5867,0.1441,0.2151,0.0069,3.8778,56.9667
09/01/2024 07:00,1,B,0.3181,62.3585,1.2977,2.3537,0.0709,5.5211,8.2247,1751.5236,41.0138,17.8676,2.0205,8.6408,8.5346,0.2108,20.2378,0.1506,2.3242,0.0366,0.783,194.7681,2.0203,56.411,0.6676,7.3273,1.4265,0.1734,21.7824,0.2308,0.4302,0.0059,4.4505,51.2293
09/01/2024 19:00,2,A,0.3661,119.1221,0.6883,1.2559,0.0554,4.5219,11.1812,4903.059,34.1812,15.3259,2.8077,9.0382,15.737,0.1142,18.2116,0.0536,1.1082,0.0062,1.516,333.5157,2.0096,52.2228,0.8327,7.7967,2.0851,0.1427,28.4876,0.0904,0.1947,0.0,4.3374,49.9803
10/01/2024 07:00,1,B,0.6265,147.1846,2.1975,4.6817,0.1738,4.9764,7.6327,2303.0274,36.4074,15.9151,3.2711,7.3494,12.3218,0.1898,24.5954,0.2191,3.9932,0.0829,0.8962,132.1905,1.1821,49.9951,0.785,9.7577,3.1546,0.2022,31.8865,0.3168,0.9742,0.0232,4.4775,52.0386
10/01/2024 19:00,2,A,0.3807,78.0914,0.7588,1.9957,0.1219,4.6427,9.8661,2594.7682,29.5533,13.943,4.8838,10.1595,13.582,0.125,13.4969,0.0684,1.5152,0.0359,0.8564,171.2084,0.889,50.5066,1.2547,10.4028,3.7395,0.1302,16.6526,0.1287,0.2302,0.006,4.8211,52.7905
11/01/2024 07:00,1,D,0.4236,96.2756,1.0576,2.2654,0.1236,5.2022,12.1977,3025.9298,27.6722,15.3802,3.9914,12.1049,16.1011,0.1605,16.6847,0.0829,1.9135,0.0318,1.0752,196.8224,1.5944,50.0449,1.0034,12.3093,2.279,0.1906,19.2078,0.1667,0.2599,0.0023,4.8628,
11/01/2024 19:00,2,C,0.2529,60.9419,0.7215,1.9899,0.0904,4.8104,5.6861,1648.6944,25.3415,11.7183,2.9794,9.0594,23.575,0.0752,8.7972,0.1638,1.8093,0.0255,0.5317,146.2498,1.3717,48.8639,0.9729,10.3614,3.7994,0.0824,10.7842,0.1241,0.2663,0.0112,3.8489,56.6354
12/01/2024 07:00,1,D,0.4701,82.1884,1.1301,2.7869,0.0567,5.1852,9.8521,3915.4162,41.0989,13.5011,2.9428,8.3749,9.5219,0.1657,20.5971,0.1573,2.271,0.0291,0.9371,290.2734,1.8361,54.8458,0.7953,8.7115,1.3705,0.2046,23.3643,0.2433,0.3291,0.0136,4.4939,53.6675
12/01/2024 19:00,2,C,0.2945,102.1697,1.9863,2.9857,0.1248,5.0547,5.4909,1853.3528,40.7944,13.3507,1.8203,6.5835,12.9243,0.1453,13.4677,0.265,2.9339,0.0399,0.8293,177.1576,1.4554,51.195,0.5626,8.8009,3.5462,0.1309,20.2353,0.334,0.5381,0.0111,4.7396,55.0344
13/01/2024 07:00,1,D,0.3916,106.9553,0.9181,1.5226,0.063,4.5846,11.1123,3045.2107,31.1091,13.3734,1.1523,9.0605,19.3861,0.2041,21.9314,0.2253,1.4329,0.0246,0.9625,211.0253,1.5921,50.09,1.0508,10.301,2.8619,0.1721,27.3385,0.1817,0.2095,0.01,4.5814,59.5627
13/01/2024 19:00,2,C,0.4494,75.874,1.1763,3.5353,0.1135,5.2855,6.7071,2010.434,34.7969,14.1258,2.1093,9.7132,10.863,0.1632,18.2923,0.149,3.0316,0.0433,1.1143,182.7326,1.4446,48.7584,0.6517,11.0945,3.9236,0.2142,21.0206,0.2393,0.5507,0.0127,4.1632,52.3235
14/01/2024 07:00,1,A,0.3582,96.2799,1.4828,3.0309,0.0816,5.0577,6.8063,2391.5533,41.4622,11.4668,1.9103,6.8358,11.7862,0.0915,12.2322,0.1432,2.3169,0.0291,0.7617,154.3107,1.1797,52.961,0.797,11.1884,2.5837,0.1321,23.5971,0.2441,0.5654,0.0279,4.3117,61.6489
14/01/2024 19:00,2,B,0.516,109.3958,1.0517,1.9551,0.0864,4.5875,12.9739,3367.8721,36.0582,9.6852,2.5815,7.1506,14.5517,0.1598,21.2292,0.062,1.7247,0.0096,1.5665,333.6511,1.9169,54.963,0.9081,8.0921,0.647,0.188,25.1817,0.1329,0.1509,0.0023,4.1601,51.804
15/01/2024 07:00,1,A,0.5333,112.7832,1.3627,2.9006,0.1109,5.3755,7.4475,2710.8156,33.2683,13.0502,4.1392,9.2756,12.6112,0.1553,19.2781,0.1264,2.865,0.0416,1.0204,255.8305,1.6343,47.3524,1.3741,10.5583,4.5325,0.209,24.4144,0.1999,0.3612,0.0151,4.8789,55.1456
15/01/2024 19:00,2,B,0.4929,74.632,1.2137,3.3837,0.2441,4.406,9.1986,1483.4468,29.6741,12.9867,5.5418,9.7239,18.5254,0.1476,10.238,0.1484,2.933,0.0749,0.6407,92.7661,1.1184,49.7725,1.1065,11.1093,2.0015,0.185,15.2099,0.2054,0.3794,0.0239,3.6685,51.5214
16/01/2024 07:00,1,A,0.2502,79.2744,1.6672,4.0613,0.1702,5.6448,6.4674,1495.7669,32.2584,14.2006,3.2785,9.2688,16.6542,0.104,9.4947,0.1942,2.706,0.0442,0.4985,107.9703,0.58,51.3773,0.7185,10.7319,4.5292,0.1118,15.214,0.2854,0.7086,0.0312,5.2214,58.6237
16/01/2024 19:00,2,B,0.4983,120.7728,1.6833,2.3691,0.1067,4.9455,10.3604,3299.0954,44.1643,11.4348,1.8133,5.7768,10.9374,0.1514,28.412,0.248,2.5803,0.0336,0.774,224.0078,0.9221,47.7976,0.7055,8.0021,3.3474,0.1871,34.3798,0.3213,0.5063,0.0179,4.3729,62.7829
17/01/2024 07:00,1,A,0.1698,107.9021,0.6194,1.3778,0.0512,3.4713,7.5154,4209.0991,37.1521,9.6846,2.1643,8.007,19.1894,0.0835,14.8974,0.0942,1.728,0.0204,1.438,308.3785,2.047,53.0451,0.9245,9.4751,3.1566,0.0769,22.1082,0.1366,0.1254,0.0006,3.2532,53.2017
17/01/2024 19:00,2,B,0.1823,90.0771,1.3035,3.7199,0.0994,5.6977,6.3707,2631.6361,39.1309,13.1085,2.1807,9.4099,10.4325,0.0929,16.5668,0.1461,2.5553,0.0446,0.4847,199.7765,0.8963,48.8263,0.7837,11.0516,3.4825,0.0854,21.8354,0.1795,0.7416,0.02,4.4376,
18/01/2024 07:00,1,C,0.2759,86.3034,1.6225,3.6303,0.1214,5.3318,7.1018,2075.237,42.38,10.4822,2.1318,6.9959,9.1833,0.1619,24.4208,0.2869,3.6401,0.0778,0.6238,176.4772,1.1343,54.1179,1.0063,9.338,1.1303,0.1379,27.6414,0.3205,0.7195,0.0278,5.0035,57.6535
18/01/2024 19:00,2,D,0.5527,71.4339,1.6516,2.1224,0.1111,4.8082,10.0622,2161.4553,39.0871,10.8629,2.6001,7.5976,10.8206,0.1735,13.2319,0.0617,1.5773,0.0296,1.1284,170.0086,1.9789,50.707,0.6615,9.5937,3.9951,0.2029,20.0202,0.1695,0.3317,0.0154,4.8399,56.4804
19/01/2024 07:00,1,C,0.3633,103.6657,1.5155,4.2012,0.1107,4.6367,7.4179,2496.2265,36.0746,10.0524,1.6104,6.342,13.5092,0.1249,14.1288,0.2577,3.6287,0.0495,0.4245,208.5723,0.7965,53.2385,0.8663,8.8852,0.9435,0.1428,22.6506,0.2706,0.8166,0.0117,4.2619,51.1376
19/01/2024 19:00,2,D,0.3211,79.4767,1.1111,2.9098,0.1374,4.5583,6.629,2787.9071,33.8594,16.4623,4.5803,11.2224,8.298,0.1101,19.8262,0.2702,2.2492,0.062,0.9236,255.4715,2.2878,46.9637,1.1422,10.7919,2.9366,0.1517,24.126,0.2486,0.6886,0.0221,4.4055,54.0322
20/01/2024 07:00,1,C,0.412,94.6103,1.3373,2.5461,0.1345,4.9598,10.2525,2322.2975,32.1335,12.3182,2.6669,8.9999,14.1637,0.1343,19.88,0.2496,2.1617,0.047,0.7406,174.776,2.2414,47.8308,0.8859,13.0374,5.4117,0.1454,23.3529,0.2715,0.4339,0.0223,4.176,56.6199
20/01/2024 19:00,2,D,0.3378,74.6198,0.8305,1.9248,0.0731,4.1687,14.4743,3553.8776,40.5745,12.4036,3.0619,7.846,9.0652,0.158,18.7217,0.1592,2.1047,0.0214,2.2793,454.0651,3.2034,50.1205,1.0751,10.4422,2.899,0.1712,22.7295,0.1979,0.2927,0.0087,4.3882,60.5292
21/01/2024 07:00,1,B,0.3504,66.3549,1.1718,2.6693,0.0861,4.4509,9.2191,2380.9029,40.2865,12.9644,4.2049,8.9763,15.1418,0.0982,11.5983,0.1433,2.515,0.0462,0.86,176.9636,1.5288,54.1283,0.7198,10.1306,2.7997,0.1187,17.1391,0.1886,0.6117,0.0252,4.9956,62.7562
21/01/2024 19:00,2,A,0.1707,104.1428,0.8486,1.9507,0.066,4.8089,5.7878,3814.0846,37.9966,10.7499,1.9618,7.4786,9.572,0.0977,17.6366,0.1657,1.8086,0.0369,0.6095,360.0495,1.1753,50.8548,0.89,9.2425,2.6796,0.0799,27.4764,0.2061,0.3577,0.0093,4.8197,57.8014
22/01/2024 07:00,1,B,0.4321,116.9829,1.3414,3.6406,0.1433,5.5715,8.7559,3333.2702,38.1326,16.0498,3.3154,9.7103,9.8965,0.1942,19.5455,0.1507,3.1542,0.0509,1.0097,206.9583,1.5036,49.8263,0.9369,10.5811,2.7821,0.1733,27.7969,0.2269,1.0504,0.0199,4.877,56.0768
22/01/2024 19:00,2,A,0.4379,69.8061,0.9362,1.549,0.1145,4.8475,13.3247,2661.3189,40.8806,13.689,4.0675,9.0541,11.0501,0.2023,18.0032,0.2028,1.9268,0.018,1.1028,204.4683,2.4026,52.7697,1.0416,10.3763,1.2463,0.2217,20.6286,0.2262,0.2347,0.0055,4.5988,53.9246
23/01/2024 07:00,1,B,0.4008,84.5975,1.4434,3.1313,0.1558,5.0556,10.8204,2122.5828,36.2279,12.5517,3.7028,8.9891,9.2022,0.1376,10.7679,0.2116,2.7095,0.0472,0.9992,160.2728,1.7966,54.0882,0.9884,9.8018,1.2597,0.1382,18.7296,0.2611,0.4178,0.0173,4.3829,58.9042
23/01/2024 19:00,2,A,0.474,101.7592,1.9468,3.4145,0.1259,5.9671,10.1932,2876.8965,43.8725,11.4885,2.0034,7.5124,13.1219,0.1534,18.2484,0.196,2.2845,0.0536,0.7024,272.0661,1.9817,50.9707,0.8213,10.3489,2.2096,0.1521,23.51,0.3049,0.8378,0.027,5.3084,55.2709
24/01/2024 07:00,1,B,0.3403,91.6076,0.6936,2.1872,0.0305,4.324,9.0943,3916.884,36.4901,13.2695,3.0876,7.9932,13.4991,0.1294,17.6037,0.05,1.7801,0.0257,1.0685,299.5103,1.066,52.4003,0.7833,9.0868,3.4996,0.144,27.5231,0.1083,0.3935,0.0115,4.4024,57.8761
24/01/2024 19:00,2,A,0.8049,80.2107,1.8797,4.1159,0.1051,4.5892,19.5271,2047.421,43.642,12.083,2.0766,5.449,13.4128,0.2118,15.9369,0.2491,4.002,0.0604,0.8268,175.3409,1.28,52.6438,0.6874,10.6466,2.7615,0.207,17.3814,0.3603,0.4218,0.0112,4.4805,64.5757
25/01/2024 07:00,1,D,0.376,88.5443,1.7438,4.2035,0.1058,5.4296,7.5615,2029.1243,40.6657,14.4815,2.7622,7.3235,9.7692,0.1113,16.877,0.2849,3.8559,0.0393,0.54,140.5258,2.0632,52.303,0.9051,10.8695,2.6906,0.1248,24.0029,0.3991,0.9672,0.0128,4.1045,56.4892
25/01/2024 19:00,2,C,0.4878,87.6652,1.0995,3.894,0.1285,5.5899,11.0021,2340.0215,35.5526,11.7071,3.5751,8.8662,11.7574,0.1738,18.8884,0.3378,3.9061,0.0668,0.7004,163.8004,1.1844,49.5767,0.9827,11.6359,3.9576,0.1882,22.9165,0.3364,0.5968,0.0121,4.8498,50.6682
26/01/2024 07:00,1,D,0.4032,96.1926,1.3462,4.1481,0.1581,4.7327,7.8036,1797.2595,29.5202,12.5423,3.8537,8.4862,16.7189,0.1297,14.9377,0.1459,3.6023,0.0462,0.9201,197.7787,1.8546,49.9347,1.0049,9.2646,2.0835,0.1559,20.9448,0.1995,0.3631,0.0091,4.5511,51.498
26/01/2024 19:00,2,C,0.4891,91.702,0.6436,1.6847,0.0397,4.5356,13.3693,3792.0229,33.7118,13.1315,2.24,9.0469,13.7049,0.1858,20.3255,0.1157,1.2982,0.0153,1.0411,320.9151,1.7374,50.3364,0.7494,8.9983,2.9427,0.186,21.8837,0.1181,0.2654,0.0,4.0656,51.6806
27/01/2024 07:00,1,D,0.4974,90.7948,1.9077,5.1183,0.1674,6.1633,9.1914,2066.2228,42.1667,15.2103,2.7483,9.2548,10.882,0.1809,15.255,0.3578,4.2333,0.0891,0.6586,182.0894,1.6856,50.179,1.1279,10.779,2.4809,0.2076,24.6205,0.445,0.8838,0.0213,5.2536,58.0708
27/01/2024 19:00,2,C,0.6587,117.8469,1.1239,2.5366,0.1077,4.555,15.0118,3716.3487,39.2582,10.2608,2.9125,7.613,11.7824,0.2098,22.6903,0.1796,1.8507,0.0406,1.2332,251.229,1.1822,47.7701,1.2283,11.8196,3.2821,0.2513,28.6013,0.229,0.262,0.023,4.2872,50.3466
28/01/2024 07:00,1,A,0.2272,115.0789,0.7341,1.8822,0.0637,5.0035,10.0459,5228.3141,33.7485,14.5283,2.4457,8.0116,11.3464,0.082,23.8124,0.1441,1.504,0.019,1.2505,563.694,1.268,55.2124,1.1882,7.9858,1.2435,0.0876,30.3203,0.1669,0.1722,0.0028,4.3778,51.2521
28/01/2024 19:00,2,B,0.3232,63.2182,1.4717,2.8547,0.0697,4.3664,7.2274,1698.5008,34.3708,11.6168,1.3307,7.2469,15.1375,0.1316,18.0203,0.3396,2.4282,0.0352,1.061,186.9232,1.3813,46.003,0.6015,7.9564,6.4931,0.15,20.7889,0.3818,1.2162,0.0163,4.4156,56.1173
29/01/2024 07:00,1,A,0.6782,126.2614,1.5555,3.484,0.1499,5.8892,12.7594,2780.8493,37.3824,14.1926,3.0455,9.3896,11.8086,0.1648,19.547,0.2331,2.6619,0.0433,0.9134,208.7564,0.9706,57.6888,0.5783,10.1989,0.4841,0.2065,25.6173,0.2609,0.4709,0.0065,4.8777,49.478
29/01/2024 19:00,2,B,0.3701,91.147,0.7472,2.1222,0.0756,5.2206,8.0942,4010.2206,31.9834,10.6638,2.5525,7.9637,21.8411,0.1794,18.0125,0.1375,2.0095,0.0385,1.0647,284.1019,1.5084,49.6441,1.0611,11.295,3.5549,0.1783,20.9517,0.1855,0.3901,0.0136,4.9779,52.2443
30/01/2024 07:00,1,A,0.4804,68.303,1.7202,3.5835,0.1193,4.9477,8.6785,1521.4154,43.4467,12.4245,2.6671,7.7933,10.677,0.115,13.8512,0.2512,3.1757,0.063,0.735,164.8612,1.1608,50.932,0.9061,10.3129,4.0551,0.163,18.4402,0.3694,1.0172,0.0319,4.6786,53.9404
30/01/2024 19:00,2,B,0.2733,56.5812,1.0961,2.06,0.0557,4.4895,8.2271,2499.9204,27.4046,12.3305,1.88,9.3181,23.5523,0.1419,13.6361,0.0834,1.9088,0.0255,1.2829,203.7139,1.4611,50.3922,0.6584,9.2387,5.633,0.1363,15.2189,0.1675,0.2737,0.0107,4.1395,53.3639
31/01/2024 07:00,1,A,0.6271,70.7541,1.3351,2.4487,0.0822,4.5773,12.7661,1738.099,37.5162,15.524,1.4413,8.5291,12.5808,0.2765,21.2951,0.1977,2.5979,0.024,1.2159,278.5203,2.1153,49.4649,0.5476,8.8549,3.1012,0.2596,27.8587,0.2391,0.3238,0.0078,4.2667,57.323
31/01/2024 19:00,2,B,0.1766,103.7202,0.8721,2.983,0.081,4.5873,4.1804,2640.4476,34.6094,14.3806,2.0995,8.811,19.4421,0.1074,21.4178,0.0866,2.3222,0.0289,0.5688,238.4039,1.0155,49.9907,0.7089,9.0239,4.4982,0.1272,26.6674,0.1172,0.3413,0.0067,4.0122,52.1539
01/02/2024 07:00,1,C,0.399,66.1876,0.6079,2.7136,0.0985,4.5202,13.2354,2181.1141,32.7435,11.3378,3.6614,9.016,16.5886,0.1006,14.8271,0.1536,1.9609,0.0542,0.7904,173.9325,1.3426,51.0996,0.9944,11.0388,2.8553,0.1327,17.577,0.1269,0.292,0.0136,3.8519,53.2073
01/02/2024 19:00,2,D,0.2574,56.6274,1.0013,2.7802,0.0732,5.2717,6.7715,2404.6087,34.5954,14.2934,2.2183,9.6185,15.5306,0.108,14.33,0.1831,2.3719,0.0511,0.9984,220.8319,3.1211,51.4433,0.9018,9.6466,3.6106,0.1342,20.1599,0.2225,0.335,0.0075,4.734,53.2902
02/02/2024 07:00,1,C,0.3695,98.9135,1.2813,2.4723,0.087,5.3444,9.72,2203.7106,37.5668,12.0149,2.4239,6.4625,18.7537,0.16,16.465,0.1335,1.8854,0.018,1.0906,233.8271,1.1227,48.5985,0.7186,9.657,8.5762,0.1584,22.552,0.1676,0.2966,0.0031,4.9215,57.6334
02/02/2024 19:00,2,D,0.3611,123.2848,0.878,2.4455,0.1007,5.6858,9.5394,4327.9995,32.8033,12.2546,2.8723,9.5237,16.5741,0.1359,24.9545,0.2038,2.363,0.0355,0.5368,246.1763,1.2878,51.4176,0.7348,9.9739,1.6565,0.1527,30.5052,0.1893,0.2925,0.0135,4.9927,55.4848
03/02/2024 07:00,1,C,0.4519,100.2385,1.1628,2.5044,0.103,4.215,7.0568,2664.5922,35.7108,12.3354,1.4178,8.536,19.16,0.1972,17.9216,0.1764,2.3044,0.0454,0.7135,166.9351,1.6335,51.6633,0.9829,9.9652,2.2249,0.2053,21.992,0.2006,0.3983,0.008,3.8622,49.41
03/02/2024 19:00,2,D,0.241,69.365,0.7629,2.2949,0.0413,5.2115,7.1878,3601.0043,31.9067,15.4296,2.0018,8.7196,10.9268,0.1227,19.3141,0.0893,1.2741,0.0131,1.1292,311.4517,2.1113,53.9635,0.9579,11.3628,3.2726,0.1226,26.39,0.1254,0.4143,0.0134,4.6013,56.9299
04/02/2024 07:00,1,B,0.4527,97.7237,1.5273,3.0085,0.1103,4.5621,6.5803,2720.1575,36.2413,10.2497,1.8296,6.263,15.7714,0.1626,18.0641,0.2174,3.2996,0.0601,1.1691,284.1185,1.7541,52.5735,1.0774,9.1673,2.2395,0.1596,22.5986,0.274,0.6612,0.0166,4.6613,56.5266
04/02/2024 19:00,2,A,0.4363,126.0115,1.9192,4.0194,0.0849,4.9662,4.1756,1717.5994,37.5098,14.2506,1.1426,6.1889,15.0496,0.1854,30.2844,0.1455,3.7082,0.0478,0.5558,137.6655,0.9654,52.115,0.4838,9.2316,4.5415,0.2114,39.0982,0.2254,1.3923,0.007,4.8385,63.409
05/02/2024 07:00,1,B,0.6499,119.4691,1.0996,2.9566,0.0623,4.2672,10.6236,2173.9769,33.3887,11.7319,2.3996,7.7919,24.1279,0.1787,20.5618,0.1684,2.9039,0.0304,1.1206,209.4779,1.0623,52.2076,0.8336,10.4637,4.2612,0.223,27.1067,0.2381,0.3666,0.0076,3.4696,58.7249
05/02/2024 19:00,2,A,0.3094,74.3305,1.3642,3.5746,0.1872,4.6002,6.3762,2520.8726,33.3997,14.2054,3.71,8.7883,15.6594,0.1248,26.5207,0.2505,2.975,0.0657,0.7251,256.3742,2.6603,47.871,0.7946,10.5239,5.5801,0.1296,32.7821,0.3011,0.5429,0.0317,4.175,52.9276
06/02/2024 07:00,1,B,0.4139,84.7953,1.4747,4.6513,0.1301,5.0595,9.6727,1571.16,35.2454,16.9128,2.6911,8.3025,10.0746,0.1731,13.2388,0.1529,4.7128,0.0987,0.5708,146.3318,0.7365,52.131,0.8438,10.9015,2.9152,0.1644,18.6581,0.2188,0.6963,0.0299,4.7876,53.3018
06/02/2024 19:00,2,A,0.5292,62.3435,1.1179,2.9838,0.1281,4.2938,12.251,1894.9335,38.6868,10.9694,2.5807,6.2889,14.3616,0.2088,15.7807,0.205,3.1972,0.0661,0.8016,165.3863,1.6653,49.4196,0.7635,8.415,3.1117,0.2146,17.9615,0.2053,0.6389,0.0175,4.3376,53.4973
07/02/2024 07:00,1,B,0.2525,71.2427,0.6012,1.8116,0.0666,4.0016,8.2998,3069.3592,33.7087,8.4334,2.1431,9.0907,19.7895,0.1073,17.1264,0.0778,1.1671,0.0199,0.84,325.6258,2.4244,48.114,0.8531,8.8713,5.6297,0.1204,20.3536,0.0966,0.2185,0.0,3.2673,61.19
07/02/2024 19:00,2,A,0.2994,99.8622,0.957,1.9034,0.0888,5.4728,9.8053,3468.1947,30.5114,12.1412,2.7747,9.0972,20.0284,0.1154,21.293,0.1295,1.7658,0.0217,0.7271,296.765,2.0013,48.7777,1.0098,9.948,6.2749,0.1237,26.1964,0.1881,0.4321,0.0161,5.216,54.5276
08/02/2024 07:00,1,D,0.6792,101.4799,0.9125,2.5474,0.0604,4.9127,9.7697,2410.5593,35.9238,10.5586,1.5838,7.1091,18.0309,0.1981,19.5743,0.2032,2.2588,0.0298,1.1587,212.7674,0.907,47.6701,0.5966,10.0464,2.7781,0.2411,26.0197,0.2082,0.3518,0.0112,4.5769,52.9876
08/02/2024 19:00,2,C,0.3204,52.2047,0.9622,1.8487,0.0842,4.2274,7.3357,2779.418,31.4788,14.4396,2.7546,9.0572,16.7912,0.1156,11.1351,0.0633,1.3945,0.0284,0.8393,199.4535,1.559,52.5014,0.771,8.4499,4.6618,0.1315,12.9154,0.1361,0.373,0.0191,4.1007,56.7207
09/02/2024 07:00,1,D,0.2403,70.9068,1.17,2.1269,0.0482,4.7829,5.9591,2212.6537,35.3559,11.9399,1.3681,9.1997,11.4128,0.1141,13.9096,0.1283,1.9523,0.0222,1.2071,291.1257,2.4829,51.504,0.5806,9.428,4.1077,0.0937,18.7039,0.239,0.483,0.0097,3.8514,58.9247
09/02/2024 19:00,2,C,0.3233,49.6821,0.6856,2.3993,0.1063,4.5274,9.4753,2352.5391,37.1063,9.9993,4.4801,8.5926,12.581,0.0903,10.4159,0.1404,2.1258,0.0347,0.6786,209.7387,1.7602,49.2222,1.0261,10.6323,2.5531,0.1056,12.5282,0.1628,0.2882,0.0121,4.3753,49.1876
10/02/2024 07:00,1,D,0.3864,92.9484,1.305,3.3743,0.1026,5.0937,6.3228,2518.5416,33.964,10.1162,3.1196,8.3751,16.3175,0.1553,15.7778,0.1701,2.468,0.0549,0.6947,230.2717,1.6846,50.9763,1.0964,10.8711,3.7131,0.1675,22.9634,0.2105,0.5828,0.009,4.3652,57.6465
10/02/2024 19:00,2,C,0.3963,97.5503,1.2095,3.1251,0.1143,4.9238,11.1988,3466.6668,37.1406,9.244,2.9143,8.4186,10.6154,0.1709,14.5344,0.2321,3.0302,0.0286,1.1354,230.6706,1.8134,50.7736,0.8706,9.5386,4.666,0.1649,19.6854,0.2465,0.5006,0.0052,4.8634,54.3318
11/02/2024 07:00,1,A,0.8376,103.9639,2.2216,5.4967,0.2652,4.3374,11.7416,1829.7063,40.3789,10.8249,4.6254,9.4442,12.9438,0.2116,16.6423,0.6344,5.1864,0.1369,0.7067,80.077,1.8555,51.7061,1.2561,11.6099,2.1191,0.2552,27.3139,0.7639,0.9331,0.0378,4.2625,46.5332
11/02/2024 19:00,2,B,0.4567,87.6657,1.1269,2.0521,0.1149,5.3179,9.9081,2959.0315,38.4136,10.566,3.8255,8.144,7.1036,0.1449,16.779,0.1276,1.389,0.0497,1.1895,268.3937,2.1712,51.0926,0.6826,8.7994,2.9986,0.1543,20.3924,0.1736,0.248,0.0189,4.4842,54.414
12/02/2024 07:00,1,A,0.5499,61.1347,2.0596,4.686,0.1245,4.8926,11.8426,1512.6073,38.1198,12.6929,1.7367,7.9253,11.7263,0.177,14.0097,0.3458,3.8163,0.0551,0.972,151.4643,1.2272,57.0442,0.6094,8.9414,1.0948,0.1791,17.1783,0.4197,0.9811,0.0185,4.03,61.1125
12/02/2024 19:00,2,B,0.2082,87.9563,1.0563,2.5902,0.0733,4.5941,6.0127,2891.147,39.1685,10.7406,2.3122,7.663,14.5739,0.118,16.5716,0.1534,2.4675,0.0282,0.5416,184.617,0.7693,52.1564,0.8674,9.6208,2.1568,0.0996,21.8607,0.1739,0.4666,0.0189,4.2029,59.7125
13/02/2024 07:00,1,A,0.5079,105.2585,1.3455,2.5669,0.1028,4.6477,10.3704,2437.4757,37.1101,10.2997,3.6023,8.8335,12.9988,0.1426,14.5677,0.176,1.9376,0.0292,0.6485,175.9726,1.7044,53.3037,0.9545,8.7446,2.4473,0.1681,24.9359,0.2405,1.1564,0.0154,3.8901,52.9187
13/02/2024 19:00,2,B,0.2692,133.1574,0.6539,1.6748,0.0183,4.3049,9.657,6977.2296,43.3755,9.9191,1.9195,7.6509,10.8361,0.1061,24.523,0.1748,1.6594,0.0258,0.9324,402.4089,1.7059,53.3296,0.8042,11.7735,1.9814,0.1079,35.2365,0.1553,0.1975,0.0,3.9012,60.3503
14/02/2024 07:00,1,A,0.2745,73.3625,0.6034,1.4299,0.051,5.0716,6.1371,3186.3279,34.6301,16.3834,2.6241,10.1592,11.8101,0.1088,18.2487,0.1066,1.2493,0.017,1.2032,316.7204,2.4105,50.1122,0.8616,11.2495,2.6762,0.1054,19.5102,0.097,0.1668,0.0,4.6081,60.2743
14/02/2024 19:00,2,B,0.3394,90.4406,1.1975,2.8026,0.063,5.0522,6.785,2555.3996,38.5536,10.8401,2.0968,8.4153,13.7395,0.1035,20.1343,0.2408,2.2119,0.0413,0.9181,196.294,1.2442,52.5628,0.6876,9.5026,2.9062,0.1413,27.0816,0.261,0.6282,0.028,4.9797,57.6614
15/02/2024 07:00,1,C,0.2129,74.8448,0.8902,1.4835,0.0368,4.4675,9.0718,2917.8453,38.5221,12.8048,1.8738,7.9421,14.2748,0.0848,17.5633,0.0955,1.1218,0.0161,0.9462,255.787,1.9157,50.577,1.1781,11.6602,3.0163,0.0792,19.3429,0.177,0.3019,0.0105,4.753,57.8539
15/02/2024 19:00,2,D,0.3715,83.7819,1.627,3.5975,0.1206,4.3853,8.4455,1728.4168,38.5105,12.568,2.0779,7.2798,15.4868,0.1292,12.0698,0.1953,3.6863,0.0487,0.7885,154.5674,1.4841,49.9615,0.807,11.8694,5.1676,0.1427,17.844,0.2392,0.5146,0.0054,4.1681,
16/02/2024 07:00,1,C,0.4171,101.2662,1.743,5.6999,0.2,4.4525,9.4743,2455.4386,37.3941,14.6943,4.2529,9.6431,11.1681,0.1441,18.4779,0.5283,5.2138,0.0914,0.5079,178.0315,1.5313,51.4653,1.1255,10.8082,3.3657,0.1651,24.1853,0.6165,0.6097,0.0306,4.289,49.0677
16/02/2024 19:00,2,D,0.468,72.459,1.5687,3.5484,0.1531,4.8954,9.2543,2050.3032,30.1899,18.5127,2.7937,8.9507,13.0006,0.1816,19.6212,0.265,3.3168,0.0626,0.7538,155.2996,1.1807,46.1872,0.7315,12.1471,4.6858,0.1827,20.6504,0.3284,0.6065,0.02,4.743,53.8187
17/02/2024 07:00,1,C,0.2404,81.5767,0.4659,0.9127,0.0411,3.8787,8.2092,3254.8338,31.5327,11.2998,2.0354,10.1873,15.5616,0.1058,16.3394,0.0274,0.9878,0.0089,1.7902,476.3105,2.3436,48.4553,0.7215,8.9386,6.8379,0.1173,22.2504,0.0716,0.1562,0.0017,3.7636,58.404
17/02/2024 19:00,2,D,0.4719,80.1859,1.3933,3.0603,0.1394,5.014,11.8167,2670.5251,41.6567,11.6222,3.2185,9.9706,11.2038,0.1765,16.3593,0.3436,2.8629,0.063,0.8197,152.2054,2.1876,50.9436,0.8104,9.3656,1.5283,0.185,21.4621,0.3162,0.4868,0.0183,4.7328,54.1138
18/02/2024 07:00,1,B,0.3685,79.5505,0.728,2.7221,0.1234,4.5089,15.1479,3437.8842,34.558,12.5696,6.0745,10.3833,11.0964,0.1094,15.7245,0.1594,1.864,0.0607,0.6217,224.0126,1.3721,48.9833,1.3607,9.5186,3.6193,0.142,21.1928,0.1668,0.3343,0.0246,4.1688,60.5771
18/02/2024 19:00,2,A,0.336,91.3605,1.1669,2.4626,0.1768,4.2777,10.8317,2902.116,32.1484,9.577,5.2576,9.665,15.3968,0.1465,22.1969,0.2268,2.254,0.0372,0.8268,285.1935,1.3964,49.3175,1.3842,10.0876,3.2144,0.1713,25.8763,0.2473,0.3866,0.0197,4.5542,51.7701
19/02/2024 07:00,1,C,0.5399,65.9828,1.6279,3.2804,0.1256,5.0543,9.0162,1351.6316,41.0145,13.4682,2.5726,7.0884,11.7872,0.1292,14.5677,0.1495,4.0749,0.0526,0.5422,141.5241,0.9166,55.3818,0.7446,10.4308,1.419,0.1741,15.8291,0.2212,0.5534,0.0171,4.7121,51.2983
19/02/2024 19:00,2,D,0.3889,92.642,0.9173,1.8738,0.0814,4.067,9.4822,2865.8509,36.4608,10.7175,2.3817,7.8402,10.169,0.1123,22.0865,0.0726,2.2501,0.027,1.0499,292.6315,1.7809,50.0131,0.8285,10.0067,2.3471,0.1766,25.2268,0.1387,0.177,0.0134,3.7811,59.9359
20/02/2024 07:00,1,C,0.398,68.8374,0.9666,3.2184,0.2511,4.8311,7.67,1598.1714,28.2821,10.8836,7.1809,8.6885,11.7679,0.0962,14.0678,0.1442,2.8696,0.042,0.6396,180.8451,1.4422,50.4994,1.268,10.1382,2.1641,0.1294,17.0859,0.2195,0.4057,0.004,4.434,51.6657
20/02/2024 19:00,2,D,0.1542,76.4944,0.5689,1.2657,0.0433,3.8436,7.105,3882.6391,28.1321,11.2028,2.3076,7.8731,24.0474,0.0736,12.6245,0.0968,1.049,0.0088,0.9073,326.7848,1.0561,51.4092,0.9653,11.9313,2.6281,0.0784,17.8601,0.0981,0.1157,0.0004,3.7003,58.9215
21/02/2024 07:00,1,C,0.4815,95.9128,0.6689,1.9368,0.0792,4.812,9.625,2604.529,24.437,15.8525,2.6846,10.3223,15.468,0.1785,15.2185,0.0781,1.9677,0.0216,1.1646,183.3636,1.3487,52.3108,0.9439,10.4404,3.5199,0.1938,22.8947,0.1033,0.2326,0.0009,4.3078,51.7865
21/02/2024 19:00,2,D,0.1799,74.8731,0.8644,1.271,0.056,4.9939,5.2981,3045.2497,33.8559,13.7735,1.0579,8.3129,14.5862,0.0765,15.8295,0.0719,1.2803,0.0121,0.9104,246.4837,1.2079,51.0472,0.7623,10.0902,1.3827,0.0843,17.7133,0.1149,0.2322,0.0074,4.5675,60.696
22/02/2024 07:00,1,A,0.3022,134.5576,0.7216,3.3878,0.1015,5.0265,8.6556,4322.3119,35.8635,11.2895,3.5735,9.098,11.0088,0.1396,29.3533,0.1067,3.3129,0.0237,0.7592,342.4981,1.0916,53.8276,1.1924,10.3517,1.5713,0.1862,34.5264,0.0983,0.6188,0.0074,4.6341,58.1041
22/02/2024 19:00,2,B,1.1651,107.9463,2.0938,4.0887,0.2357,5.3374,18.8822,2123.9954,37.598,11.8455,4.2984,7.6664,11.8305,0.3293,11.7816,0.2341,3.5856,0.0919,1.9137,164.8318,2.2907,51.8358,1.1979,10.2184,2.3363,0.3429,21.1689,0.3542,0.5608,0.0311,4.5507,57.2539
23/02/2024 07:00,1,A,0.2584,82.2185,0.6602,1.2396,0.0393,4.4965,6.6895,2642.9701,29.8825,18.664,2.4686,10.4254,13.2816,0.1167,15.1671,0.0678,1.5057,0.0232,0.849,215.2206,1.4568,50.6738,0.887,10.289,3.0799,0.1259,24.0317,0.1185,0.2116,0.0119,3.9469,55.2114
23/02/2024 19:00,2,B,0.3816,91.2474,1.1367,3.5546,0.085,4.9835,7.4846,3060.1374,33.2854,11.9412,2.7636,10.1936,14.6769,0.2031,23.2469,0.0658,3.5276,0.0668,0.9166,204.3596,1.5411,50.3188,0.7747,9.4088,4.9768,0.2255,29.5122,0.1765,0.5162,0.0178,4.1734,55.5854
24/02/2024 07:00,1,A,0.2775,61.7296,0.7313,1.9044,0.0762,4.2008,7.2204,1997.4425,34.4576,12.6075,2.7361,9.6568,16.558,0.171,13.1283,0.1558,1.4765,0.0171,1.149,258.1233,2.5855,48.7704,0.8267,9.6098,4.6857,0.1374,17.9117,0.1701,0.3142,0.0136,3.6635,56.9545
24/02/2024 19:00,2,B,0.3855,73.6655,1.9761,3.3625,0.1163,5.7922,7.2511,1893.0547,44.0215,15.5507,2.2576,6.8047,8.999,0.162,17.3699,0.2234,2.6163,0.0401,0.731,204.3773,1.6363,54.3092,0.6815,9.7818,0.6522,0.1759,22.3123,0.3126,0.5307,0.0217,5.3013,54.4142
25/02/2024 07:00,1,C,0.3134,83.2992,1.6208,3.8472,0.1033,4.8145,7.5051,2062.3664,41.7641,10.4433,2.3536,8.5726,13.6492,0.1017,24.0598,0.4346,3.8816,0.0632,0.6739,268.2335,2.9786,51.6854,0.8723,9.8457,3.7819,0.1291,25.3047,0.4443,0.4959,0.0182,4.6273,
25/02/2024 19:00,2,D,0.3297,98.176,1.0659,2.4242,0.0723,4.5424,8.3461,2998.9818,33.843,13.5454,1.788,7.8905,11.9497,0.1227,13.2516,0.1755,2.2513,0.028,0.5362,205.9909,1.4832,52.8496,0.6201,8.9716,4.0063,0.1615,19.6739,0.2427,0.3424,0.0059,4.3367,59.0531
26/02/2024 07:00,1,C,0.4177,111.8882,0.7998,2.4918,0.0406,3.8711,9.1964,3109.5567,31.9687,10.0182,1.4222,7.4288,17.2792,0.1941,26.7557,0.1198,2.3688,0.0225,0.9241,205.5676,1.2305,50.6722,0.5489,7.9348,3.9318,0.2145,30.555,0.1784,0.3253,0.0129,3.8552,62.1216
26/02/2024 19:00,2,D,0.217,80.8691,1.0672,1.6432,0.0512,4.8805,6.9396,2304.6103,32.8428,11.6536,1.5646,8.8119,13.2186,0.1067,17.9748,0.0902,1.6033,0.0329,0.6848,281.7323,1.6973,51.1891,0.8729,9.4706,2.8722,0.1192,21.5657,0.1979,0.2537,0.0127,4.3368,56.0181
27/02/2024 07:00,1,C,0.2223,125.1284,0.7122,1.8313,0.0625,4.8536,5.6535,3982.2081,30.0591,13.7669,2.6334,10.3699,13.4448,0.1458,24.3859,0.1041,1.6571,0.0309,1.111,377.574,1.4941,49.6212,0.748,10.1303,4.1037,0.1034,32.2114,0.1119,0.2975,0.0015,4.361,46.1742
27/02/2024 19:00,2,D,0.3933,70.8322,0.8509,2.092,0.07,4.8032,11.2883,2336.5258,26.3229,9.6839,3.0724,9.1402,18.2765,0.1245,17.5077,0.065,1.8237,0.0312,1.25,281.9265,1.4665,53.6141,0.9438,10.0945,1.6568,0.1494,19.6197,0.1379,0.1379,0.0019,4.2816,59.6893
28/02/2024 07:00,1,C,0.4292,80.8073,1.3224,2.4884,0.1046,4.1209,8.8505,1744.1606,33.7812,15.1703,3.4778,10.2031,15.0261,0.1609,12.3952,0.1869,2.6483,0.0483,1.1901,162.5474,1.4127,52.7682,1.1106,11.5351,3.3519,0.1678,18.088,0.277,0.4037,0.0078,3.9175,55.2531
28/02/2024 19:00,2,D,0.6832,77.8139,1.8709,4.8403,0.1596,5.071,7.4719,1118.5719,34.9566,13.907,3.3458,8.4838,10.6692,0.218,15.0812,0.4169,4.8335,0.0881,0.5832,138.3636,0.5773,47.3522,0.9333,10.1457,4.8503,0.2353,24.0559,0.4537,0.7475,0.0134,4.6245,46.2302
29/02/2024 07:00,1,A,0.4684,79.3492,1.4362,3.2227,0.1713,5.8465,8.9294,1915.271,38.5995,13.4243,2.906,8.3217,10.7395,0.1825,22.866,0.2828,2.3926,0.0608,0.9067,200.9952,1.5674,49.1187,0.8135,9.2287,6.1015,0.1639,21.4366,0.2324,0.4097,0.0214,4.2511,59.9459
29/02/2024 19:00,2,B,0.5969,91.0516,2.1143,3.8106,0.1182,5.1763,8.2557,1844.9756,43.3268,13.7159,2.6046,8.2971,8.3394,0.1841,20.2751,0.1647,3.5432,0.0332,0.669,129.7775,1.1616,53.8635,0.6819,10.96,1.9127,0.2462,25.0031,0.2542,0.7949,0.013,4.806,59.0187
01/03/2024 07:00,1,A,0.3215,111.8722,0.9977,2.7269,0.0855,5.5819,8.4293,3664.7044,36.5396,11.5943,2.3906,7.4788,10.8545,0.1555,16.5364,0.1173,2.3767,0.0327,0.8769,226.125,1.2835,52.4289,0.8004,9.0455,1.8902,0.1381,24.3344,0.2136,0.5572,0.0197,4.6231,58.756
01/03/2024 19:00,2,B,0.271,71.9879,1.0678,2.5785,0.1082,5.326,7.5468,3303.9856,31.535,13.4985,3.0263,10.1295,11.6353,0.1186,16.4283,0.1326,2.4697,0.0493,0.6039,199.412,1.2772,50.3261,1.2113,10.8034,2.5362,0.1422,20.0387,0.1977,0.4137,0.0206,4.8048,53.8879
02/03/2024 07:00,1,A,0.3055,77.6561,1.0023,2.4281,0.0586,5.3674,5.4009,2383.298,28.087,12.2666,2.1597,8.8311,19.1294,0.1317,16.5331,0.1591,2.4664,0.0329,0.5099,193.3554,1.0848,51.7787,0.7563,10.8213,2.8878,0.1268,18.9229,0.1682,0.3462,0.0228,4.561,52.8466
02/03/2024 19:00,2,B,0.647,107.099,1.3564,2.3726,0.0865,4.3155,13.974,1812.4291,36.3367,13.3874,4.1093,10.1092,10.277,0.2054,14.9268,0.3029,2.2063,0.0512,1.1232,247.5123,2.5371,51.2552,1.32,11.5568,3.2917,0.243,24.0711,0.3204,0.5241,0.0222,4.6418,63.4701
03/03/2024 07:00,1,D,0.2442,71.0434,1.2535,3.231,0.0916,4.5215,8.8143,2659.7647,39.6535,12.42,1.6603,7.2654,13.5094,0.1384,21.3704,0.2158,3.1971,0.0458,0.6133,209.8919,0.9917,51.1003,0.9098,9.0728,2.553,0.1351,23.4941,0.2727,0.3378,0.0112,4.5299,49.7983
03/03/2024 19:00,2,C,0.2065,53.7818,0.7933,2.8649,0.0814,4.7219,5.8243,2570.8503,29.4967,13.2829,2.351,9.4145,16.9414,0.0776,15.4209,0.1541,2.1821,0.0403,0.8466,198.1264,2.937,51.3816,0.8271,10.2244,2.8985,0.0795,18.0665,0.1785,0.3273,0.0,4.4399,53.4938
04/03/2024 07:00,1,D,0.2296,95.2976,1.2077,1.4082,0.0255,4.6548,4.8883,3303.3157,38.8946,9.1826,0.804,7.5762,17.1454,0.1103,28.9717,0.128,1.4825,0.0219,0.9629,399.7684,2.6695,47.7067,0.7321,8.8283,6.6177,0.118,33.8088,0.234,0.2394,0.0059,4.4028,57.2203
04/03/2024 19:00,2,C,0.3483,82.4519,0.8544,2.019,0.0814,4.893,12.4188,3085.0877,36.6069,12.5367,3.2436,9.6814,10.175,0.1102,12.4531,0.1288,1.6977,0.0329,0.956,202.8749,1.8906,51.5123,1.189,10.6205,2.9908,0.1194,20.6402,0.1543,0.2944,0.0082,3.8607,47.5074
05/03/2024 07:00,1,D,0.3362,79.6161,1.0292,2.6807,0.1376,4.9523,10.7468,3911.5448,38.2019,11.7935,4.1599,7.653,9.3849,0.1478,14.5254,0.1896,2.0192,0.039,1.0807,274.5738,1.7246,50.77,1.1275,9.532,1.5563,0.1552,19.7639,0.2561,0.2869,0.0191,4.4441,57.369
05/03/2024 19:00,2,C,0.7132,103.0854,0.9709,3.238,0.1112,4.7526,7.8332,2295.3119,27.9832,14.0605,2.9209,9.6284,15.622,0.2772,17.9317,0.1059,3.0587,0.0333,1.1072,195.253,1.021,51.5965,0.8189,9.5534,4.3989,0.302,24.7584,0.175,0.602,0.0104,4.4332,46.7072
06/03/2024 07:00,1,D,0.3781,97.5483,1.38,4.0298,0.1047,5.109,8.642,2778.2108,37.1031,8.3809,1.9863,6.9715,15.6322,0.1887,30.3645,0.2946,3.7535,0.05,0.9187,280.2399,1.7016,50.2669,0.8143,10.4058,5.1217,0.1643,38.0941,0.3791,0.9733,0.0138,4.8936,63.7745
06/03/2024 19:00,2,C,0.3147,56.4496,0.89,1.9205,0.0555,4.7267,10.1269,2900.9439,40.3377,12.2027,2.2949,7.3134,13.3573,0.1124,14.5183,0.1666,1.6714,0.0112,0.8659,269.5676,1.8729,53.0809,0.882,10.3213,3.4503,0.1296,15.833,0.2016,0.3722,0.002,4.0745,52.5825
07/03/2024 07:00,1,B,0.7152,91.2012,1.7119,3.587,0.1736,4.2532,7.75,2132.4253,31.4958,12.7583,3.5039,10.3838,15.7009,0.2138,20.7648,0.3184,3.5347,0.0495,1.2584,241.2754,2.4019,51.5398,1.0345,10.2323,3.4846,0.2572,25.9076,0.3612,0.551,0.0039,3.8425,53.6135
07/03/2024 19:00,2,A,0.4849,69.6926,0.9165,1.8889,0.0909,4.3114,13.3932,2719.3147,35.2322,7.7337,2.5406,7.8525,15.7166,0.2152,17.2601,0.1393,1.4253,0.0415,1.908,175.3614,1.2437,52.0488,0.6859,9.9395,2.9509,0.2252,22.3204,0.1646,0.2299,0.0032,3.8564,57.37
08/03/2024 07:00,1,B,0.5104,104.3283,1.4303,3.4858,0.1598,4.7167,7.4492,2322.1228,29.5036,11.0947,2.3957,7.8226,13.584,0.1592,14.429,0.1897,2.9763,0.0512,0.6941,140.8361,1.0873,51.5694,0.7057,10.3319,2.0118,0.1465,22.9587,0.2396,0.5301,0.0174,4.2693,50.1336
08/03/2024 19:00,2,A,0.3532,88.2973,1.4595,2.3843,0.0819,5.7387,7.9829,3178.1518,35.8961,10.5994,1.6017,7.3484,14.1088,0.1654,21.5636,0.0737,2.0102,0.025,1.3922,320.4517,1.3804,50.2392,0.5918,9.6245,3.4445,0.1543,27.289,0.1837,0.3121,0.0053,4.981,55.7516
09/03/2024 07:00,1,B,0.3659,97.6371,0.7378,2.5888,0.1314,4.4713,9.9257,2917.3008,35.6956,12.3337,4.2051,9.2454,12.9067,0.0971,24.5475,0.1715,1.9669,0.0563,0.9314,361.1688,1.0246,48.5954,0.8829,9.3902,8.0053,0.1553,31.8851,0.2341,0.3978,0.0082,4.116,58.6286
09/03/2024 19:00,2,A,0.451,40.5046,1.2327,2.9662,0.1411,4.6554,11.8737,1217.8369,32.9608,10.3239,5.1347,9.5476,22.2908,0.1333,7.9456,0.2111,3.2837,0.0267,1.1763,105.4827,1.5168,53.9614,0.9502,10.5934,2.9329,0.16,9.299,0.283,0.298,0.0081,4.0795,47.391
10/03/2024 07:00,1,C,0.4983,83.122,1.4759,2.5385,0.1903,4.4465,9.8005,2233.1733,37.5666,9.9393,3.1981,6.4281,18.011,0.1848,15.0881,0.2917,2.4126,0.0432,1.1265,179.5636,1.0395,51.5813,1.1104,10.2013,2.8918,0.2318,18.4946,0.3175,0.3063,0.0148,4.0448,52.0652
10/03/2024 19:00,2,D,1.0518,85.8798,2.8791,4.6305,0.1871,5.4075,13.9607,1822.0323,43.5594,10.0683,2.8259,6.6165,11.9119,0.363,18.8952,0.3085,4.0345,0.0622,1.0233,133.9994,1.0503,47.6633,0.7769,9.7823,4.6259,0.4183,23.2842,0.4562,0.8481,0.0085,4.7464,56.4312
11/03/2024 07:00,1,C,0.7005,113.3256,1.8294,3.9242,0.1817,5.8298,12.0428,1861.7963,38.3988,11.0211,2.0872,6.092,14.8379,0.2271,16.9552,0.3213,3.7848,0.0607,0.8241,103.728,1.0197,50.2072,0.6125,8.8396,3.1222,0.246,24.8149,0.3065,0.7214,0.0221,4.7091,54.9119
11/03/2024 19:00,2,D,0.2398,83.2113,0.4766,1.5678,0.0499,3.9992,9.3742,5033.1286,36.1661,11.2431,2.3262,7.8489,10.0643,0.0803,19.0591,0.0956,1.288,0.0232,1.2064,479.8064,2.0222,55.2945,0.8678,7.2623,2.1265,0.1077,27.8028,0.1124,0.1926,0.0004,3.6265,55.5568
12/03/2024 07:00,1,C,0.7339,112.246,1.3982,2.784,0.0843,4.9085,9.279,3048.2631,35.187,10.0524,1.5644,6.9265,19.835,0.2282,20.7633,0.2445,2.089,0.0303,1.1289,248.2043,1.6621,49.2102,0.8182,10.8364,5.3483,0.2516,26.1402,0.3202,0.3024,0.0068,4.2194,60.6739
12/03/2024 19:00,2,D,0.2242,66.2091,0.9044,2.6479,0.116,4.5316,9.1449,2397.2861,40.3591,9.8283,3.8314,9.1701,11.8052,0.1169,16.8347,0.1859,2.4436,0.0389,0.6138,178.1638,1.7047,52.5376,0.9559,9.6928,1.2151,0.1194,20.6205,0.2065,0.5795,0.0168,3.9804,52.9017
13/03/2024 07:00,1,C,0.5187,125.5905,1.5964,3.2772,0.109,4.9709,8.5975,2579.7072,38.6185,12.3386,1.5706,7.3751,13.9656,0.206,27.2734,0.1932,2.815,0.0394,1.2242,254.5215,1.5047,49.8221,0.6876,9.9597,4.2677,0.2531,35.1357,0.3339,0.6715,0.0073,4.4792,53.2721
13/03/2024 19:00,2,D,0.2975,67.3957,0.4544,1.3216,0.0962,3.4325,9.5577,3494.5549,29.3686,10.6461,3.4701,9.5279,16.5502,0.1384,17.2353,0.1307,1.2824,0.0299,1.1138,355.9701,1.1917,53.0191,0.8921,8.0548,2.0901,0.155,18.5338,0.1325,0.1972,0.0036,3.0992,55.3205
14/03/2024 07:00,1,A,0.4492,110.7903,3.3641,7.9843,0.1802,5.8725,8.2092,1189.456,32.6881,12.933,1.1342,6.4013,16.9673,0.1531,13.85,0.2694,6.0342,0.0669,0.5738,74.8188,0.7452,51.1822,0.5906,12.2068,4.6901,0.1612,20.6361,0.3481,1.2761,0.0197,4.9857,53.2916
14/03/2024 19:00,2,B,0.4609,92.869,0.7486,1.6257,0.0637,5.0046,15.6878,3588.4021,35.255,8.7943,2.0963,7.1055,13.8315,0.2214,27.7749,0.1881,1.8753,0.0242,1.2924,299.6426,0.9753,55.6229,0.8137,5.871,1.5137,,,,,,,55.0035
15/03/2024 07:00,1,A,0.2907,78.9858,1.0826,2.8966,0.1184,3.8801,9.5449,2247.831,37.1814,10.4779,2.4959,9.1534,10.6558,0.1113,18.7841,0.1182,2.0137,0.0405,1.0059,217.4025,1.2434,51.8906,0.6705,9.0532,2.5858,0.138,22.356,0.1918,0.4135,0.0082,4.3569,58.3208
15/03/2024 19:00,2,B,0.4706,70.6487,0.9399,2.1728,0.0858,4.9945,10.7474,2335.0449,25.4148,13.6792,2.3436,8.0994,21.7717,0.1577,18.0937,0.1055,1.5143,0.0227,0.9182,147.8481,0.8609,53.077,1.0206,10.1625,2.0098,0.1691,23.5498,0.2209,0.3243,0.013,4.4921,52.3836
16/03/2024 07:00,1,A,0.2538,127.4911,0.8249,2.5738,0.0626,5.0769,9.0436,4569.4982,36.539,9.7472,1.0835,7.8233,16.8869,0.0882,23.184,0.1998,1.6914,0.0176,0.819,343.8424,1.9473,49.5748,0.6293,9.0368,4.6251,0.0958,32.9142,0.2068,1.8151,0.0285,4.54,55.1449
16/03/2024 19:00,2,B,0.4047,63.0429,0.8819,2.7403,0.1189,4.2773,8.9381,2123.7711,36.3119,11.9736,3.1084,7.4041,12.5918,0.1164,17.1659,0.0971,2.8303,0.0585,0.7674,173.4555,1.8221,51.5547,1.0347,8.3305,1.5811,0.1595,16.8484,0.1617,0.4198,0.0172,3.5864,57.512
17/03/2024 07:00,1,D,0.3731,62.6139,0.7752,1.9096,0.092,4.5354,7.8857,2124.5303,31.3334,14.0006,2.9187,9.2608,13.8251,0.1094,11.9633,0.1148,1.9416,0.0213,0.8268,99.8378,1.2545,54.1353,1.0807,9.5474,3.1465,0.1136,14.7581,0.1583,0.2084,0.0008,4.163,54.9416
17/03/2024 19:00,2,C,0.338,74.1602,0.7599,1.7655,0.104,5.155,11.6417,3098.0949,32.5734,13.3268,5.8562,11.8455,14.2229,0.1417,19.6303,0.0996,1.6694,0.0473,0.7177,287.6009,3.2864,49.0526,1.1322,10.3806,5.5803,0.1792,23.7772,0.1182,0.2015,0.0123,4.6985,57.1989
18/03/2024 07:00,1,D,0.3766,72.5204,1.1349,2.9306,0.1165,4.0286,7.6408,1965.8547,33.6138,8.5351,2.7237,6.9968,17.8247,0.1225,15.6422,0.1473,2.0164,0.0277,0.9743,190.8128,1.7786,51.3813,0.7234,10.1041,2.7193,0.1302,18.8974,0.2008,0.7227,0.0107,3.4789,51.4428
18/03/2024 19:00,2,C,0.5726,112.8663,2.0627,2.8638,0.1031,6.0803,7.7909,2076.4558,30.6622,13.4961,1.3005,8.1303,22.1352,0.1679,11.095,0.0937,1.543,0.023,1.0654,123.7054,0.8708,52.8801,0.4687,10.3112,3.2869,0.1759,17.4257,0.1776,0.6063,0.0131,5.3476,57.8259
19/03/2024 07:00,1,D,0.3389,73.5257,1.3989,2.3042,0.1209,3.9411,10.4971,1864.6527,33.6345,14.3374,2.738,8.2904,17.0157,0.1489,12.3898,0.1485,2.4369,0.0209,0.5034,179.7245,2.0465,48.7877,0.7268,9.4985,2.5108,0.1468,16.3518,0.2311,0.2167,0.0041,3.7873,58.6934
19/03/2024 19:00,2,C,0.3877,74.8433,1.0577,2.3626,0.0925,4.8648,8.0221,1789.5084,38.3464,12.7328,1.6247,7.8263,12.4632,0.1413,15.837,0.2514,2.2445,0.0303,0.4917,169.8544,0.5745,51.2414,0.6386,10.5768,2.4484,0.1791,20.2724,0.2583,0.3591,0.003,4.2258,56.3213
20/03/2024 07:00,1,D,0.2943,64.9818,1.1155,3.2765,0.1302,5.0942,9.164,2204.3606,32.4034,12.5539,2.0662,8.7108,18.6941,0.1155,16.1439,0.183,2.9305,0.0624,0.996,179.5607,1.6139,53.6712,0.8099,9.8554,2.4403,0.133,21.3624,0.2635,0.4426,0.0149,4.0817,53.1562
20/03/2024 19:00,2,C,0.5057,72.8018,1.518,2.701,0.0883,5.1389,9.7023,2237.3083,32.8976,13.4523,2.1958,8.325,13.6935,0.146,14.8201,0.1492,1.9185,0.0219,1.1271,145.5545,1.2816,51.5123,0.6078,8.9334,3.5526,0.1696,19.0147,0.2895,0.4001,0.0003,4.3525,60.15
21/03/2024 07:00,1,B,0.5141,79.0234,1.1994,2.0912,0.0714,4.336,17.6686,2812.7273,39.7855,10.3403,2.3997,7.1737,10.5516,0.1634,13.674,0.2203,1.9706,0.0081,1.2053,297.2144,1.8049,54.8153,0.8226,9.1277,2.2505,0.1959,20.9017,0.2542,0.2912,0.0005,4.3268,55.3087
21/03/2024 19:00,2,A,0.505,122.941,0.8977,2.0233,0.0969,6.0465,11.9758,3743.2739,36.3583,17.1177,3.5754,8.6891,11.7589,0.1518,14.8843,0.1173,1.9638,0.0241,0.8801,299.3892,1.4108,50.8091,1.0073,10.8297,1.8855,0.1566,24.8749,0.1525,0.3038,0.0045,5.5948,52.1139
22/03/2024 07:00,1,B,0.2869,97.6758,1.4922,3.9719,0.1371,4.9532,6.412,2188.8736,35.2889,13.6502,1.3684,8.9303,16.9473,0.1079,21.4773,0.2402,2.9662,0.0457,0.5697,202.1981,1.8277,50.8905,0.6473,10.6825,3.6552,0.1182,24.4702,0.2685,0.5782,0.02,4.1976,55.3007
22/03/2024 19:00,2,A,0.3254,78.6942,0.971,2.7058,0.0788,4.8737,9.9698,2446.7896,38.7352,14.1774,1.8118,7.923,10.2152,0.1888,23.8527,0.064,2.4865,0.0422,0.8096,254.1883,1.0909,51.085,0.7618,10.3695,2.9219,0.1884,28.1837,0.0949,0.2713,0.01,4.6595,63.9964
23/03/2024 07:00,1,B,0.2943,79.6035,1.0447,2.7195,0.1123,4.6965,6.559,2246.4293,35.1075,15.4899,2.1672,10.6423,12.8538,0.1231,16.0338,0.14,2.6063,0.0537,0.8757,181.2795,0.9905,50.6442,0.6997,11.1778,1.8241,0.1317,22.2836,0.2111,0.4919,0.0201,4.5228,61.1867
23/03/2024 19:00,2,A,0.3836,76.232,0.9027,2.038,0.076,4.1428,11.3995,3169.101,29.9606,11.6988,3.4631,9.3014,16.4513,0.1613,18.319,0.1279,2.0036,0.0381,1.3609,307.2291,1.4927,49.0858,0.9648,9.647,2.8109,0.1749,21.1691,0.1405,0.3735,0.0096,3.3989,55.2245
24/03/2024 07:00,1,C,0.2067,105.9274,0.8493,2.4948,0.109,5.4969,8.6752,3776.6902,38.24,12.8716,4.1219,8.7947,13.015,0.0987,29.1255,0.1814,1.8178,0.0378,0.7141,379.6654,2.2485,51.0,1.1997,9.0939,3.1361,0.0979,35.4322,0.1871,0.4277,0.0154,5.0856,56.1864
24/03/2024 19:00,2,D,0.2255,75.5405,0.933,2.5035,0.0626,4.7928,6.7072,2777.6561,29.6828,11.7181,2.1456,8.7218,16.7177,0.1105,15.5839,0.158,2.2241,0.0289,0.6923,224.1851,1.5011,49.4898,0.9663,9.338,3.4104,0.0949,18.2929,0.1589,0.4021,0.0123,4.0776,55.9618
25/03/2024 07:00,1,C,0.267,95.2401,0.9568,2.5724,0.1224,4.925,8.8305,3842.8857,33.2324,13.4407,2.9899,9.1187,12.8327,0.1149,18.8088,0.2493,2.301,0.053,0.8831,256.6053,2.1196,51.2764,1.0979,9.1081,1.9909,0.1386,27.9468,0.2413,0.695,0.0259,4.7587,56.9511
25/03/2024 19:00,2,D,0.4296,59.3795,1.5065,4.9891,0.1424,5.1505,10.9042,1108.7442,37.5412,13.6661,1.935,6.0153,11.9851,0.1299,11.2595,0.104,4.1181,0.0446,0.7208,95.5188,0.5261,52.0435,0.7239,9.5827,1.6671,0.1506,14.4773,0.1762,0.5557,0.0137,4.5461,54.077
26/03/2024 07:00,1,C,0.3748,77.4928,1.4362,3.5214,0.1428,4.9419,7.6059,2299.2933,34.2238,11.9345,4.145,9.4401,13.0991,0.1483,17.0082,0.1783,3.3513,0.0435,0.8344,196.7407,1.7679,49.7406,1.1609,10.7122,4.6592,0.1356,19.6551,0.2662,0.4401,0.0212,4.4048,51.3869
26/03/2024 19:00,2,D,0.4515,70.5693,1.1147,3.2023,0.0932,4.201,9.1918,1961.4518,39.1561,16.2661,1.4312,8.3753,9.3366,0.1383,10.8348,0.1168,2.0877,0.0391,0.9934,159.7859,1.0881,48.7514,0.6097,10.0892,4.4705,0.1596,16.4549,0.198,0.8002,0.0212,3.8189,53.1229
27/03/2024 07:00,1,C,0.753,91.6523,1.2195,3.0955,0.2021,5.0148,14.0879,3131.4884,33.9176,8.7318,5.3599,9.3422,16.3883,0.1668,16.1865,0.2093,2.5011,0.0349,0.9247,227.4345,1.5507,48.9105,0.8719,9.0321,4.6189,0.2073,18.6915,0.2945,0.4432,0.0116,4.2587,50.6896
27/03/2024 19:00,2,D,0.1503,85.2532,0.8373,1.8024,0.0613,4.1237,8.1073,2710.9641,43.2095,12.8658,1.9287,6.4308,10.203,0.077,14.1761,0.1119,1.2959,0.0182,0.766,288.7956,1.3563,51.3709,0.7134,7.5929,3.3519,0.0646,21.2815,0.1419,0.4173,0.0138,3.5655,59.2953
28/03/2024 07:00,1,A,0.2912,88.0147,0.9848,2.5685,0.064,4.3031,7.1066,2212.6897,32.6149,12.9521,1.7396,8.9219,21.2564,0.1104,19.8995,0.0751,1.714,0.0294,0.3915,159.7941,0.7331,53.4824,0.5455,8.7935,3.2866,0.1196,21.825,0.1585,0.3773,0.0026,4.5686,56.0399
28/03/2024 19:00,2,B,0.4099,61.5228,0.8876,2.5208,0.1225,5.4562,8.3263,2181.2906,36.854,11.4398,2.914,8.1123,11.7326,0.1423,15.6509,0.0898,1.7629,0.0316,0.7257,217.161,1.4645,51.6662,1.0563,9.6738,3.4189,0.166,16.9745,0.1503,0.3725,0.0133,4.4312,56.0651
29/03/2024 07:00,1,A,0.2006,90.3996,0.8673,1.9961,0.0631,4.0733,5.3466,2885.6554,34.5579,13.3726,1.5354,7.8009,13.1398,0.0984,22.4396,0.0651,1.9618,0.0279,0.5334,189.5818,0.9151,51.8376,0.5621,8.975,3.4077,0.0973,26.8727,0.1639,0.2833,0.0026,3.7527,57.3104
29/03/2024 19:00,2,B,0.2603,119.8561,1.1835,2.1949,0.0816,5.296,8.0628,4422.0913,41.4166,14.2301,2.3321,8.0838,6.0161,0.1275,22.4547,0.1001,2.2825,0.0337,0.7128,326.1499,2.7531,49.1305,0.9145,9.2181,2.5548,0.1357,29.0238,0.2042,0.4203,0.0033,4.2428,55.6275
30/03/2024 07:00,1,A,0.2903,64.1847,0.8131,1.9805,0.0772,5.0866,10.4013,2780.6845,33.209,11.0204,2.5626,8.5835,16.3854,0.1043,13.3861,0.0604,1.3306,0.036,0.7658,253.7429,2.4762,52.3189,1.4242,9.5603,2.086,0.1387,16.3142,0.1322,0.224,0.0231,4.4742,
30/03/2024 19:00,2,B,0.522,94.7283,1.2585,2.638,0.0996,4.8948,11.1216,2383.8123,35.7793,17.9922,2.5532,8.861,12.3523,0.1724,14.282,0.1113,1.8727,0.0114,1.2017,182.0856,1.3278,52.0833,0.9251,10.3222,4.0012,0.1741,19.3835,0.1744,0.4328,0.005,4.2737,56.7109
31/03/2024 07:00,1,D,0.7229,99.858,0.857,3.1196,0.109,4.9077,17.0068,2662.4599,36.637,15.0998,3.554,9.2977,8.8025,0.234,22.8759,0.0931,3.1948,0.0499,1.119,201.6858,1.2224,56.5628,1.0052,9.6349,1.0312,0.2661,28.5264,0.1533,0.7057,0.0255,4.9318,53.1159
31/03/2024 19:00,2,C,0.1543,77.118,0.6902,2.2816,0.037,4.7018,5.2531,2516.6785,37.3521,15.3595,1.3441,10.103,13.5443,0.0654,18.1332,0.1725,2.1573,0.0165,0.7488,318.6381,1.4624,51.6052,0.7787,11.9975,2.957,0.0659,23.5271,0.1953,0.3875,0.0048,4.3238,63.8668
01/04/2024 07:00,1,D,0.3547,105.2074,0.5246,1.2756,0.0783,5.1434,8.8513,6313.9083,32.2987,14.9103,2.5193,10.3687,12.9766,0.1238,15.2075,0.0549,1.2835,0.0111,1.189,438.5506,2.2216,51.7828,1.0595,9.6913,3.1902,0.1479,22.4815,0.0934,0.1955,0.0,5.1283,55.8107
01/04/2024 19:00,2,C,0.2503,95.8897,1.1618,2.523,0.0856,5.6522,12.198,3761.9559,33.1039,13.9289,2.2969,8.1108,10.9193,0.1321,28.7928,0.1309,1.8549,0.0273,0.7985,316.7116,3.1646,50.3685,0.6491,9.8539,1.6025,0.1128,32.043,0.1676,0.4718,0.013,4.4536,57.7161
02/04/2024 07:00,1,D,0.3079,72.6372,0.7859,1.6309,0.0576,4.5053,7.9969,3249.8461,37.1373,10.912,3.1067,8.409,9.4225,0.1114,11.4563,0.1243,1.5548,0.0224,0.7295,196.6386,2.0822,53.4155,0.647,9.7624,2.1638,0.1393,17.5211,0.1422,0.3021,0.0121,3.9399,56.5832
02/04/2024 19:00,2,C,0.4403,88.7973,1.3374,3.698,0.12,4.8511,5.4438,2415.8214,29.7873,14.3101,2.3204,9.354,12.6776,,,,,,0.7455,151.966,1.3747,49.397,0.8453,9.5616,5.2089,0.1451,18.367,0.2382,0.4808,0.0294,4.3231,53.6171
03/04/2024 07:00,1,D,0.2306,123.7105,0.682,2.1956,0.0402,3.7135,5.2812,2877.099,30.6925,13.7008,1.4861,6.9217,19.8626,0.1039,27.4624,0.14,2.0712,0.0344,0.8139,310.5293,1.2746,52.9817,0.7322,9.7028,6.382,0.1152,35.2668,0.1856,0.4592,0.0196,3.2344,52.7604
03/04/2024 19:00,2,C,0.2055,102.6816,0.6065,1.5987,0.0571,4.4705,7.0844,3537.094,37.6786,16.0791,1.8882,8.257,12.224,0.1446,20.8117,0.039,1.0263,0.0166,1.3311,385.6614,2.3135,47.8487,0.8223,9.3509,7.8723,0.1194,28.9535,0.0666,0.3141,0.0077,3.9695,63.6508
04/04/2024 07:00,1,B,0.3993,98.6947,1.3198,3.575,0.149,5.2696,8.1867,2713.5869,32.2059,14.7181,2.593,9.1544,13.0631,0.1335,17.6896,0.1808,2.5432,0.0688,0.441,172.933,1.1238,49.3489,1.2231,8.6484,4.209,0.1531,22.1218,0.2553,0.8418,0.0151,4.4077,60.0854
04/04/2024 19:00,2,A,0.3459,124.3741,0.6835,1.6946,0.0919,3.8819,9.5397,6455.3307,35.2845,9.5568,5.6308,10.0325,14.4274,0.122,15.6528,0.1641,1.5489,0.0335,1.172,345.5485,2.7536,53.1722,1.2367,10.9465,1.6322,0.1555,24.7451,0.1686,0.1908,0.0061,3.9123,51.8363
05/04/2024 07:00,1,B,0.2051,66.1578,0.8887,1.7038,0.0659,4.2858,5.8702,2844.7251,34.0846,12.36,2.161,9.0465,13.5347,0.0654,14.0001,0.0945,1.6436,0.0258,0.739,214.3902,1.3838,51.7651,0.691,10.3945,3.1127,0.0976,15.8368,0.1551,0.1116,0.0,4.2162,59.084
05/04/2024 19:00,2,A,0.2068,88.1757,0.7227,1.7893,0.0556,4.6274,5.7378,3849.0675,33.0436,11.3729,2.3337,9.4032,15.5036,0.1251,26.6009,0.152,1.7558,0.01,1.1024,359.7757,1.4129,52.2144,0.6658,8.8612,4.3389,0.1223,29.5322,0.1672,0.3049,0.0,4.0706,54.3233
06/04/2024 07:00,1,B,0.19,88.5083,0.7769,1.6862,0.0608,4.3384,4.563,3958.2266,30.3181,11.9142,2.3716,8.2339,18.4401,0.0673,13.774,0.1196,1.0217,0.0236,0.9217,402.8868,2.8025,51.7816,0.803,9.6188,3.3892,0.0844,19.073,0.1743,0.1948,0.0128,3.9176,
06/04/2024 19:00,2,A,0.37,94.5325,1.0863,2.4009,0.1024,4.8658,5.5568,3186.4068,37.7284,11.863,2.9115,9.0443,14.7636,0.1254,19.7993,0.1462,2.1394,0.0457,1.2017,337.4418,2.2715,53.3332,1.174,8.5279,1.9829,0.1482,27.864,0.1809,0.2393,0.0169,4.6019,56.6377
07/04/2024 07:00,1,C,0.507,95.0435,2.1244,4.1829,0.1879,5.4646,7.2482,1449.9238,42.4568,9.0711,2.1541,6.6102,15.6479,0.1291,15.5391,0.4199,4.2844,0.0766,0.8615,120.3184,1.8068,48.6224,0.5668,8.3505,5.3383,0.1511,22.0789,0.5018,0.7979,0.0298,4.469,54.31
07/04/2024 19:00,2,D,0.1959,89.1121,0.4959,1.7631,0.0623,4.8807,8.62,5128.5599,33.6119,12.3293,2.2163,8.4084,12.7108,0.1043,23.1715,0.129,1.1035,0.0096,1.0281,546.0044,3.3105,51.6448,1.1674,8.8163,3.7456,0.109,33.3744,0.157,0.4818,0.0069,4.6268,55.2705
08/04/2024 07:00,1,C,0.4281,70.7172,1.405,2.951,0.1135,5.6406,10.025,1340.0984,36.578,14.9999,3.6199,9.718,8.8219,0.1506,14.1696,0.2281,2.5776,0.0441,0.6803,164.8413,1.3247,54.0445,0.8233,9.2412,2.3319,0.1571,19.3123,0.2678,0.559,0.0152,4.6152,57.1014
08/04/2024 19:00,2,D,0.3908,70.636,0.9654,2.1322,0.091,4.4979,7.4964,2243.0169,33.9048,13.1023,2.7355,9.8084,15.6239,0.1505,13.1854,0.1152,1.5983,0.0242,0.7778,159.1672,1.4828,49.7801,0.8792,9.4642,4.7203,0.1593,17.2182,0.1554,0.4605,0.0218,3.6715,60.8547
09/04/2024 07:00,1,C,0.2634,85.8545,1.1309,3.2296,0.1082,4.5219,5.3808,2958.068,41.2883,10.9143,2.4006,9.109,9.1929,0.1157,16.3605,0.1579,2.6507,0.0487,0.5013,207.0543,1.4314,53.9905,0.7813,9.4326,2.0235,0.1057,19.1766,0.2186,0.3747,0.0239,3.8447,56.1181
09/04/2024 19:00,2,D,0.3596,84.9747,1.636,4.799,0.1258,5.3334,6.7081,1149.3096,35.4375,13.7248,1.8884,7.1781,14.0436,0.1335,21.274,0.3321,4.8854,0.0524,0.2538,71.6532,0.8574,52.1153,0.7282,9.3398,2.708,0.152,25.8461,0.3151,0.7289,0.0256,4.5862,51.8773
10/04/2024 07:00,1,C,0.4148,88.3566,1.4263,4.5066,0.156,4.9426,5.9705,1690.2461,37.9355,13.4248,3.4024,9.9475,10.2857,0.1232,21.133,0.1784,3.6223,0.0514,0.6573,215.5111,1.7001,50.707,0.7143,9.6482,2.6814,0.1582,22.9095,0.2421,0.9433,0.0216,4.6263,59.2791
10/04/2024 19:00,2,D,0.4394,97.9866,0.6418,2.5033,0.079,4.7285,8.6316,3058.1444,37.7148,12.4554,2.637,8.3019,11.9654,0.1807,26.5684,0.2902,2.9332,0.0805,0.8952,304.418,3.1735,53.0329,0.8475,10.2913,1.5701,0.186,31.3604,0.1984,0.4919,0.0193,4.1797,49.4144
11/04/2024 07:00,1,A,0.5701,77.9962,1.2064,2.7957,0.1108,4.7597,12.8595,2324.7023,40.7484,12.5636,3.3943,7.2377,11.0471,0.2534,22.1806,0.2606,2.6193,0.0474,1.498,216.6062,1.641,54.9806,0.9139,9.3955,2.9367,0.2655,26.2187,0.2736,0.3413,0.0159,4.8539,52.0797
11/04/2024 19:00,2,B,0.3814,66.8513,1.0145,2.8147,0.075,4.4098,9.2805,1846.3305,38.8333,10.8382,1.7675,6.7468,16.8019,0.1126,7.7231,0.1185,2.549,0.0196,0.8033,147.3672,1.0647,51.8822,0.5573,10.5353,3.1525,0.1407,12.3575,0.173,0.4882,0.0068,3.7992,55.1539
12/04/2024 07:00,1,A,0.4713,71.9143,1.403,4.0031,0.1889,4.9534,8.6919,1251.4444,35.0319,8.6482,4.2643,7.2563,14.3513,0.1465,9.6757,0.2395,2.97,0.0604,0.7365,149.8584,1.5735,53.4534,0.8637,8.1563,3.076,0.1724,15.7464,0.2819,0.4724,0.0048,4.0483,46.9055
12/04/2024 19:00,2,B,0.2988,63.2011,0.7316,2.104,0.0729,4.6514,9.7569,2784.1175,36.0556,11.1619,1.7417,8.664,11.0453,0.1491,29.8354,0.136,1.7799,0.0147,2.0111,358.5634,2.564,51.8916,0.9012,10.4145,4.2958,0.1596,36.2074,0.1454,0.4081,0.0039,4.3311,55.9462
13/04/2024 07:00,1,A,0.3034,118.1901,0.7706,1.848,0.0505,4.5544,8.2383,4955.0492,36.6085,12.5945,1.7981,6.2091,14.0356,0.1501,28.2209,0.1578,1.6801,0.024,1.0883,356.6377,2.5111,49.5465,0.7363,8.4147,3.2176,0.182,33.0988,0.2069,0.5953,0.0105,3.9662,56.7571
13/04/2024 19:00,2,B,0.429,100.3271,1.8125,5.7699,0.14,5.4406,6.54,1226.5905,36.2617,13.9123,3.4434,7.944,10.4044,0.1416,16.5018,0.1394,4.4958,0.0697,0.608,96.6557,1.1535,48.3401,0.6703,10.797,4.8435,0.1688,26.9524,0.2537,0.9536,0.0204,4.4703,51.2642
14/04/2024 07:00,1,D,0.5682,58.6572,1.1204,2.8671,0.094,4.3077,9.6292,1885.3047,34.578,15.6064,2.3219,8.2236,14.0619,0.192,9.926,0.2709,3.1508,0.0288,1.3002,159.8773,1.3664,51.369,0.9067,10.2383,3.4435,0.2149,13.2712,0.2708,0.4014,0.0054,4.1588,47.0544
14/04/2024 19:00,2,C,0.2857,113.2552,1.6261,3.6828,0.0939,5.2501,5.2693,3022.3007,35.1607,10.2785,2.2594,7.2378,20.1874,0.0847,16.8455,0.1204,2.9479,0.042,0.5281,200.1309,0.7875,53.3313,0.6444,10.246,2.6424,0.1027,24.3275,0.2284,0.5415,0.0128,4.6724,50.7832
15/04/2024 07:00,1,D,0.6054,78.3467,1.1117,2.551,0.0746,4.5522,11.5297,2523.1118,31.4611,14.6156,1.489,9.3351,14.8715,0.2225,15.0717,0.1228,2.0776,0.0311,1.8602,339.1179,3.9819,51.2727,0.8016,10.905,4.1016,0.2295,21.966,0.2145,0.5531,0.0163,4.1968,54.1751
15/04/2024 19:00,2,C,0.4051,89.4071,1.3931,2.0811,0.104,4.0679,10.5015,1943.9904,32.9547,8.0516,2.1486,8.4473,21.9458,0.1956,11.3852,0.3526,1.9614,0.0331,2.5236,241.0272,2.9747,50.0599,0.7522,9.6802,4.3267,0.1857,19.809,0.3415,0.3373,0.0174,3.5687,49.8881
16/04/2024 07:00,1,D,0.2406,88.305,1.169,1.9979,0.0663,5.1578,6.755,2427.9836,33.2937,13.1686,1.9442,8.2841,15.987,0.1208,22.0183,0.2296,1.7747,0.0255,0.6638,304.128,1.1544,51.2598,0.6629,9.6384,3.1292,0.1116,26.9841,0.3349,0.6687,0.0176,5.2306,58.3105
16/04/2024 19:00,2,C,0.3322,50.6193,0.961,2.4389,0.0611,4.6363,6.1154,1967.2219,35.0376,13.1692,2.0612,8.8434,12.6967,0.1207,10.4067,0.0723,1.8834,0.0267,1.0646,161.2721,0.9823,51.2036,0.6028,10.5302,3.545,0.1331,10.7251,0.1531,0.5631,0.0087,3.8875,56.6234
17/04/2024 07:00,1,D,0.1947,105.3632,0.9619,2.3108,0.1158,4.6554,5.1938,2933.301,30.8756,7.6321,2.7482,8.4269,18.0988,0.1109,19.8048,0.13,2.0705,0.0569,0.976,351.7405,2.2458,46.6871,0.9442,11.3601,5.0409,0.0904,27.7571,0.181,0.5158,0.0222,3.9957,51.7629
17/04/2024 19:00,2,C,0.3609,70.7713,0.7548,1.7443,0.0716,4.6474,7.5848,3044.8432,33.8043,14.0942,2.4326,9.0179,11.6092,0.1303,17.9984,0.0816,1.2069,0.0103,1.3623,349.1313,2.0768,48.5428,0.69,10.3508,3.4541,0.1483,21.7593,0.091,0.3669,0.0003,4.1636,59.2277
18/04/2024 07:00,1,B,0.2761,107.3458,0.6225,2.0703,0.0635,4.8424,6.0427,4372.0197,37.584,11.4316,2.6857,9.2174,10.7453,0.1585,21.7168,0.1016,1.5466,0.0165,1.2546,311.8273,1.5663,51.0907,0.7258,9.1662,2.5938,0.1493,29.1083,0.1289,0.2987,0.0095,4.4782,52.1685
18/04/2024 19:00,2,A,0.3225,121.1938,1.4765,2.6741,0.0859,4.163,7.522,2405.4308,28.6837,9.6987,1.509,7.2636,20.2095,0.1791,20.351,0.1727,2.744,0.0373,0.9973,270.1722,2.7637,49.2892,0.6702,9.8218,3.8667,0.1589,31.0279,0.2845,0.4332,0.0132,4.2039,50.4597
19/04/2024 07:00,1,B,0.2024,76.1987,0.4861,0.9465,0.0422,4.8387,7.3804,3787.7331,31.629,15.2767,2.7229,9.4371,13.1105,0.1161,20.7956,0.0734,0.8962,0.0171,1.0248,323.3595,1.1492,55.4245,0.7658,8.7896,1.5233,0.1141,27.6268,0.0771,0.1942,0.0,4.6345,63.2756
19/04/2024 19:00,2,A,0.2149,46.4647,0.6101,2.1641,0.0571,4.9314,8.8529,2666.2145,35.4065,11.6407,2.1553,10.1926,12.881,0.1379,18.2425,0.2474,2.2217,0.0511,1.3556,320.4502,2.9981,51.3875,0.9462,9.559,2.2499,0.1351,26.7814,0.3275,1.7141,0.0183,4.7384,59.9848
20/04/2024 07:00,1,B,0.4907,65.4258,0.7677,1.2081,0.0677,4.539,10.2428,2202.4065,27.794,14.201,2.029,10.3288,16.223,0.1404,12.5729,0.0777,1.3203,0.0162,1.3328,256.8776,2.9286,47.351,0.9633,11.3949,5.7248,0.1758,17.4559,0.113,0.1537,0.0053,3.6738,55.1961
20/04/2024 19:00,2,A,0.4678,66.5043,1.3025,3.0021,0.0781,5.4045,8.1528,2068.5952,32.5047,12.3057,1.9289,8.9519,14.6248,0.2537,19.307,0.3505,2.8963,0.0548,0.9773,208.0684,1.4969,50.1256,0.7472,9.6058,3.8625,0.2485,20.1542,0.3211,0.4262,0.0154,5.0168,60.1294
21/04/2024 07:00,1,C,0.2144,78.9978,0.445,1.2905,0.0567,4.7656,8.3736,4025.2344,36.1728,10.7826,4.0609,8.4315,9.4281,0.0616,17.0569,0.0639,1.2182,0.0252,0.8691,293.6688,0.9403,52.6972,0.9145,8.8574,3.2472,0.1111,23.5391,0.0995,0.1553,0.0019,3.5783,56.2548
21/04/2024 19:00,2,D,0.4852,85.8318,0.9995,3.05,0.1594,4.8668,9.2089,2603.6535,33.0632,13.9794,4.2476,8.9842,10.7182,0.1839,22.9696,0.1152,2.806,0.0683,0.6913,174.7766,0.8128,54.2402,1.1487,10.27,1.4944,0.183,25.4589,0.1775,0.488,0.0157,4.8244,56.0409
22/04/2024 07:00,1,C,0.3006,81.7917,1.4521,3.073,0.093,4.6595,9.802,2492.231,41.0616,13.842,2.6157,9.2595,10.9944,0.1088,12.8218,0.1967,3.2505,0.0361,0.5498,179.3857,1.3164,54.3564,0.8214,10.5481,0.9814,0.1087,19.3229,0.2417,0.5189,0.0205,4.3671,49.0418
22/04/2024 19:00,2,D,0.2937,133.1861,1.7887,3.5059,0.1038,4.959,7.0519,3276.7456,36.5848,7.6512,1.9856,5.8226,13.9838,0.1176,21.4943,0.2007,2.8485,0.0304,0.4973,129.1526,1.1185,58.9703,0.6883,8.933,0.35,0.1153,32.0962,0.361,0.4798,0.011,4.6898,55.9205
23/04/2024 07:00,1,C,0.5046,110.081,0.955,2.0005,0.1059,4.7471,12.1562,4321.1101,33.8621,11.7255,1.7434,7.2617,14.7713,0.2348,22.7602,0.1602,1.3513,0.025,1.3534,298.1604,1.4019,48.8893,0.5658,9.3764,3.8342,0.2228,26.0763,0.172,0.3675,0.0094,3.7381,53.6813
23/04/2024 19:00,2,D,0.4256,84.3946,1.5238,3.6944,0.1964,5.7592,6.8111,1420.5482,31.007,14.6538,2.6823,10.3096,10.9707,0.1561,13.433,0.3153,3.0749,0.0803,0.4984,160.9066,1.2531,50.3794,1.0979,11.2923,4.9719,0.1544,19.8417,0.3345,0.576,0.0196,5.3372,51.5821
24/04/2024 07:00,1,C,0.2337,83.7,1.6505,3.2185,0.0896,4.7648,5.3741,1763.4853,38.1016,11.3571,0.863,6.4648,19.8308,0.1078,18.8597,0.1486,2.7432,0.0308,0.719,155.0096,1.1952,53.7158,0.7125,10.0771,2.0673,0.0934,23.8147,0.263,0.5711,0.0121,4.2269,51.0564
24/04/2024 19:00,2,D,0.6176,70.8598,1.2405,3.5738,0.1387,4.5028,9.7073,1553.9254,34.2915,12.5589,3.4815,7.9742,15.511,0.1775,9.7154,0.2141,3.2231,0.0785,0.6692,148.8005,1.1626,51.8169,0.6852,7.9101,3.7442,0.2009,15.3807,0.2494,0.4743,0.0163,3.605,46.8243
25/04/2024 07:00,1,A,0.4575,84.7662,1.1736,2.9114,0.0915,4.9964,9.5119,1699.6735,34.0358,9.4601,1.6216,5.9566,13.2703,0.1332,15.3465,0.218,2.5864,0.0398,1.0609,194.7466,1.9667,50.133,0.933,9.1246,4.7397,0.1579,17.1376,0.2784,0.4498,0.0148,4.1215,52.1289
25/04/2024 19:00,2,B,0.3646,87.4262,1.6954,3.2845,0.111,5.9981,6.7547,2013.2637,39.4204,12.6421,1.4152,8.677,13.1059,0.1457,19.1421,0.3256,3.1431,0.0535,0.9161,169.6368,1.6601,52.2301,0.485,10.5952,3.2852,0.1523,21.568,0.3206,0.585,0.0199,5.2184,55.491
26/04/2024 07:00,1,A,0.435,96.5665,0.4554,0.8911,0.0666,4.7614,14.0407,5530.9596,38.2814,8.3723,3.2243,6.8041,9.5117,0.156,25.8791,0.1412,1.5614,0.0195,1.9996,396.5507,2.0524,49.6185,0.8325,8.8471,4.2244,0.1581,25.8776,0.0906,0.1438,0.0137,3.7094,53.1025
26/04/2024 19:00,2,B,0.4307,98.4906,0.9062,2.0735,0.0558,4.9932,11.1189,3270.6142,32.9993,15.4848,1.8748,10.2776,12.7235,0.1572,14.1887,0.0942,2.2365,0.0282,0.6559,282.5131,2.1676,53.0162,0.9592,10.9024,1.1046,0.1644,17.7473,0.1418,0.7217,0.0256,4.187,53.0029
27/04/2024 07:00,1,A,0.3293,111.2961,1.1488,3.7296,0.1117,4.744,6.6687,2613.2863,29.1126,17.2498,2.8643,9.9305,11.9563,0.1259,19.4154,0.0958,3.8662,0.0582,0.7267,174.5372,1.1895,49.7097,1.0168,12.3467,3.6369,0.1532,26.5057,0.1467,0.6581,0.02,4.0095,56.0426
27/04/2024 19:00,2,B,0.2344,83.1573,1.1911,3.3484,0.1321,5.3601,8.0172,2926.9011,39.0198,10.0288,3.7674,8.4553,11.8065,0.0915,17.3917,0.105,2.7849,0.0576,0.5943,249.8997,1.8945,50.3343,1.2781,10.706,5.1612,0.0993,21.7211,0.1655,0.4215,0.016,4.3595,59.6986
28/04/2024 07:00,1,D,0.3267,73.7852,0.8878,2.2153,0.1333,4.5155,6.3838,2703.2877,31.484,14.1548,4.6366,9.8627,12.1991,0.0998,14.8266,0.1968,2.1313,0.0732,0.5808,200.7064,1.4787,49.5082,1.33,10.2844,3.236,0.1489,18.2309,0.2405,0.1745,0.0109,3.7136,49.4159
28/04/2024 19:00,2,C,0.4939,112.9652,1.4235,3.2834,0.1219,4.6584,9.2016,2963.5893,39.2943,13.7963,3.0459,7.5254,12.1304,0.188,20.5044,0.0924,2.4497,0.0678,0.8044,202.1944,1.3677,50.0887,0.8084,10.2754,2.5929,0.2141,28.905,0.2121,0.6757,0.0353,4.2846,51.3937
29/04/2024 07:00,1,D,0.5496,64.6076,1.5308,2.9173,0.1578,5.0986,15.0248,1634.4018,42.6695,12.5255,4.5273,7.1449,6.5221,0.175,10.7181,0.3652,2.6436,0.0628,1.057,205.1396,2.1783,51.5219,1.3425,10.5436,2.3317,0.1893,13.4078,0.3806,0.5584,0.0232,4.2338,51.0451
29/04/2024 19:00,2,C,0.2199,95.8751,0.6866,2.4505,0.0452,5.8983,7.571,3323.9992,34.2568,14.0577,0.81,9.1328,11.1281,0.0923,23.9671,0.2126,2.6666,0.0693,0.7904,284.3613,1.0423,50.1907,0.7028,11.517,2.4278,0.0874,28.8502,0.2116,0.5545,0.0216,5.2887,64.0
30/04/2024 07:00,1,D,0.4596,92.9455,1.0267,2.9092,0.0609,4.8719,8.1239,2779.5487,36.0755,12.1383,2.4578,7.9587,15.7384,0.1658,17.8114,0.1768,2.6659,0.034,1.3321,221.7113,1.6353,49.7607,0.5801,9.1793,5.8941,0.1986,25.1905,0.2413,0.547,0.0126,4.275,58.2765
30/04/2024 19:00,2,C,0.2858,94.9325,1.1417,2.3654,0.0627,4.6935,5.9658,1668.3447,35.0865,13.3779,1.1414,7.3317,18.8299,0.1004,12.013,0.1508,2.5335,0.0289,0.864,144.0097,0.6027,51.5694,0.486,11.1961,3.3749,0.0991,19.3604,0.2143,0.3287,0.001,4.3931,54.4926
01/05/2024 07:00,1,D,0.4165,108.0201,1.1586,2.3373,0.1201,4.7803,10.1072,3258.4648,39.5595,8.8769,3.0929,6.8915,11.5891,0.1595,22.6109,0.173,2.4216,0.0505,0.4523,148.7199,0.7728,52.7546,1.1308,10.5338,1.5518,0.1739,26.7776,0.2012,0.3319,0.0139,4.3505,53.2978
01/05/2024 19:00,2,C,0.4377,81.5447,1.7763,3.3218,0.1169,5.2769,5.9427,1969.3925,33.1864,21.4399,2.0243,11.3495,10.8069,0.1369,15.0583,0.1397,2.3564,0.0285,0.7837,241.6087,2.2028,51.0725,0.762,10.948,3.148,0.1721,19.8284,0.2177,0.5527,0.0056,4.3976,55.5094
02/05/2024 07:00,1,B,0.2968,123.674,0.863,1.9566,0.0861,5.2417,8.3439,3574.8354,34.3671,12.2426,2.1424,8.0017,11.1123,0.1442,20.755,0.1953,1.756,0.0292,1.0853,359.9711,1.8147,54.1321,0.8893,7.8319,2.5056,0.1524,29.5304,0.1897,0.4061,0.02,5.1692,56.8918
02/05/2024 19:00,2,A,0.3018,89.9463,0.5811,1.5228,0.073,4.0643,9.8435,3260.1204,31.4197,11.2882,4.5542,9.875,12.2434,0.1359,14.3145,0.148,1.4279,0.03,1.322,256.5775,1.8796,48.944,1.0742,9.944,4.2456,0.1231,15.4313,0.1069,0.1873,0.016,3.2292,49.495
03/05/2024 07:00,1,B,0.3923,72.2185,0.9521,2.7125,0.1967,4.6468,8.8668,2330.6876,27.3053,13.2968,4.6366,11.5269,15.2173,0.0914,9.6629,0.0555,1.7234,0.034,0.7714,230.1802,1.5066,49.4018,1.3236,11.4016,2.4333,0.1213,15.4172,0.1596,0.4271,0.0023,4.2612,50.3125
03/05/2024 19:00,2,A,0.3449,86.2797,0.8207,1.6819,0.0496,3.7636,6.8874,3017.4564,30.7154,10.9393,1.6148,6.9857,19.3858,0.1573,20.0132,0.1024,2.3006,0.0427,1.0508,198.4004,1.5253,50.249,0.8905,7.2574,3.0952,0.1863,25.8258,0.1493,0.1822,0.0005,2.8907,53.5994
04/05/2024 07:00,1,B,0.3156,104.5586,1.0453,2.7157,0.136,4.5102,4.8982,2602.4729,38.2319,11.8823,3.4905,8.3402,11.4832,0.1348,17.7962,0.1771,2.3766,0.0356,0.7539,207.8686,1.2999,49.9899,0.6993,9.268,6.554,0.1491,25.5961,0.1898,0.1567,0.0123,3.764,57.0593
04/05/2024 19:00,2,A,0.3377,80.8267,1.7014,2.9106,0.1243,4.6687,8.4457,1646.27,37.8522,16.0814,3.3664,8.8474,12.2298,0.1156,10.844,0.1751,2.4721,0.0194,0.8045,214.9341,1.1813,51.7854,0.8905,8.3776,2.4294,0.1277,16.5249,0.2881,0.3904,0.0079,4.6032,52.3444
05/05/2024 07:00,1,C,0.3447,94.5768,0.9591,1.4268,0.0342,4.8476,8.2509,3557.2676,43.4688,12.1551,1.243,7.0369,8.5425,0.1354,32.0014,0.172,1.2584,0.0221,1.1631,314.8597,1.9304,55.249,0.4962,7.8147,0.5743,0.1605,46.9576,0.2094,0.2861,0.0114,4.0923,56.6073
05/05/2024 19:00,2,D,0.4091,83.13,1.021,1.6376,0.0822,3.7786,13.3535,3427.8201,39.8979,13.302,1.5468,7.5241,15.0377,0.1232,19.7447,0.1115,1.6006,0.0264,1.0524,266.6056,1.4783,53.2239,0.6776,7.9188,4.105,0.1473,25.4061,0.1803,0.1883,0.0,4.2958,59.0208
06/05/2024 07:00,1,C,0.2896,104.2558,1.185,2.7273,0.0748,5.0125,6.9317,2990.1787,32.8646,14.1499,1.3975,8.9801,15.819,0.1471,28.3808,0.1789,2.3472,0.031,0.9043,311.3429,1.7884,52.5894,0.7096,7.7964,3.1792,0.1679,32.81,0.2767,0.5741,0.0,4.5085,53.0539
06/05/2024 19:00,2,D,0.7397,94.5276,1.715,5.3578,0.229,5.4579,14.3381,2085.075,41.1196,10.5952,4.1916,8.2213,8.4145,0.214,14.0037,0.2954,5.1902,0.102,0.8701,156.7136,1.1707,53.2651,0.8527,9.5999,1.3449,0.2239,20.6015,0.4043,0.874,0.0287,4.8329,54.6887
07/05/2024 07:00,1,C,0.3918,117.7473,1.156,2.698,0.0677,4.9869,5.2109,2962.6552,31.146,15.5034,1.7175,8.7616,19.1015,0.1201,25.0127,0.1352,2.62,0.0382,0.6484,218.4189,0.8672,51.3903,0.6071,10.7653,4.6135,0.1461,29.1055,0.1777,0.4032,0.0079,3.9571,52.4274
07/05/2024 19:00,2,D,0.5334,141.3121,1.9011,3.1442,0.1411,5.6693,9.0867,3061.5414,38.9387,13.2266,3.0999,7.9395,13.5286,0.1505,22.0292,0.1088,2.4302,0.0281,0.4147,213.7839,0.9064,50.8254,0.8853,8.4262,3.798,0.1758,29.5097,0.189,0.3443,0.0073,5.2405,57.8883
08/05/2024 07:00,1,C,0.3661,95.6008,0.8455,3.2139,0.1089,5.634,10.9525,3081.8186,37.7871,13.3604,2.9827,8.4976,14.0632,0.1212,18.6207,0.1802,2.908,0.0392,0.7335,209.2402,1.5119,51.8728,0.7115,11.1991,2.4266,0.1343,24.3961,0.1727,0.5419,0.008,4.9294,54.286
08/05/2024 19:00,2,D,0.2396,61.9456,1.0212,1.8756,0.0906,4.8058,9.3025,4152.7605,37.0386,15.2964,3.9743,8.9743,8.0674,0.1132,15.7775,0.0571,1.6023,0.0249,0.754,331.7303,1.9337,48.2228,1.0436,9.2131,3.8179,0.1261,20.7772,0.2301,0.1858,0.0112,4.3768,53.735
09/05/2024 07:00,1,A,0.422,82.1263,1.3883,3.5473,0.1445,5.1893,12.7772,1969.4299,43.1991,13.6311,3.3815,8.3211,8.5884,0.1923,14.158,0.1949,3.3794,0.0585,0.7827,127.2068,2.0256,52.4401,0.9241,12.6207,1.3765,0.1825,17.9732,0.2276,0.6359,0.0206,4.3016,57.8258
09/05/2024 19:00,2,B,0.4424,95.485,1.3011,3.1861,0.1249,4.6082,10.0285,1989.6505,43.6129,7.015,2.0907,6.0516,12.2446,0.1404,13.6836,0.4532,2.6274,0.0437,1.0424,167.9971,1.8869,55.7395,0.7892,9.6718,1.4725,0.1638,21.0029,0.4213,0.5111,0.0228,4.3417,50.5481
10/05/2024 07:00,1,A,0.6099,87.9093,1.4047,4.0433,0.125,5.0549,8.4974,2186.8454,39.8096,14.1265,2.3811,8.0211,11.7206,0.1506,20.8844,0.2094,3.6705,0.0818,1.0527,201.2215,2.8648,50.015,0.7484,12.6241,2.76,0.1861,27.5153,0.2605,1.1857,0.0414,5.2791,57.0438
10/05/2024 19:00,2,B,0.3138,80.5989,0.6985,2.9679,0.1177,5.6643,8.283,2221.9856,28.9868,13.0888,3.4196,9.8157,15.9389,0.0977,13.0151,0.1973,2.6807,0.0347,0.7472,195.7794,1.5338,53.0786,1.1019,9.8345,2.9849,0.1274,18.9321,0.1877,0.3293,0.0171,4.9567,48.2787
11/05/2024 07:00,1,A,0.547,97.564,0.9267,1.7091,0.062,4.7014,7.9306,2422.7768,32.5467,11.6946,1.3124,7.0526,12.5358,0.1942,29.1255,0.0562,1.7261,0.0449,1.4384,309.6911,1.586,53.3114,0.735,7.6507,2.8585,0.2065,39.8087,0.1441,0.2591,0.0122,4.4682,58.173
11/05/2024 19:00,2,B,0.2372,68.022,0.9102,2.0682,0.0292,4.2324,5.7494,2255.5466,37.6919,8.5528,1.0395,5.9228,16.4093,0.1028,17.1162,0.0977,1.6655,0.0276,0.9054,205.8387,1.8828,47.0527,0.6007,8.5385,6.6441,0.1257,21.9831,0.1289,0.4815,0.0074,3.6968,59.292
12/05/2024 07:00,1,D,0.2962,115.965,1.4779,3.2278,0.0695,4.8493,4.0598,2406.8085,32.6849,12.5145,1.2669,7.4262,18.4018,0.0942,15.7529,0.1457,2.8322,0.045,0.7487,248.0952,2.1701,49.4967,0.7216,11.3517,5.3557,0.1307,25.1384,0.2168,0.6427,0.0181,4.0516,57.7566
12/05/2024 19:00,2,C,0.2983,65.9329,0.9337,1.8905,0.0722,4.7122,10.3662,2801.2082,36.3359,16.7417,2.8697,9.4243,13.2334,0.1489,19.6682,0.141,1.2277,0.0185,1.1244,253.1517,1.4043,48.2044,0.6755,9.914,5.0553,0.1524,27.1667,0.1815,0.3174,0.0028,4.7886,
13/05/2024 07:00,1,A,0.1536,79.937,0.9247,2.5565,0.0909,4.7031,7.7474,2289.1827,33.9684,12.4421,2.4039,8.725,13.8186,0.1077,21.6465,0.1137,2.7327,0.0329,0.9946,247.9182,0.8342,51.9708,0.7312,9.1691,2.6003,0.0776,25.2769,0.1247,0.2173,0.0057,4.4957,54.0487
13/05/2024 19:00,2,B,0.2036,49.8323,0.7056,1.1797,0.0632,4.624,7.6321,2701.9204,30.9444,12.6743,2.8032,11.2366,15.7327,0.1235,14.0809,0.0502,1.224,0.0286,1.2533,415.3869,3.4373,48.428,0.954,9.7096,3.7047,0.1141,16.3678,0.1427,0.1726,0.0123,4.5306,59.5156
14/05/2024 07:00,1,A,0.5117,63.3326,1.0386,3.5323,0.2385,4.7063,9.783,1538.9186,30.9444,14.7195,6.0929,10.0525,12.0511,0.1702,11.1328,0.1809,2.5657,0.0648,,,,,,,,0.1735,15.2232,0.2331,0.4352,0.0212,4.6292,50.2813
14/05/2024 19:00,2,B,0.5069,90.8214,1.2229,2.7635,0.124,5.1032,12.2107,3704.9968,33.3635,12.1827,3.5567,9.2499,13.4186,0.1574,15.2009,0.1407,3.0625,0.0272,0.8275,220.912,1.8259,51.1217,0.7199,10.4636,3.0716,0.1857,21.4169,0.2327,0.5063,0.0074,4.4333,54.1786
15/05/2024 07:00,1,A,0.3854,57.676,1.3626,3.5691,0.1375,4.5709,6.8279,1276.8096,38.9712,11.7144,2.3055,7.7529,15.0757,0.1061,11.7043,0.1052,2.783,0.0337,0.6098,132.9689,1.4857,50.7201,0.6197,9.0987,4.3024,0.1217,14.9721,0.1901,0.6621,0.0185,4.8561,57.1744
15/05/2024 19:00,2,B,0.55,106.0769,1.2315,3.1085,0.0874,4.6474,8.678,2502.3897,35.6042,13.929,3.6286,8.3258,12.9982,0.2099,18.2649,0.1094,2.8975,0.0371,0.8388,240.6306,1.4424,53.7795,1.029,10.3699,3.9043,0.2334,22.9907,0.133,0.3269,0.011,3.9752,58.3835
16/05/2024 07:00,1,C,0.3633,53.9696,0.9887,1.7108,0.0522,4.5747,9.8506,2164.8641,40.754,8.6571,1.2057,6.8092,12.4839,0.1033,15.6537,0.1544,1.584,0.0274,1.1595,241.9682,2.5937,53.914,0.6097,8.2313,2.0905,0.1509,15.3576,0.2241,0.3014,0.003,4.2234,59.8404
16/05/2024 19:00,2,D,0.6074,93.3987,1.1324,2.3697,0.0768,4.7705,11.5862,2404.7903,36.3428,13.8501,3.7515,10.1111,15.5328,0.1559,14.5158,0.212,2.0959,0.0194,0.866,148.0169,1.5325,49.4121,0.7666,10.2199,3.5907,0.1955,19.5654,0.2891,0.3583,0.0,4.985,53.4008
17/05/2024 07:00,1,C,0.3754,58.5711,0.7535,2.3896,0.0763,4.2849,9.7121,2663.6463,29.2085,12.2592,2.7537,8.7268,20.6607,0.1494,15.2235,0.1461,2.3228,0.027,1.5274,293.1153,1.3683,47.3849,0.7745,10.0509,6.1907,0.1702,17.1232,0.1389,0.4114,0.0033,3.8823,51.9038
17/05/2024 19:00,2,D,0.4555,108.4381,1.7467,4.0147,0.0843,5.0542,7.704,2342.8538,43.4446,12.5171,1.8008,7.1401,12.1957,0.1622,22.4326,0.2246,3.8958,0.0281,0.8748,222.5953,2.3214,51.116,0.5382,9.8693,5.7123,0.1757,28.1597,0.3127,0.7783,0.0076,4.9303,61.2813
18/05/2024 07:00,1,C,0.3381,88.3125,1.0584,3.0092,0.0819,5.1519,5.7845,1658.8366,34.8521,11.1268,1.6446,7.721,14.3267,0.1616,18.5376,0.1991,3.0946,0.0428,0.8088,168.9726,1.5441,49.0655,0.5435,8.8612,3.798,0.1795,24.9026,0.222,0.5809,0.0206,4.1641,52.1119
18/05/2024 19:00,2,D,0.3326,67.4652,0.9511,2.2518,0.1052,4.6886,8.9832,2879.1572,38.8029,12.784,3.2907,7.9089,7.4431,0.1598,14.9338,0.1783,2.1337,0.0354,0.7338,166.0557,1.2104,53.665,0.7329,10.654,1.5651,0.1465,17.1813,0.2357,0.2912,0.0158,4.2224,56.3147
19/05/2024 07:00,1,A,0.4616,88.4828,1.4871,3.9147,0.1221,5.022,8.5963,2328.9977,38.8943,14.2934,2.6167,8.7897,16.3096,0.1738,23.3058,0.2768,3.0352,0.0572,0.6373,166.8074,1.4526,51.4168,0.7884,10.5454,2.8463,0.1879,22.9303,0.3394,0.6106,0.0113,4.6398,46.0727
19/05/2024 19:00,2,B,0.6084,104.1598,1.5723,4.1054,0.0632,5.2573,11.6824,2882.1299,43.7314,12.8047,1.6194,6.9925,14.9608,0.2401,18.1605,0.2438,3.5728,0.04,1.0751,206.725,1.6492,53.5527,0.7113,11.0325,2.3382,0.2554,23.7678,0.3071,0.7068,0.02,4.9808,55.1974
20/05/2024 07:00,1,A,0.2851,81.1081,1.5576,4.3487,0.1019,5.033,5.6416,1656.9506,38.0946,10.2098,2.501,8.9518,11.3179,0.1402,17.7996,0.3186,4.209,0.0488,0.7451,194.1182,2.1738,50.6292,0.9463,11.2174,3.3899,0.1101,22.1971,0.3687,0.7209,0.0226,4.4202,62.514
20/05/2024 19:00,2,B,0.3934,72.4938,0.8788,2.1163,0.1052,5.1406,13.2598,2097.8814,34.1172,12.2256,3.8497,9.3476,14.0557,0.1679,14.338,0.13,2.3246,0.0452,0.9955,218.9743,2.1945,49.2733,0.9172,10.4328,6.2293,0.2083,19.2614,0.1862,0.2558,0.0119,4.6782,53.3278
21/05/2024 07:00,1,A,0.3529,65.7629,1.1591,2.3216,0.116,5.2256,9.7266,1493.9871,36.6008,10.5452,1.9078,8.3622,16.0948,0.1417,10.2973,0.1516,2.1186,0.0329,1.4182,222.2158,3.9489,49.9765,0.898,9.5626,2.3404,0.1433,14.8229,0.1921,0.1738,0.0024,4.6579,52.9322
21/05/2024 19:00,2,B,0.4719,108.0231,1.0892,2.8948,0.0934,5.4435,7.9511,2183.1805,32.8414,14.8711,1.6014,7.5934,13.1503,0.1953,20.9957,0.1045,2.0344,0.0368,0.8015,135.8127,0.825,53.4752,0.5856,10.2138,2.4653,0.2426,29.7071,0.1722,0.4121,0.0117,4.976,59.0383
22/05/2024 07:00,1,A,0.4414,90.377,0.5447,1.363,0.0959,3.8912,13.4958,5027.7665,36.4076,10.4172,5.5597,10.176,13.5965,0.1976,19.4173,0.1213,0.9265,0.0657,1.9485,362.1806,2.0542,52.8829,1.2401,8.6675,1.9602,0.2203,23.3307,0.1195,0.172,0.0157,3.7653,56.5073
22/05/2024 19:00,2,B,0.2491,84.3138,1.1483,2.7613,0.1387,5.1974,6.2906,2786.3965,35.3682,11.7993,4.0075,10.2483,16.1495,0.1052,22.9944,0.2213,2.1869,0.051,0.654,224.3647,1.44,49.7916,1.3728,10.5613,4.7198,0.1284,25.9984,0.251,0.4121,0.019,4.5969,49.5755
23/05/2024 07:00,1,C,0.309,58.6358,0.9456,2.0364,0.0877,4.8885,8.0227,2086.1591,30.3722,10.0366,2.2197,8.2182,15.6855,0.0951,9.3002,0.1141,1.7051,0.0364,0.7361,170.8891,1.7195,46.1464,1.0025,10.4515,7.0031,0.128,11.9941,0.1728,0.4231,0.0157,3.6879,58.789
23/05/2024 19:00,2,D,0.4175,76.3249,0.9986,1.7866,0.0636,5.1334,9.973,2179.9652,38.0929,11.4138,2.0147,8.4566,13.6187,0.1992,16.8486,0.189,1.2479,0.038,1.6771,305.2724,1.5355,46.4061,0.8006,10.4864,3.9095,0.1999,21.3236,0.244,0.309,0.0179,4.7067,61.4499
24/05/2024 07:00,1,C,0.2825,67.6494,0.7095,1.934,0.0907,4.599,11.0466,3891.5602,38.3502,8.4913,3.6164,9.3961,10.1885,0.0988,15.6856,0.0762,1.3323,0.0293,0.8723,329.9412,1.1706,50.91,0.868,8.6869,1.8535,0.1173,19.5489,0.1376,0.2345,0.0105,3.6602,55.5001
24/05/2024 19:00,2,D,0.6305,90.8291,0.8605,2.673,0.1296,4.5584,13.6714,3237.3472,30.0402,12.4406,4.1875,9.9111,12.6778,0.2044,16.9258,0.2135,2.0116,0.0381,1.4134,288.6882,2.1727,49.9665,1.0495,8.9949,3.4877,0.2168,21.4456,0.2703,0.4427,0.0249,3.7895,50.9989
25/05/2024 07:00,1,C,0.2215,61.0034,0.7761,1.5531,0.0565,4.5883,10.231,2884.6672,34.2147,15.8849,2.595,9.1959,12.9643,0.1281,20.5921,0.0767,1.4613,0.0145,1.1213,326.5247,1.7796,51.7142,0.7643,9.2746,1.548,0.1301,20.8593,0.1354,0.2453,0.0032,4.5316,49.035
25/05/2024 19:00,2,D,0.3815,93.7928,1.5629,2.4697,0.0772,4.7811,14.0551,4698.3808,46.4793,11.6217,2.7913,6.7156,6.2052,0.1507,18.4379,0.1644,1.7816,0.019,0.7324,269.7693,1.8373,51.8609,1.0066,10.4623,2.5805,0.1587,22.4605,0.2985,0.446,0.0168,4.0111,57.0522
26/05/2024 07:00,1,B,0.3486,60.5717,0.7507,1.4583,0.0608,4.5957,8.8038,3393.8278,31.0062,10.8022,2.4491,8.0734,14.7021,0.1214,16.7243,0.097,1.5917,0.0187,0.6529,228.8115,1.4397,48.4778,0.9174,9.417,6.3853,0.1597,21.2529,0.1323,0.202,0.0169,3.6092,52.4036
26/05/2024 19:00,2,A,0.4496,113.4781,1.564,4.4689,0.1269,5.0201,10.2792,2167.4406,40.5886,9.9153,2.3675,7.5031,15.2016,0.2001,20.8068,0.2331,3.5792,0.0812,0.9992,208.1853,1.6098,51.2435,1.0887,10.5826,3.075,0.1769,29.3488,0.2958,0.7105,0.0277,4.5154,56.2058
27/05/2024 07:00,1,B,0.3601,69.9491,0.4656,1.3124,0.0683,4.9907,12.3042,3641.3016,31.5296,14.8178,4.7869,10.4231,11.8389,0.1244,13.0547,0.1039,1.6801,0.0334,1.1296,378.8624,1.3747,46.4138,1.1856,9.5031,5.9136,0.1406,18.6265,0.1143,0.2495,0.0083,4.3329,52.5839
27/05/2024 19:00,2,A,0.4621,107.4356,1.1294,3.2886,0.0636,4.8384,7.7092,4153.9992,39.2517,11.3267,1.1856,6.7702,11.7122,0.1361,25.8021,0.1538,2.567,0.0268,0.6235,282.8494,1.0838,53.4885,0.7378,9.037,0.534,0.1652,27.8882,0.2137,0.4887,0.0,4.2896,50.5276
28/05/2024 07:00,1,B,0.3052,145.4177,1.0719,2.71,0.1232,5.1607,8.1318,4050.0401,35.8721,11.7701,3.0293,7.926,12.7987,0.1319,21.5268,0.1731,2.2486,0.0385,1.09,417.2301,2.2076,52.5162,0.9999,10.3013,2.8061,0.1353,36.4956,0.2275,0.4579,0.0162,4.711,47.5754
28/05/2024 19:00,2,A,0.2013,82.153,0.4597,1.8814,0.065,5.5043,8.8045,4378.0713,37.7888,12.372,2.0225,8.4024,11.3998,0.1102,13.8245,0.1383,1.2442,0.0229,0.636,312.2583,1.5002,52.0645,0.8524,9.0338,1.0142,0.0952,18.6106,0.1085,0.2096,0.0,4.4497,63.4047
29/05/2024 07:00,1,B,0.399,86.6621,1.5186,2.7431,0.1473,4.7184,7.6801,2800.7067,30.4111,14.5384,2.6912,7.5248,18.215,0.1295,12.608,0.2402,2.5993,0.0407,0.3855,259.4572,1.2841,52.0851,0.9489,12.1756,3.4168,0.1692,18.5469,0.3256,0.398,0.003,4.7154,45.4195
29/05/2024 19:00,2,A,0.2784,99.5338,1.3446,3.8126,0.0774,4.9027,5.9247,2875.0844,38.9694,14.9402,1.2477,5.7015,10.1478,0.1556,18.601,0.2321,3.0073,0.0283,0.6076,173.6456,0.8949,54.8564,0.5989,10.1873,3.5759,0.1239,22.8015,0.2717,0.7471,0.0023,5.0657,54.9938
30/05/2024 07:00,1,D,0.1948,119.1744,0.8222,2.616,0.0895,5.0073,6.1626,4297.1285,34.1953,15.7582,3.2088,8.8215,12.4158,0.095,22.9639,0.1159,1.9671,0.0335,0.5491,252.5926,1.3529,53.306,0.7927,10.5544,1.9068,0.0925,26.5695,0.1351,0.472,0.0065,4.323,52.2288
30/05/2024 19:00,2,C,0.4986,116.5896,1.0618,2.6648,0.07,4.7619,7.3082,2486.7373,32.6319,14.6269,2.1003,7.9906,16.8333,0.1616,21.3446,0.0818,2.4058,0.0426,0.8078,224.131,1.5984,51.8673,0.8053,10.4401,2.7772,0.2213,28.0657,0.1084,0.2726,0.0051,4.0902,60.6747
31/05/2024 07:00,1,D,0.2939,88.7183,0.9127,2.149,0.0592,4.7399,7.7444,3075.4286,34.3693,11.9936,1.8153,7.7624,11.3153,0.1353,21.4304,0.2517,1.5492,0.0325,1.1126,255.6154,2.2235,45.7037,0.7946,11.2017,6.6426,0.1504,24.1086,0.233,0.3918,0.0179,3.9787,49.8201
31/05/2024 19:00,2,C,0.4667,104.0601,1.7844,4.6267,0.1154,5.8572,5.8858,2572.0306,46.5459,14.1966,1.8342,7.2938,9.1434,0.2354,34.0513,0.4439,4.7742,0.0756,0.6047,222.8212,1.2328,51.6916,0.9058,10.9435,1.981,0.2349,44.5261,0.495,0.7563,0.0202,5.1131,62.7306
01/06/2024 07:00,1,D,0.2379,94.8345,0.6023,1.7042,0.0441,3.9931,7.9,3697.4533,31.6927,7.8958,2.1671,6.0183,20.1983,0.0962,20.6571,0.1008,1.0406,0.0351,1.1063,409.4758,1.6369,47.6317,0.6428,8.4133,6.3275,0.1169,26.9983,0.1305,0.4397,0.0236,3.9905,59.0163
01/06/2024 19:00,2,C,0.7953,121.6046,2.8503,5.7781,0.2354,6.2133,9.3147,1689.1347,40.173,11.7147,1.8808,9.2477,14.8254,0.2202,16.0835,0.2158,3.8562,0.0545,0.8765,157.1094,1.8731,50.8956,0.7985,11.0682,2.0944,0.2743,23.5125,0.3821,0.6556,0.0194,5.7189,60.9807
02/06/2024 07:00,1,A,0.4096,78.7141,1.0836,2.6439,0.1118,4.7893,8.3088,2103.6075,36.3087,16.7992,3.8018,9.2906,9.899,0.1709,24.7316,0.3241,2.5713,0.0626,1.2214,268.8657,2.2502,50.7686,0.969,10.8586,2.0771,0.1981,28.5337,0.6103,0.4127,0.0202,4.3443,51.7717
02/06/2024 19:00,2,B,0.4963,82.6191,0.7378,1.2301,0.0973,4.5857,15.5742,2340.4237,31.6034,8.8787,3.7021,7.7501,17.7705,0.1528,12.0044,0.0275,1.1694,0.01,0.6548,181.8917,1.0654,54.0789,0.6382,6.4595,2.2237,0.174,16.1302,0.1197,0.1137,0.0,4.3167,57.3712
03/06/2024 07:00,1,A,0.2478,94.15,1.3508,2.9997,0.081,4.7687,7.7378,2524.0015,39.0831,10.8874,1.5466,7.6164,15.149,0.1411,18.8259,0.1716,2.2859,0.0236,0.4866,178.2365,1.4301,53.3051,0.6458,7.999,1.9047,0.1185,25.1369,0.1989,0.3455,0.0021,4.0731,52.3475
03/06/2024 19:00,2,B,0.1825,90.3478,0.7171,1.8289,0.0534,4.3848,8.3499,4000.0153,37.3085,13.4888,2.2998,7.9625,11.5456,0.0698,13.3384,0.3018,2.4587,0.0409,0.6114,200.5525,1.2781,49.992,0.9699,10.0705,3.4861,0.0722,19.7636,0.4452,0.2958,0.011,4.452,55.4318
04/06/2024 07:00,1,A,0.3259,66.6473,1.3466,3.9256,0.1197,4.0025,9.4549,1792.077,34.046,11.9644,2.8871,6.6956,14.3118,0.1194,13.0224,0.2419,3.909,0.065,0.6228,156.2767,1.1696,51.2405,0.7724,8.4292,0.7987,0.1421,15.1002,0.2933,0.6032,0.0136,3.8454,56.7662
04/06/2024 19:00,2,B,0.301,114.9375,1.0414,2.5903,0.1031,5.1831,7.2062,3430.7684,35.2031,13.564,2.4265,9.1388,12.2248,0.0621,16.4676,0.0868,2.4051,0.021,0.4614,226.0913,0.9134,53.1013,1.0252,10.9346,2.4512,0.0976,26.1997,0.1427,0.2937,0.0091,3.8895,55.5212
05/06/2024 07:00,1,A,0.4407,81.6644,1.3395,3.159,0.1353,4.9568,9.9088,2551.8038,39.8592,10.4444,2.4625,6.4006,13.8352,0.1829,15.0111,0.1271,2.8112,0.0555,0.8671,236.0953,1.4604,53.9452,0.8288,9.3941,1.9549,0.1844,20.8514,0.204,0.3697,0.0198,4.4126,47.4929
05/06/2024 19:00,2,B,0.324,83.0209,0.7127,1.5887,0.0791,4.4867,10.0462,3199.3802,29.8921,14.8489,2.7259,8.4769,12.5068,0.0975,17.1557,0.0629,1.6585,0.0208,0.6032,294.5798,1.0435,49.2946,0.9947,9.0193,3.1076,0.1067,18.6305,0.1125,0.2089,0.0143,4.3136,50.2421
06/06/2024 07:00,1,C,0.3905,77.1334,1.1354,2.1002,0.2067,5.5618,10.2713,2347.6332,31.6045,14.3648,5.6495,10.8264,11.053,0.1455,9.515,0.319,1.6386,0.0538,0.8725,181.8739,2.8149,48.4801,1.1045,11.8275,3.4841,0.1443,15.9078,0.3153,0.3642,0.0228,5.1572,50.6979
06/06/2024 19:00,2,D,0.5033,99.9817,1.8577,3.8371,0.1851,5.3387,9.2326,1341.0372,34.8675,13.2082,2.4193,6.9905,13.4904,0.1796,18.3295,0.1972,3.322,0.0284,0.6641,156.7802,1.331,48.8288,1.0663,10.5078,4.7698,0.1877,25.9517,0.2484,0.9326,0.0262,4.5672,58.6805
07/06/2024 07:00,1,C,0.3793,71.4705,0.5704,1.5995,0.042,4.3781,11.5484,3444.4498,32.2374,15.6622,2.6862,9.5978,11.9024,0.2249,11.6926,0.0066,1.1127,0.0155,1.8509,297.531,1.6109,51.9914,0.7547,10.1108,2.9299,0.2163,18.1116,0.0795,0.194,0.0,4.0485,58.3566
07/06/2024 19:00,2,D,0.8965,74.1608,2.6786,4.4813,0.2074,6.0495,9.2353,993.6981,36.0842,15.5518,3.7939,7.5478,13.6028,0.3448,13.8989,0.3443,4.6427,0.0883,0.9004,74.4171,1.8034,53.9336,0.9146,9.9655,2.1968,0.3785,22.0424,0.5165,0.711,0.0238,5.6463,56.5388
08/06/2024 07:00,1,C,0.5482,89.5628,1.7771,3.5039,0.1515,4.4233,8.4432,2097.3406,32.1869,16.6764,3.3619,8.3653,14.0595,0.134,11.2726,0.2088,3.1297,0.0371,1.0034,157.6165,1.096,51.6977,0.9394,10.3473,2.0108,0.1593,15.5618,0.297,0.5994,0.0204,4.2898,49.949
08/06/2024 19:00,2,D,0.3878,59.2745,0.9151,2.3221,0.091,4.7923,8.2547,2061.2949,33.6659,8.3213,1.834,8.9089,10.3311,0.1458,20.3857,0.203,2.1775,0.0282,0.8953,290.2771,1.6222,47.6253,0.9812,9.9644,5.6521,0.1723,20.2054,0.2164,0.6261,0.0067,4.0552,55.6903
09/06/2024 07:00,1,B,0.4736,65.9286,0.9669,2.5871,0.1157,5.0392,10.3392,2642.1922,30.1527,11.9266,3.9133,9.8254,15.8869,0.1227,12.3107,0.1529,1.8742,0.0433,1.3509,328.6953,2.3416,47.9868,1.1292,11.24,3.2981,0.1399,16.0135,0.2131,0.3472,0.0154,4.7109,48.5367
09/06/2024 19:00,2,A,0.3133,91.3498,1.0101,2.7635,0.0877,6.6908,7.6312,2755.9618,27.4519,13.2687,2.8329,9.8729,14.4384,0.1632,17.1402,0.1032,1.8762,0.0262,1.5074,299.1081,2.0288,50.0789,0.8624,10.7844,2.0158,0.1603,21.9025,0.1626,0.5435,0.0119,5.8557,55.1897
10/06/2024 07:00,1,B,0.301,96.1047,1.0372,2.6981,0.1434,4.7518,9.6057,2866.6778,34.85,15.2417,2.9543,8.8546,9.2996,0.1453,18.8102,0.082,2.0922,0.0574,0.602,203.2315,1.8429,52.8175,1.1983,8.8612,2.4442,0.1248,23.3456,0.1672,0.4747,0.0208,4.3421,55.7615
10/06/2024 19:00,2,A,0.4881,60.3756,0.8093,2.2,0.1416,4.132,6.9803,1749.8063,26.5147,11.9783,2.9287,8.259,21.1499,0.1949,17.2076,0.1275,2.2187,0.0591,0.9246,188.4495,1.2938,48.1531,1.0188,9.6649,3.7469,0.221,16.0224,0.1583,0.3427,0.0193,4.415,52.7655
11/06/2024 07:00,1,B,0.4872,93.8073,1.2982,3.1198,0.1198,5.5639,5.3457,2863.1026,38.5665,13.8157,2.2725,7.8742,13.3543,0.1676,22.1194,0.1238,3.0062,0.0505,0.9087,214.8973,0.784,51.2324,0.7287,9.7086,1.8024,0.2128,23.1976,0.1467,0.3916,0.0067,4.9594,52.7439
11/06/2024 19:00,2,A,0.311,88.76,1.0904,2.4829,0.1079,4.4258,10.5338,3836.9508,42.5648,13.9252,4.2846,9.0719,7.8259,0.1343,26.8956,0.2808,2.6066,0.0427,1.0883,388.961,3.5103,52.695,1.208,10.5069,1.6714,0.145,28.4441,0.3452,0.7879,0.0111,4.7443,
12/06/2024 07:00,1,B,0.2375,62.4603,0.9862,2.3009,0.0937,4.1203,7.0656,1638.5776,39.5965,11.2045,3.5678,8.5239,13.586,0.1241,15.6758,0.1527,2.0933,0.0425,0.7584,222.477,2.0489,47.9308,1.0881,10.879,3.1073,0.1215,17.247,0.1767,0.3291,0.0024,3.801,56.5503
12/06/2024 19:00,2,A,0.2205,98.8982,1.1324,3.1379,0.0706,4.6606,4.3849,1941.0838,33.6881,10.0076,1.0762,5.5095,20.5106,0.1063,22.5398,0.313,3.0489,0.0428,0.6903,182.5012,1.1736,51.0023,0.7339,9.0834,3.227,0.0949,29.6164,0.257,0.5744,0.0265,4.5014,55.2623
13/06/2024 07:00,1,D,0.4126,90.9928,1.1676,2.3041,0.1073,4.3184,14.8494,3079.3862,35.3987,12.7178,4.0069,9.2208,16.2829,0.1315,11.5664,0.2911,1.7635,0.0285,1.4164,313.5742,1.8651,50.3727,0.8188,9.1583,3.9573,0.1188,19.0668,0.2856,0.2774,0.0019,4.1337,53.7247
13/06/2024 19:00,2,C,0.4453,137.515,2.3583,5.2986,0.1227,6.9909,9.5862,2483.7642,40.2636,17.6354,2.3378,8.9548,10.1233,0.1394,22.9595,0.3843,3.0065,0.0499,0.4837,171.2238,1.6632,53.5066,0.7891,10.6357,2.5478,0.1465,31.1781,0.4532,1.0254,0.0231,5.8726,54.9989
14/06/2024 07:00,1,D,0.1673,77.5692,0.6857,2.3345,0.0859,4.7659,8.8427,3752.0512,37.4858,11.9158,3.2712,9.6723,13.2045,0.1072,22.3042,0.0892,1.9083,0.0282,0.7956,184.6025,1.7442,49.3174,0.7744,10.7953,2.2125,0.0881,23.4132,0.1226,0.3149,0.0108,4.4294,51.5577
14/06/2024 19:00,2,C,0.2297,91.9898,0.9804,2.8234,0.0688,5.1265,5.083,2758.1127,35.0827,11.9522,0.9856,6.9415,19.0359,0.0984,15.7703,0.1853,2.0532,0.0225,0.6007,257.2538,0.8165,52.6092,0.8298,8.7164,1.4765,0.1199,22.6776,0.1926,0.3955,0.0065,4.5988,64.8418
15/06/2024 07:00,1,D,0.3023,96.2292,1.0237,2.926,0.1034,5.2655,9.2411,2420.6914,40.8535,10.0266,2.9038,7.5756,7.8327,0.1274,18.0096,0.1171,2.1632,0.0456,0.7992,244.0844,1.4428,52.3251,0.7873,9.8018,1.355,0.1285,27.8551,0.1982,1.0764,0.0158,4.3231,55.7133
15/06/2024 19:00,2,C,0.3377,89.7648,1.0787,2.1557,0.0893,5.36,7.7791,2545.0632,27.5532,11.6923,2.2809,8.4024,16.8719,0.1528,18.8492,0.1048,2.0625,0.0416,0.9048,309.9921,1.2645,52.2969,0.8752,9.2842,3.2721,0.1702,25.1717,0.1642,0.2272,0.0207,4.5395,61.2529
16/06/2024 07:00,1,A,0.3775,67.8426,1.3854,3.1045,0.1139,5.0556,14.2078,1414.7457,38.7309,11.8926,2.8754,8.8228,9.7802,0.0859,15.7961,0.2529,1.8832,0.0313,0.9407,229.637,2.8147,52.3657,0.8096,8.84,2.0858,0.1148,18.678,0.2708,0.4678,0.0083,4.1531,51.8725
16/06/2024 19:00,2,B,0.3113,71.3762,0.5043,2.1553,0.0592,4.6595,6.5745,2733.2594,27.4747,15.9519,3.137,9.4102,13.9803,0.0808,16.6344,0.0767,1.7923,0.0244,0.6669,278.8605,0.9469,47.9767,0.7031,10.2565,4.2223,0.0963,18.9911,0.0913,0.6376,0.0123,4.0835,50.4686
17/06/2024 07:00,1,A,0.275,86.6528,0.7272,2.1226,0.0705,5.0638,7.14,2925.8607,40.2193,11.0301,1.9219,7.196,11.7376,0.1266,23.3693,0.1457,2.2033,0.038,1.1038,265.2278,2.1815,48.2687,0.9577,10.0279,3.6882,0.1442,27.0553,0.1524,0.4645,0.001,4.6057,59.8504
17/06/2024 19:00,2,B,0.4581,105.1264,1.1358,2.5759,0.0762,4.8257,9.344,2324.1099,36.2556,14.8099,3.4181,8.5882,11.0757,0.1873,21.7188,0.2401,2.9983,0.0463,1.2034,231.6502,1.5167,51.8935,0.9959,11.669,1.9067,0.2116,28.4696,0.2336,0.7623,0.0199,5.0536,55.621
18/06/2024 07:00,1,A,0.2962,83.6223,0.5827,1.5795,0.0479,4.0102,7.7875,3277.0948,41.0496,11.4201,2.7984,6.185,11.5406,0.1622,18.8492,0.0937,1.6884,0.0236,0.7815,210.6972,0.8608,51.1685,0.749,9.0075,3.0969,0.1813,24.4329,0.1112,0.2204,0.0085,4.1446,52.8489
18/06/2024 19:00,2,B,0.4878,134.7845,1.0188,1.8063,0.106,4.6393,12.1262,4768.0076,40.8183,10.5872,3.5835,8.6116,9.6002,0.1586,26.0252,0.1842,1.6315,0.0225,1.0231,252.9301,1.0802,50.1958,0.8747,9.7308,4.4035,0.2196,36.1453,0.23,0.3316,0.0114,4.3449,53.4838
19/06/2024 07:00,1,A,0.4061,63.3295,1.6331,3.8578,0.1488,5.6165,10.98,1464.1655,38.7147,14.2285,3.4144,9.19,6.541,0.1912,12.0831,0.2454,4.2381,0.0654,0.6489,90.2978,1.3037,52.7556,0.9912,10.5232,1.5627,0.2158,15.4237,0.3233,2.5788,0.0309,5.0592,57.7799
19/06/2024 19:00,2,B,0.1522,78.9794,0.504,1.3889,0.0562,3.6894,8.2282,3571.4514,28.4848,10.2206,2.6492,9.418,15.8737,0.0699,19.4737,0.1104,0.843,0.0261,0.8737,399.3563,1.3373,50.5064,0.9178,9.1757,3.6772,0.0678,20.053,0.1343,0.1395,0.0,3.9086,50.7246
20/06/2024 07:00,1,C,0.3824,72.4517,1.0031,2.6731,0.0968,5.28,9.1762,2827.0725,34.6715,10.2388,2.0365,7.7796,16.6928,0.1813,22.8836,0.2361,2.8853,0.0491,0.9577,246.2628,1.3773,46.9414,0.6085,9.7337,4.5266,0.2082,23.5217,0.2438,0.4523,0.0201,4.6275,56.768
20/06/2024 19:00,2,D,0.4407,92.2233,1.0882,2.4495,0.1547,4.8641,14.8218,2511.0209,39.9941,12.1039,3.518,8.2791,8.8019,0.1975,17.6816,0.2674,1.5059,0.0549,1.0204,261.5875,2.3778,49.3819,0.8135,9.1134,4.3311,0.2194,27.4935,0.2612,0.3101,0.0129,4.2327,
21/06/2024 07:00,1,C,0.3629,103.1879,1.523,2.5626,0.0897,4.8123,8.6983,2160.7083,36.8182,11.4735,1.7141,6.8639,16.1611,0.1289,26.3888,0.2579,2.7729,0.0237,0.7206,187.568,1.1695,53.16,0.7457,9.9235,3.2605,0.1341,28.3345,0.3395,0.5675,0.0116,4.4512,50.229
21/06/2024 19:00,2,D,0.4877,125.4158,0.9717,2.774,0.0799,4.3484,9.9588,3796.7031,31.4477,13.0192,3.7125,8.57,10.5154,0.1405,18.7412,0.1929,1.7752,0.021,0.9511,219.8975,1.4915,49.4949,1.0992,10.2679,3.6951,0.1802,22.7277,0.2047,0.3351,0.0083,4.4221,54.3798
22/06/2024 07:00,1,C,0.3418,96.5335,0.843,2.4962,0.0782,4.4968,9.4961,4243.7413,28.6727,14.8553,2.7097,8.5995,17.0741,0.1098,16.9709,0.0823,1.8066,0.0129,0.8405,255.9881,0.9653,52.4316,0.5929,8.9465,2.9634,0.1123,20.992,0.1052,0.1781,0.0036,3.899,48.6605
22/06/2024 19:00,2,D,0.39,65.6465,0.8478,1.5555,0.0525,3.8953,10.0051,2556.2734,39.582,10.2623,2.2628,7.2268,15.0929,0.1167,14.939,0.0909,0.9456,0.0239,0.9171,300.6563,2.0416,49.0508,1.0184,9.2495,3.175,0.1486,19.6364,0.134,0.2712,0.0141,3.6634,57.6607
23/06/2024 07:00,1,B,0.3169,100.8449,0.6155,1.6574,0.0825,4.1788,8.8256,2704.861,32.0901,12.6176,2.2224,8.887,16.5218,0.1436,17.9071,0.0853,1.4238,0.0161,1.4999,323.7516,1.4638,48.9374,0.8138,7.6147,4.1896,0.1688,26.9301,0.1083,0.0968,0.0041,4.0717,58.1223
23/06/2024 19:00,2,A,0.4241,105.9679,1.492,3.676,0.1185,5.9736,8.1958,2789.1801,35.9273,20.3477,3.15,11.4736,7.2261,0.2314,20.644,0.2393,3.2934,0.0489,0.6528,189.4402,1.9427,48.4921,0.827,10.2404,6.7559,0.2451,26.3005,0.2917,1.056,0.0128,5.1365,55.7696
24/06/2024 07:00,1,B,0.464,127.7068,1.0791,2.0171,0.078,5.0842,10.4652,3635.3053,32.0636,11.5274,2.5032,7.8527,19.4356,0.1716,25.1217,0.1165,2.2756,0.0229,0.8764,381.6504,1.0974,51.204,0.8273,9.5857,2.0849,0.2039,33.4786,0.2,0.322,0.0096,4.4812,54.3802
24/06/2024 19:00,2,A,0.3539,105.8512,1.5681,3.7698,0.086,5.299,5.5519,2037.6022,40.5901,16.5133,1.4545,8.0225,12.6311,0.1246,21.9482,0.1457,2.8582,0.0448,0.5998,207.6942,2.2471,49.4734,0.6474,10.2457,4.4574,0.1459,29.6824,0.2459,0.7127,0.0226,4.5207,65.5949
25/06/2024 07:00,1,B,0.4059,80.3282,1.118,2.2141,0.082,4.8433,6.108,2791.1769,23.1495,16.8652,3.0651,11.9852,20.8755,0.1193,13.1398,0.0725,1.8164,0.0301,0.7922,209.8045,1.3129,49.2458,1.1664,11.08,2.6802,0.157,17.9885,0.1201,0.1266,0.0,4.2688,56.0936
25/06/2024 19:00,2,A,0.233,72.089,0.9798,1.7489,0.0725,4.5887,5.4656,2795.4248,33.9587,9.9143,1.4172,8.5548,17.4896,0.103,17.5236,0.2013,1.5607,0.0259,0.7928,358.6406,2.7587,48.0491,0.7483,10.1966,3.8585,0.1254,19.7685,0.2085,0.4291,0.0191,4.2262,51.2207
26/06/2024 07:00,1,B,0.3543,65.1289,0.7265,1.8845,0.066,5.4012,7.7523,2587.5424,30.8631,15.3877,2.3621,9.4433,21.0046,0.105,11.4063,0.111,1.3322,0.0153,1.1403,182.2933,0.8055,54.5439,0.8768,9.8287,2.4553,0.1278,14.8751,0.0992,0.1972,0.0,4.8824,58.8195
26/06/2024 19:00,2,A,0.3536,110.6455,1.3829,2.7657,0.1121,5.5338,7.1889,2355.0307,34.5439,9.4263,2.2376,9.0289,23.7714,0.1157,18.8883,0.0982,2.3848,0.0334,0.7148,205.1669,1.1955,53.5193,0.8099,8.9313,2.1054,0.126,24.4248,0.1857,0.576,0.0119,4.6985,57.1713
27/06/2024 07:00,1,D,0.996,77.0344,2.1354,4.0859,0.1798,5.6427,12.574,1499.6823,33.8204,15.0313,2.3933,7.8391,14.2439,0.2101,12.6853,0.278,3.8395,0.0632,1.1098,89.0823,1.2219,50.8794,0.7534,7.6484,3.1591,0.271,20.7791,0.397,0.5318,0.0094,5.3474,53.3123
27/06/2024 19:00,2,C,0.3172,75.9723,1.4975,3.3918,0.1701,5.2107,9.0084,2327.2412,37.0888,12.0417,4.7797,9.6757,11.3138,0.1108,15.2167,0.2691,3.5887,0.0468,0.8688,314.2108,2.2896,49.8596,1.1201,9.7965,2.7088,0.1205,22.6121,0.3054,0.8965,0.0169,4.6133,49.4094
28/06/2024 07:00,1,D,0.2374,67.3607,0.6581,2.0623,0.059,3.8471,7.1665,2661.4417,24.9445,13.8606,2.0244,9.6611,23.6126,0.0934,9.7005,0.1597,1.5666,0.0455,1.0374,165.4295,1.4262,50.1951,1.141,9.9907,5.445,0.111,16.4849,0.1813,0.4334,0.0174,3.5731,52.2814
28/06/2024 19:00,2,C,0.5022,82.8679,1.3939,4.0075,0.1454,4.9924,18.0998,2063.0808,36.5807,10.9757,4.1254,8.4821,11.6991,0.2021,19.7355,0.2747,3.8391,0.0618,0.7384,161.4482,2.072,53.8645,0.9779,10.1344,1.0723,0.2015,23.1131,0.3481,0.73,0.017,4.6383,52.528
29/06/2024 07:00,1,D,0.4133,109.186,2.1926,4.9122,0.1324,4.7734,6.4055,1810.6327,42.9299,14.5964,0.931,7.9147,11.7216,0.1473,19.3509,0.4341,4.3927,0.0496,0.8992,155.0683,2.0257,52.6755,0.622,9.4925,2.5101,0.1513,25.7484,0.3867,0.7403,0.0102,4.9872,52.4616
29/06/2024 19:00,2,C,0.1935,72.1322,0.7122,2.0671,0.0949,4.5925,8.3277,2730.9699,32.1761,11.8522,2.1369,8.5235,19.4022,0.1065,14.3948,0.138,1.9024,0.0369,0.6794,326.0113,2.0016,48.4602,0.8576,9.4817,5.6787,0.1021,17.9487,0.1415,0.3657,0.0067,4.176,50.6647
30/06/2024 07:00,1,A,0.6745,75.1444,2.1164,6.0145,0.1671,5.8173,8.4266,1331.6779,43.1786,12.7434,3.053,7.9544,8.3949,0.2374,15.0699,0.3006,6.038,0.0876,0.718,159.8247,1.5844,56.0676,0.9629,10.465,0.9512,0.2548,18.4538,0.3728,1.8554,0.0176,5.5945,57.6202
30/06/2024 19:00,2,B,0.4427,62.9839,1.6691,4.5558,0.1619,4.823,5.1345,1719.2677,37.9739,8.5944,3.3272,7.0617,9.3709,0.0944,12.2377,0.2045,3.9031,0.0767,0.6188,113.9369,1.4375,49.0822,0.6663,8.9144,3.9537,0.149,16.737,0.2906,0.6774,0.0094,4.2335,52.6562
01/07/2024 07:00,1,A,0.2468,77.0792,1.0171,2.8095,0.0822,4.8083,7.0607,2908.7659,34.3127,11.2507,1.6681,6.2491,16.3474,0.1273,16.2306,0.0937,2.8143,0.0249,0.9888,225.1837,1.4683,53.5525,0.5806,8.4986,1.7833,0.1199,20.3757,0.1731,0.7514,0.0158,4.2225,61.1548
01/07/2024 19:00,2,B,0.3451,66.014,1.1177,2.3062,0.0937,4.3978,8.8243,1939.6097,31.9887,11.0478,3.3817,9.4474,15.2994,0.122,14.0154,0.0906,2.1918,0.0252,0.8795,162.1775,1.9041,45.7239,0.8087,11.3094,6.4658,0.1442,18.6449,0.1547,0.2572,0.0172,3.9825,54.8526
02/07/2024 07:00,1,A,0.3617,104.8981,1.0622,2.6675,0.0953,4.8292,8.8182,2835.5901,30.2405,11.5944,1.753,8.2341,22.662,0.1789,22.6911,0.1238,2.4565,0.0364,1.0444,228.8252,1.6646,52.0559,1.0079,11.1357,2.1936,0.1885,26.8715,0.1846,0.6504,0.0202,3.5911,56.7726
02/07/2024 19:00,2,B,0.3822,73.8072,1.2397,3.3343,0.14,5.3127,12.625,2583.1647,35.1185,12.2652,3.7757,8.2418,11.0094,0.1747,15.9286,0.1619,3.3331,0.0551,1.0795,135.4534,2.3079,49.2681,0.9595,8.219,3.3297,0.1816,19.7785,0.2248,0.53,0.0174,4.7055,47.5047
03/07/2024 07:00,1,A,0.2611,95.1086,1.0898,2.7459,0.0731,4.5777,4.9442,2475.1147,39.0639,14.1545,2.2587,7.8022,11.6637,0.1109,12.3806,0.0748,2.3432,0.0253,0.5886,174.9155,0.868,52.2396,0.6604,10.3063,4.3214,0.1049,20.4666,0.1532,0.3787,0.0104,4.4749,51.2167
03/07/2024 19:00,2,B,0.6282,81.7601,1.8363,3.3169,0.1122,4.884,9.0185,2049.5948,36.0792,12.5653,2.1889,7.5102,20.673,0.213,14.962,0.3386,2.7838,0.0501,1.421,146.1438,1.6213,52.4938,0.8309,9.8953,2.5863,0.2406,20.305,0.4203,0.5172,0.0085,4.8258,48.2504
04/07/2024 07:00,1,C,0.2956,71.6006,1.2675,2.8945,0.1466,4.9872,5.7875,2714.0986,36.5894,17.2638,4.2756,9.4024,7.4419,0.1212,16.9628,0.1936,2.7599,0.0704,0.9892,233.7788,2.5982,48.2168,0.9734,9.7604,3.6757,0.1526,22.4043,0.2871,0.3967,0.0147,4.8933,50.8857
04/07/2024 19:00,2,D,0.3059,76.7158,1.0861,2.2764,0.1031,4.6472,7.7172,2544.4492,39.4886,9.8633,2.8743,8.5036,11.2216,0.1651,19.4914,0.1421,1.9782,0.039,0.9387,212.0267,4.0282,48.7295,0.9039,10.1443,5.0249,0.1478,23.1882,0.1892,0.345,0.0072,3.8832,56.9985
05/07/2024 07:00,1,C,0.3477,74.8073,1.1651,2.3068,0.0662,4.429,5.1722,1836.9521,39.499,11.0244,1.3236,6.0122,20.4808,0.1946,12.4278,0.1205,2.0462,0.0372,0.771,217.4688,1.6628,50.7935,0.648,9.8654,4.5477,0.2036,19.9679,0.1215,0.3082,0.0111,3.8426,55.7505
05/07/2024 19:00,2,D,0.2297,67.4588,0.8934,2.482,0.1061,5.1023,7.8247,2774.5531,39.1534,8.9647,3.1446,7.7332,10.5092,0.0953,17.4558,0.1791,2.0855,0.0499,0.6557,252.1581,1.7712,53.4132,1.2857,8.6859,2.6903,0.1046,20.0072,0.2209,0.3751,0.0109,4.4393,55.5657
06/07/2024 07:00,1,C,0.768,60.3247,1.4932,2.769,0.1512,4.4954,9.2027,1132.7529,33.6584,15.7967,3.3619,7.8529,16.6002,0.1828,9.4433,0.0911,2.745,0.0328,0.8221,89.3446,1.5315,49.538,0.9686,8.7526,3.2909,0.2318,13.3959,0.2376,0.4912,0.0081,4.4494,64.9602
06/07/2024 19:00,2,D,0.214,67.8047,0.7572,2.4539,0.0831,4.4902,7.6863,3625.392,41.7715,11.8506,4.679,9.5539,8.2581,0.0788,17.7483,0.1406,2.0455,0.063,0.3818,194.7363,1.1795,55.2658,1.0824,10.1218,0.6432,0.1156,19.8547,0.2022,0.3817,0.0206,4.0753,52.0393
07/07/2024 07:00,1,B,0.4673,59.4008,1.1589,2.6772,0.0748,4.7267,9.2443,1458.5165,25.9101,15.1917,1.1336,7.7279,26.3286,0.2069,9.4335,0.0949,2.4929,0.0479,1.0371,129.8997,1.1074,57.7745,0.6282,9.037,1.0175,0.1846,12.3186,0.1777,0.5284,0.0131,4.5302,47.3924
07/07/2024 19:00,2,A,0.5003,106.9609,0.7694,2.4039,0.0862,4.5283,14.9988,2449.4313,36.7684,10.5458,1.9327,5.833,12.187,0.1703,20.9419,0.1401,1.7525,0.0455,1.3113,255.6916,1.914,51.8748,0.8386,9.1686,3.5316,0.1911,27.4962,0.1267,0.3795,0.0183,4.1594,57.6841
08/07/2024 07:00,1,B,0.2492,80.3083,0.5392,1.3769,0.0664,3.8004,5.5239,4267.2298,36.1636,12.0426,2.1783,8.1976,12.1517,0.0958,16.3854,0.0907,1.4518,0.0185,1.7349,442.2636,1.8058,50.332,0.7376,8.4283,3.9629,0.1366,22.6315,0.0982,0.2015,0.0019,2.9395,55.09
08/07/2024 19:00,2,A,0.369,92.3531,0.8775,1.8182,0.0938,4.2186,10.1346,3145.0864,31.7629,10.9797,1.9243,8.9434,13.3021,0.1094,17.7601,0.1825,1.7796,0.0385,0.6519,330.5626,1.4053,51.9677,0.9001,8.9101,3.3775,0.1516,25.1435,0.1956,0.2752,0.0106,4.0649,54.612
09/07/2024 07:00,1,B,0.3131,85.3871,0.7639,1.5165,0.0529,4.2498,7.794,3005.0138,30.3437,11.305,1.1644,8.0604,15.1374,0.1541,19.3657,0.0823,1.2619,0.0237,0.9779,285.2802,1.9994,52.4673,0.672,9.2814,2.4443,0.1425,23.8751,0.1164,0.9298,0.0118,3.3415,56.2568
09/07/2024 19:00,2,A,0.3655,78.4257,0.8696,2.0988,0.093,5.2041,7.9689,3530.0848,26.6904,14.7171,2.3517,10.5285,19.8486,0.2012,27.1948,0.1098,1.7933,0.0566,0.9043,269.0947,1.3292,52.8727,0.8265,11.2184,1.0181,0.197,28.1712,0.1469,0.3328,0.0187,4.7021,53.455
10/07/2024 07:00,1,B,0.4588,82.746,1.1223,2.8713,0.0798,4.6071,10.3652,1726.2293,41.4775,11.3904,1.9848,6.8553,13.4249,0.1455,13.6705,0.2711,2.2198,0.0484,0.9014,149.5943,1.7626,51.0326,0.9735,10.2662,2.5113,0.1775,20.5538,0.353,0.5943,0.0174,4.3139,59.3698
10/07/2024 19:00,2,A,0.5197,96.7129,1.2087,3.9819,0.1589,5.857,10.1639,2487.6192,40.6568,13.0916,4.1069,8.2926,12.5617,0.1526,18.5623,0.2283,4.3176,0.0816,0.7052,208.7861,1.6266,54.7526,0.939,9.8761,1.3419,0.1894,23.9222,0.2474,0.5767,0.0198,5.1657,54.2042
11/07/2024 07:00,1,D,0.2251,85.608,0.4702,1.5474,0.0449,4.0199,4.7604,3384.2007,32.7336,13.8996,1.3021,9.4066,18.2551,0.131,21.6861,0.0444,1.8679,0.0133,0.7279,236.6931,0.7754,50.9444,0.7859,9.0757,4.2054,0.1176,25.3645,0.0757,0.1484,0.0,4.2904,54.8322
11/07/2024 19:00,2,C,0.3019,60.7797,0.6902,1.4851,0.061,4.5306,8.6912,2366.248,39.9551,10.7881,2.3862,9.7011,15.0597,0.1188,14.7575,0.0888,1.5797,0.0246,0.8161,280.0217,2.014,54.6919,0.8511,9.1558,1.5069,0.1347,15.8592,0.108,0.1663,0.0036,4.1958,60.8665
12/07/2024 07:00,1,D,0.3426,86.3769,1.0945,3.1963,0.0949,4.0727,6.7382,1836.9079,39.1897,9.5385,1.9352,5.8837,14.2175,0.1146,16.5068,0.1984,3.0252,0.0661,0.6871,153.9715,1.5316,48.932,0.8595,10.5696,4.1899,0.1307,20.9556,0.327,0.488,0.024,3.8137,
12/07/2024 19:00,2,C,0.344,132.0822,1.3173,3.397,0.1187,4.9575,7.0115,2958.8363,39.1945,11.1209,2.986,7.4365,11.8701,0.1821,26.8124,0.1311,2.3407,0.0351,1.2404,280.8537,1.2068,52.526,1.1118,9.3299,4.8433,0.1525,29.3211,0.1632,0.375,0.0043,4.374,54.6913
13/07/2024 07:00,1,D,0.6473,63.4222,1.4123,3.3378,0.1106,5.7099,15.3302,1410.9876,42.1771,8.7571,1.8625,6.474,11.5729,0.1854,8.9822,0.2556,2.6747,0.0497,0.9651,77.3067,2.2653,51.1634,0.6709,8.5071,3.4116,0.1863,15.7088,0.3224,0.5691,0.0122,4.8487,61.2914
13/07/2024 19:00,2,C,0.2981,97.6576,1.2453,2.442,0.0617,4.6559,8.0215,2996.3166,38.9955,12.3448,1.4308,6.1726,9.4701,0.1406,23.1956,0.0948,2.1103,0.0215,1.0927,306.2713,1.4634,49.4184,0.8675,8.728,3.8924,0.1566,30.357,0.1363,0.3713,0.0036,4.5019,52.3478
14/07/2024 07:00,1,A,0.7757,90.3931,1.317,2.9829,0.1332,4.3292,14.7295,2182.2536,40.7391,14.7056,3.1473,8.4906,9.707,0.2663,20.9255,0.1512,2.9444,0.0356,1.3707,261.7649,1.7998,53.6418,0.8777,10.2456,1.8748,0.2676,27.3551,0.2471,0.5464,0.01,3.8859,52.0087
14/07/2024 19:00,2,B,0.1237,90.8419,0.5608,1.654,0.0567,4.4993,5.7203,4374.1947,34.331,11.6382,2.4008,8.5466,11.8152,0.051,21.1232,0.0717,1.6832,0.0235,0.7346,377.2688,1.6048,51.0128,0.615,10.2601,3.5843,0.0508,35.6625,0.1033,0.2425,0.0005,4.9181,54.3884
15/07/2024 07:00,1,A,0.2965,80.775,1.0476,2.9371,0.0725,4.5714,5.4867,1650.0749,28.8144,10.3853,1.0991,6.8475,20.3833,0.1313,16.9304,0.2016,3.2385,0.0512,0.6927,197.8512,0.8673,50.6657,0.866,10.1052,5.075,0.148,20.353,0.2512,0.9,0.0073,4.4971,58.8635
15/07/2024 19:00,2,B,0.3112,77.5998,1.2297,2.5676,0.1385,4.2343,8.6463,1711.9509,32.5792,10.4052,2.5058,8.7192,15.2404,0.1408,17.208,0.0918,2.3266,0.0673,0.9945,215.037,1.3611,49.2161,0.8044,10.2109,4.0527,0.1356,20.2906,0.1784,0.3176,0.0231,4.0035,51.1606
16/07/2024 07:00,1,A,0.4052,104.4338,1.4209,2.8689,0.0989,5.3201,8.6868,2435.5723,44.2337,12.9707,1.7185,6.889,10.6528,0.1414,21.4053,0.388,2.8028,0.0314,0.6307,167.7447,2.3282,52.729,0.8214,10.3466,3.1106,0.1498,25.0653,0.3646,0.9537,0.016,4.9107,52.2811
16/07/2024 19:00,2,B,0.1759,85.014,0.8458,2.7848,0.0492,5.8531,4.2647,3897.2896,39.5057,15.8967,1.7496,10.5579,12.4644,0.0967,22.3751,0.1425,2.4665,0.0255,0.5385,186.4205,0.9013,52.0484,0.6606,11.0382,2.951,0.0891,27.4603,0.1756,0.3699,0.0014,5.0749,52.789
17/07/2024 07:00,1,A,0.3779,59.3693,1.5622,3.2592,0.1848,4.4831,11.5858,1814.5794,43.182,11.7285,4.1263,8.012,11.7572,0.1701,12.0931,0.1146,3.1654,0.0586,0.6004,106.9231,1.0075,55.9363,0.934,9.6428,1.7116,0.1495,16.4007,0.2258,0.3882,0.023,4.2064,53.1263
17/07/2024 19:00,2,B,0.4374,93.7301,1.2433,2.6754,0.0814,4.8689,8.1967,3107.0487,34.9686,11.4747,2.1583,6.6922,17.9877,0.1675,27.6907,0.1356,1.9557,0.0411,0.8553,290.5623,0.8207,51.4283,0.6658,9.2522,2.727,0.2025,30.2028,0.2025,0.3729,0.0034,4.2247,52.7574
18/07/2024 07:00,1,C,0.3521,100.0022,0.8799,1.8667,0.0653,4.2733,9.7449,3220.4267,39.274,15.6569,2.7522,9.1296,11.5735,0.1092,18.7933,0.1801,1.7734,0.0463,0.8537,283.2087,1.2295,53.5102,1.0322,8.9736,2.2149,0.1501,22.9395,0.2452,0.2802,0.0238,4.6088,50.0597
18/07/2024 19:00,2,D,0.2828,95.6433,1.635,3.2557,0.16,5.772,8.6881,1819.7834,32.6668,11.6404,2.3601,8.5561,17.105,0.1067,14.5461,0.0835,2.2877,0.0314,0.8358,238.0095,1.328,52.8161,0.7529,9.4333,1.64,0.1079,22.3292,0.1599,0.4592,0.0061,5.0431,61.1239
19/07/2024 07:00,1,C,0.3097,101.0933,0.6771,2.4287,0.0916,4.9166,7.4998,3028.2131,32.9514,13.5546,1.7244,8.5693,13.4519,0.0982,21.316,0.1108,1.651,0.034,0.491,227.0305,1.7623,52.2773,0.9362,9.999,2.251,0.1355,28.6598,0.1315,0.4314,0.0009,4.3303,56.6498
19/07/2024 19:00,2,D,0.2599,62.9926,1.0396,2.9968,0.0928,5.6955,9.4847,2189.9416,39.4335,12.1326,2.3803,9.4585,12.744,0.1295,16.1906,0.2223,3.0819,0.058,0.6996,153.0812,1.1742,53.6477,0.7169,11.0614,0.8969,0.1444,19.7447,0.2264,0.9297,0.0119,5.3021,61.3032
20/07/2024 07:00,1,C,0.2669,98.2806,1.2649,4.2578,0.1378,4.8879,5.9745,1806.3879,39.4493,11.6703,2.4442,7.7623,11.5036,0.1169,14.3761,0.1495,3.5795,0.033,0.9501,175.4641,1.2629,51.4536,0.8456,10.4094,2.6336,0.1119,23.3481,0.2708,0.6668,0.0109,4.2381,55.4875
20/07/2024 19:00,2,D,0.4101,77.3406,0.7015,1.6859,0.0817,4.6193,11.9559,2787.5251,37.2568,14.2358,2.8487,9.3767,12.2315,0.1383,15.2493,0.0371,1.0849,0.0161,0.8115,200.5728,0.867,53.6833,0.8443,7.3185,2.7981,0.1484,18.7864,0.0856,0.2535,0.0004,4.2413,53.5188
21/07/2024 07:00,1,B,0.1713,134.1683,0.6737,2.1555,0.0499,4.581,5.9365,6731.2545,35.4612,16.5322,1.672,8.4053,10.7112,0.1357,30.3107,0.1499,1.8072,0.0301,1.2985,547.5084,3.4738,51.35,0.6418,10.0884,3.3018,0.0903,35.7272,0.1774,0.7684,0.0122,4.7962,58.0273
21/07/2024 19:00,2,A,0.2785,68.1793,0.7113,1.5142,0.0845,3.8502,7.6485,3141.6587,36.8712,10.4584,2.5565,7.9328,14.6416,0.1145,23.4997,0.3147,1.9598,0.0377,1.1561,359.8849,1.804,50.7756,0.8499,8.9245,2.7111,0.141,33.9028,0.3501,0.3364,0.0063,4.1391,53.4274
22/07/2024 07:00,1,B,0.4081,65.4891,0.855,1.8387,0.077,4.1187,15.141,3243.5522,38.541,5.959,2.4629,7.1512,14.6067,0.1843,13.595,0.1217,1.197,0.0299,2.1198,324.3402,3.0212,49.325,0.7079,10.3442,4.9072,0.1675,14.4141,0.1628,0.2017,0.0141,3.1692,52.605
22/07/2024 19:00,2,A,0.3371,63.0071,1.1573,2.7639,0.0775,4.7058,7.9982,2008.9864,34.443,15.4781,2.6004,8.4314,10.9747,0.1828,23.3076,0.1522,1.6093,0.0276,0.8545,148.7688,1.5505,49.6983,1.0089,10.629,3.059,0.1625,21.6528,0.2058,0.3416,0.006,3.7435,55.6752
23/07/2024 07:00,1,B,0.1802,102.3665,0.534,1.6575,0.0561,5.6654,7.5122,4379.7774,33.4811,13.7789,1.7382,9.1272,20.2767,0.0835,26.6277,0.0585,1.7452,0.013,0.795,373.8807,1.42,49.2119,0.6647,9.7385,5.1167,0.0931,31.8621,0.0717,0.2926,0.0085,5.1093,60.5874
23/07/2024 19:00,2,A,0.4435,87.071,1.865,3.3427,0.1061,5.4433,9.142,1519.3044,44.129,9.0611,2.231,7.3446,9.5929,0.115,17.5907,0.1424,3.6395,0.0304,0.7856,166.6048,0.7599,52.8235,0.6155,9.3175,3.1597,0.1648,20.9237,0.25,0.5138,0.0147,4.3382,57.2468
24/07/2024 07:00,1,B,0.4589,99.5442,1.4256,3.0862,0.0746,5.305,10.3627,3252.6223,37.9774,11.2117,2.4697,8.1253,10.5019,0.1219,15.8235,0.2438,2.5082,0.0339,1.3001,241.1574,2.3811,51.1555,0.9841,10.7925,4.0772,0.1469,24.0852,0.2729,0.5566,0.0181,4.6646,53.4652
24/07/2024 19:00,2,A,0.3346,71.8786,1.4064,3.3894,0.1146,5.4021,8.5193,2242.2874,38.5069,12.5138,2.1213,6.9834,13.9134,0.132,20.4596,0.238,2.5456,0.0559,0.6517,144.3427,2.5306,45.2973,0.7707,10.2365,6.6387,0.1445,22.529,0.241,0.4692,0.0156,4.7469,63.0647
25/07/2024 07:00,1,D,0.4266,97.7319,1.2352,2.5465,0.1152,4.4354,9.3621,3255.5922,41.0803,10.4149,2.4431,7.3396,15.0255,0.1621,22.0221,0.2675,2.0531,0.0609,1.0845,234.2678,1.6438,52.115,0.9464,9.9904,1.9239,0.1739,28.8673,0.293,0.7553,0.038,4.0185,55.488
25/07/2024 19:00,2,C,0.2249,85.5331,0.6511,2.3867,0.089,4.9528,8.8448,3312.1559,38.2164,8.7089,2.2199,7.8133,12.0655,0.1427,15.2568,0.1043,1.547,0.037,1.0169,217.4425,1.0028,50.4916,0.7001,11.6605,3.4997,0.1027,19.9224,0.1182,0.5023,0.0163,4.2393,62.0522
26/07/2024 07:00,1,D,0.4107,83.2349,1.2534,2.7246,0.088,5.279,7.6073,2209.8604,39.9366,12.8479,1.0062,7.8247,11.686,0.2022,22.6607,0.1317,2.1997,0.0516,1.6666,294.7143,2.5906,49.5505,0.4987,9.4595,6.7723,0.1983,27.9268,0.1862,0.4874,0.0073,4.9734,61.6856
26/07/2024 19:00,2,C,0.2485,87.8428,0.5195,1.7698,0.0845,4.1247,10.6731,3054.8755,32.715,14.3505,2.851,9.4166,11.1225,0.1003,15.8453,0.0522,1.0888,0.0238,1.1081,230.8861,1.3553,54.2433,0.8578,10.9304,1.9141,0.1054,22.3534,0.0921,0.3273,0.0062,3.596,60.774
27/07/2024 07:00,1,D,0.4993,45.197,1.5963,3.6233,0.1489,5.1738,6.8282,1050.4495,33.8088,8.1643,2.3465,6.44,15.7259,0.1928,6.5845,0.2315,2.9325,0.0374,1.2103,157.9512,1.3875,50.2729,0.8689,9.6335,3.7871,0.2038,10.2733,0.3282,0.4369,0.0074,4.1224,53.721
27/07/2024 19:00,2,C,0.3963,72.7265,0.7669,1.3056,0.0847,4.6933,17.7032,4116.6702,34.3987,9.855,1.9577,7.9663,15.0749,0.1742,14.7799,0.1216,1.4791,0.0309,1.2252,270.9281,1.9417,44.7036,0.6676,9.7353,8.7443,0.1982,19.9138,0.1586,0.1716,0.0195,4.1525,59.8296
28/07/2024 07:00,1,A,0.3794,94.2162,0.9169,2.6565,0.0575,4.3347,11.8319,3133.3682,32.1661,10.8426,1.6756,7.6822,17.7107,0.1055,15.6066,0.0707,1.8601,0.0138,1.5292,299.0222,1.9885,51.3589,0.6897,10.7556,3.3569,0.1394,21.3037,0.1296,0.395,0.0123,4.1155,56.4737
28/07/2024 19:00,2,B,0.6423,85.3507,2.0419,3.5797,0.1058,4.9067,7.3524,1359.0807,39.0322,15.6367,2.108,8.2805,16.191,0.1559,17.9856,0.153,2.8629,0.0412,0.8536,111.5278,1.1363,52.0896,0.6831,9.3076,4.2159,0.2046,22.05,0.2893,0.4494,0.0007,4.3671,62.0614
29/07/2024 07:00,1,A,0.5423,73.459,1.6498,3.0645,0.1312,5.2555,12.1825,1628.9679,43.08,13.4453,1.3152,4.8712,9.3573,0.1767,17.862,0.6137,3.6051,0.0559,0.7731,158.5681,1.5947,52.7993,0.6582,8.1097,4.1174,0.2157,19.8663,0.6065,0.9771,0.0297,5.0685,60.2075
29/07/2024 19:00,2,B,0.4348,75.2357,1.0059,2.4464,0.1096,4.8652,9.8323,2139.9074,33.3821,10.7927,2.861,9.5533,23.4209,0.1563,13.7877,0.2288,2.0751,0.0445,0.9212,226.5784,1.2891,52.5416,1.1097,10.1324,2.7664,0.1693,19.1761,0.2491,0.4304,0.0129,4.6556,52.6706
30/07/2024 07:00,1,A,0.4107,77.4578,0.6418,1.4757,0.0371,3.9957,7.5385,3539.7374,34.3533,12.6602,2.3581,8.3064,13.6771,0.1243,17.4347,0.1358,1.3442,0.0189,1.0713,289.9653,1.3288,53.4551,0.8631,9.3118,2.4478,0.1612,22.4681,0.2057,0.3478,0.0084,4.0984,53.9566
30/07/2024 19:00,2,B,0.3196,106.3061,1.1518,2.3616,0.0773,4.7579,7.544,2642.2993,39.3939,10.8864,3.8138,9.595,10.2169,0.0998,16.6147,0.2221,1.839,0.0243,0.6612,263.0671,1.5042,53.2811,0.9535,8.9796,3.7349,0.116,23.3549,0.2826,0.4547,0.0219,4.6934,57.7811
31/07/2024 07:00,1,A,0.466,132.143,1.1955,2.284,0.0689,5.1076,8.4158,3683.7582,35.4843,13.023,1.3713,8.1548,16.6949,0.1581,15.5653,0.0749,1.5021,0.0141,1.1415,339.9167,1.7373,46.3979,0.5598,9.9788,6.1437,0.2041,24.2875,0.1191,0.4905,0.0112,4.7507,59.0924
31/07/2024 19:00,2,B,0.3381,80.6803,1.1752,2.0707,0.0612,4.6607,8.7184,1682.5564,40.8912,15.0582,1.2571,6.7717,12.6115,0.1535,20.4698,0.1262,2.0126,0.0246,1.0493,232.2152,1.4156,50.8529,0.863,10.1824,3.576,0.1681,25.4922,0.2326,0.3092,0.015,3.9429,60.8486
01/08/2024 07:00,1,C,0.303,86.1222,0.8343,2.3749,0.1181,5.7403,10.128,2769.2376,29.2131,15.727,3.0755,11.191,12.8084,0.1165,20.8466,0.1858,1.9492,0.0453,0.9327,276.5157,1.3939,54.0901,1.214,10.3508,1.5701,0.1223,27.3358,0.2326,0.5028,0.0131,4.8333,52.4229
01/08/2024 19:00,2,D,0.2638,60.0164,0.5604,1.3548,0.0534,4.2672,10.8477,2384.2061,28.1071,10.0543,1.758,8.8816,18.532,0.12,14.6172,0.1059,1.3122,0.0149,1.641,285.4227,2.7509,48.7028,0.9542,11.3022,4.3976,0.1089,17.162,0.1165,0.3572,0.0108,3.8554,54.9654
02/08/2024 07:00,1,C,0.3403,65.9158,0.712,1.3155,0.0939,4.6395,12.3268,3045.0618,29.4178,12.853,4.0617,10.7535,11.6471,0.1477,15.1124,0.0242,1.0337,0.025,1.6716,377.3863,1.2367,46.9297,1.019,9.4135,4.8731,0.1339,15.2313,0.1199,0.1389,0.0036,3.5551,51.9913
02/08/2024 19:00,2,D,0.4737,104.2762,1.6079,4.7203,0.1097,4.289,9.7637,2593.16,40.9903,11.1327,2.9072,7.0954,17.2489,0.189,19.5938,0.1964,3.988,0.0381,0.6296,140.5226,1.4141,52.7714,0.9744,11.1328,3.5113,0.1994,23.4343,0.2035,0.644,0.0148,3.8894,48.0613
03/08/2024 07:00,1,C,0.4013,96.6823,1.4831,3.1801,0.1255,5.1089,8.5969,2350.8629,36.2954,13.3188,3.0391,9.0914,10.1605,0.2052,16.2528,0.1147,3.3439,0.0349,0.5461,168.6742,1.0176,52.981,0.7887,11.4644,2.9575,0.1889,24.5746,0.2155,0.4168,0.0004,4.8117,54.8035
03/08/2024 19:00,2,D,0.417,79.3013,1.1112,3.6844,0.1806,5.3503,8.7351,2131.6965,34.0846,14.2364,3.8783,9.1862,15.0314,0.1343,11.9772,0.1418,3.3017,0.0736,1.1075,241.6672,1.9815,49.9637,0.9632,12.1476,4.2375,0.1407,17.9802,0.1825,0.6346,0.0224,5.0977,50.321
04/08/2024 07:00,1,B,0.2627,55.6121,0.9671,2.2817,0.0699,4.3354,9.2539,2086.1469,34.7502,14.4292,3.1539,9.1104,12.8425,0.1125,14.093,0.1434,2.3898,0.0163,0.9443,246.9486,1.6274,50.0028,0.5814,9.2662,5.4266,0.1192,14.8964,0.1978,0.2972,0.0081,3.3589,
04/08/2024 19:00,2,A,0.2128,77.706,0.7347,2.8098,0.147,4.5794,6.5418,2957.0239,38.7523,13.7706,4.6527,10.5199,12.8999,0.0745,14.3184,0.123,2.7281,0.0501,0.6676,177.4109,1.4648,50.8475,1.2139,10.6562,1.691,0.0845,18.3864,0.1487,0.4723,0.0143,4.3337,48.2191
05/08/2024 07:00,1,C,0.219,65.157,1.1863,2.9548,0.0734,4.4154,9.0058,2379.0249,43.0686,12.3067,2.6714,7.9187,8.7001,0.1054,16.6122,0.3901,2.5167,0.0402,0.862,264.5688,2.0292,49.8324,1.0207,8.9042,2.972,0.0779,18.3148,0.7188,0.8904,0.0271,3.98,51.8573
05/08/2024 19:00,2,D,0.3965,79.3499,0.7561,2.2965,0.1069,4.4306,10.6805,3795.8812,37.9173,10.1212,4.1314,7.8467,9.3452,0.1837,20.0064,0.0895,1.8107,0.0522,1.2805,223.6286,1.9271,48.952,0.937,9.7981,4.2093,0.2001,24.8162,0.1567,0.4065,0.0164,3.9566,54.4822
06/08/2024 07:00,1,C,0.2904,73.8486,1.1857,2.6955,0.1002,5.1122,7.5366,1578.3227,38.7548,12.2727,2.7244,6.6718,10.5704,0.1114,12.7243,0.1776,2.6839,0.0428,0.5641,96.3049,0.7615,51.6101,0.6598,9.9668,2.7546,0.1052,18.8008,0.2934,0.6097,0.0203,4.4189,52.1469
06/08/2024 19:00,2,D,0.3907,73.6588,1.2856,3.7285,0.2295,5.4611,10.0528,2528.5669,36.3207,13.1068,4.4135,9.2257,11.5576,0.158,19.1982,0.2488,3.4548,0.0727,0.7609,317.8777,1.3533,51.6049,1.3985,10.441,1.8193,0.1601,21.9887,0.2972,0.438,0.018,4.5566,54.2729
07/08/2024 07:00,1,C,0.496,59.4987,1.0395,1.415,0.038,4.6906,14.8261,2057.0031,44.1855,10.3785,1.5804,6.1907,10.7763,0.2221,13.2123,0.1171,1.0295,0.0129,1.8918,229.3841,3.4795,53.4395,0.6511,7.7732,1.6085,0.2364,16.3508,0.1643,0.2826,0.0041,3.5889,
07/08/2024 19:00,2,D,0.4164,120.3328,1.3513,2.3148,0.0695,4.8406,12.789,2904.3415,42.5002,13.0627,1.5696,6.7781,6.3636,0.1743,21.613,0.2402,2.338,0.0425,1.2091,275.5026,2.7517,51.8064,0.707,8.3014,1.7638,0.1723,27.9212,0.3276,0.8255,0.0119,4.1711,53.0423
08/08/2024 07:00,1,A,0.4525,63.704,1.1465,2.6495,0.1154,4.6398,8.6418,1985.8668,30.6674,16.3057,3.1849,10.7605,16.3087,0.1571,18.5064,0.2498,3.3106,0.0728,0.8648,212.2015,1.7036,51.6007,0.8448,9.6861,4.0137,0.1741,20.0223,0.2573,0.3774,0.0162,4.3546,58.8539
08/08/2024 19:00,2,B,0.3257,116.3533,0.7254,1.8377,0.0605,4.3792,5.6328,3366.6653,28.1769,13.7667,1.7785,8.2742,17.529,0.1162,18.798,0.1032,1.4483,0.0258,0.7593,249.3443,1.1322,48.0503,0.6956,9.4602,3.524,0.1363,28.4454,0.1354,0.3035,0.0004,4.2855,51.631
09/08/2024 07:00,1,A,0.493,60.9437,1.4347,2.686,0.1021,4.4595,9.4814,1171.748,33.8913,13.1083,1.9073,7.4562,14.6901,0.1945,8.5276,0.099,2.6732,0.0412,1.3337,173.6529,1.6829,48.4983,0.7528,8.9884,8.2787,0.179,13.3806,0.1828,0.408,0.012,3.8233,56.7747
09/08/2024 19:00,2,B,0.3797,86.2754,0.8927,2.1223,0.0924,5.1525,9.4792,2630.9038,35.8786,15.7204,2.8931,9.4134,10.5037,0.1716,16.929,0.1429,1.8638,0.0266,0.6641,266.9054,1.7446,53.6331,0.7787,9.2037,2.273,0.1544,20.0586,0.1205,0.3933,0.0223,4.3537,54.2643
10/08/2024 07:00,1,A,0.3267,73.0271,0.9742,2.0273,0.0498,4.744,8.9745,3491.6152,32.0699,11.4579,2.2057,8.5943,12.2935,0.1186,16.9965,0.1856,2.2442,0.0249,1.3754,297.8787,2.0026,47.1309,0.9057,9.7736,5.1886,0.1349,20.7253,0.2191,0.4015,0.0138,3.766,55.5157
10/08/2024 19:00,2,B,0.2282,96.6208,0.9659,1.5887,0.0743,4.4966,9.6192,3390.5988,27.1612,14.8111,3.0589,10.4616,20.3599,0.118,13.3215,0.1381,1.3856,0.0081,1.1005,226.3645,1.9145,47.8546,0.8315,10.7513,5.1126,0.1149,20.9289,0.1752,0.2973,0.0076,4.0985,53.0645
11/08/2024 07:00,1,C,0.2802,93.4464,1.0143,1.9469,0.0591,5.5037,6.4673,3346.7496,32.0015,13.7055,1.373,8.4898,15.3398,0.1127,32.059,0.1717,2.1076,0.0305,0.8315,360.496,2.2468,51.4788,0.7166,8.7154,3.3159,0.1232,35.3707,0.238,0.4491,0.0172,5.5174,60.2368
11/08/2024 19:00,2,D,0.3572,82.2665,0.9644,2.6528,0.1107,4.5836,5.5214,2022.0774,34.958,13.9695,3.678,8.2065,10.3514,0.1118,14.932,0.1574,2.3126,0.0754,0.9653,152.973,1.2752,51.5141,1.3449,9.2795,3.1414,0.171,21.6135,0.2015,0.2755,0.0189,4.1053,64.1264
12/08/2024 07:00,1,C,0.2328,91.2159,0.8663,2.7154,0.0887,4.5948,7.3862,4001.2909,40.1332,12.8473,2.4468,8.9148,15.0798,0.0891,19.6356,0.2583,1.9726,0.0317,0.7967,345.5352,1.4019,52.458,0.9127,11.2434,2.2672,0.0926,25.216,0.2276,0.4127,0.0189,3.9646,54.4157
12/08/2024 19:00,2,D,0.5048,170.5888,1.498,3.0188,0.1375,5.1856,7.783,2909.8422,34.9411,14.2228,1.8493,8.4424,16.5184,0.2383,42.2743,0.1532,2.418,0.0515,0.7267,205.7295,0.6763,52.2876,0.9417,7.866,3.5606,0.2385,48.4815,0.2229,0.4516,0.0111,3.9976,55.3952
13/08/2024 07:00,1,C,0.2465,50.2288,0.3059,0.8828,0.0495,4.5675,11.1085,3511.3187,27.7953,14.9475,2.6231,10.312,13.171,0.0959,13.2072,0.0433,1.0045,0.0174,1.2637,273.871,2.3213,49.5712,0.7491,9.3932,6.9596,0.1367,15.9824,0.0656,0.0882,0.0022,3.9473,58.7744
13/08/2024 19:00,2,D,0.2391,88.1739,0.8042,1.8232,0.0996,5.3556,11.5711,4231.1536,32.817,16.0039,3.1353,9.08,14.2754,0.1124,17.2817,0.1771,1.6361,0.0373,0.7298,358.1191,2.1055,48.3242,0.666,8.4256,4.1341,0.1157,24.0577,0.1989,0.2824,0.0218,4.8516,53.8614
14/08/2024 07:00,1,C,0.3247,75.2235,1.0797,3.1585,0.1036,4.2358,10.8377,2617.455,34.3405,12.3383,2.1583,9.113,11.7951,0.1479,10.4599,0.1397,2.9807,0.0302,0.8091,177.9173,1.189,55.2711,0.826,8.9736,1.138,0.1328,17.023,0.1833,0.4168,0.0081,4.1577,50.1759
14/08/2024 19:00,2,D,0.492,83.8745,1.2563,2.234,0.0806,4.4705,13.4818,2819.1777,31.271,14.219,2.8422,8.8533,11.5688,0.1316,17.3226,0.2,1.9517,0.0196,1.1843,254.5208,2.2501,48.7222,0.6679,9.0878,4.4902,0.147,21.0628,0.2704,0.3529,0.0035,3.7661,48.667
15/08/2024 07:00,1,A,0.2896,112.6121,1.5665,3.4649,0.0852,5.8647,4.9756,2372.8783,31.6414,15.845,1.4179,8.2935,18.2607,0.0969,19.7421,0.1652,2.5164,0.0187,0.5655,180.4111,0.6215,50.3219,0.6332,9.9573,4.928,0.1205,24.9285,0.2482,0.2861,0.0063,4.9785,61.2461
15/08/2024 19:00,2,B,0.4816,90.6948,0.8309,3.3006,0.1335,4.4245,10.3959,1799.8353,34.8847,10.4818,3.4692,8.09,12.7066,0.1848,20.4876,0.1984,3.6173,0.0588,0.9908,200.1167,0.7751,53.3112,1.1187,9.758,1.332,0.2037,25.0901,0.2188,0.5025,0.0099,3.8171,47.9826
16/08/2024 07:00,1,A,0.5864,81.7206,1.7691,3.3537,0.1338,5.6006,13.3609,2130.9013,35.3097,12.7303,2.6876,7.6135,11.0983,0.14,10.6739,0.2039,2.965,0.0424,0.8949,134.5842,2.1658,54.5811,0.7885,9.8522,1.1751,0.1687,15.9324,0.3822,0.593,0.0177,4.9126,54.4561
16/08/2024 19:00,2,B,0.6376,70.9251,1.8204,5.045,0.1574,5.375,12.7797,1820.2062,33.212,13.7577,2.3263,7.5477,16.551,0.1641,21.4931,0.2259,3.5279,0.0815,1.2499,186.996,1.805,50.5819,0.6464,9.2625,3.0942,0.225,23.936,0.3269,0.8504,0.0229,4.485,60.2906
17/08/2024 07:00,1,A,0.2968,58.7707,0.9288,2.1068,0.0716,4.4229,7.0704,2821.3412,34.3351,12.7145,2.4871,9.2184,8.3734,0.1484,16.7557,0.1543,2.3313,0.0412,0.7154,236.541,1.7056,50.4403,0.9333,9.388,2.1723,0.1519,19.3472,0.2145,0.5929,0.0034,4.1982,55.0517
17/08/2024 19:00,2,B,0.6747,67.224,1.1419,1.8734,0.083,4.3546,16.7101,2276.778,35.301,11.619,2.6514,8.0156,16.2707,0.1732,14.2438,0.1051,1.1942,0.0212,1.2746,237.6027,1.8654,50.6814,0.8984,9.4958,3.4827,0.2311,16.1628,0.1998,0.2,0.0012,3.9747,51.9976
18/08/2024 07:00,1,D,0.4643,135.8036,1.5314,3.0539,0.1019,5.4541,7.183,2301.6674,36.1464,15.8042,1.2433,6.6108,21.0059,0.1753,24.2531,0.201,2.4324,0.0466,0.8968,195.5326,1.3304,51.4422,0.8901,8.8558,4.7199,0.1678,31.7185,0.2754,0.3644,0.0124,5.1589,54.4117
18/08/2024 19:00,2,C,0.3334,86.8258,0.8649,2.5908,0.1134,4.6623,11.3221,3216.3444,32.25,11.5086,4.9594,9.7605,8.6426,0.1594,20.17,0.2005,2.288,0.0536,0.7654,161.6233,0.9576,54.9694,0.9015,9.0838,2.1663,0.1419,24.0939,0.2292,0.3276,0.0111,4.1848,52.9983
19/08/2024 07:00,1,D,0.5334,95.2723,1.0591,3.5339,0.0724,4.7233,10.3184,3207.2245,37.2995,8.981,2.3746,7.5338,11.1808,0.2558,21.7411,0.182,1.9373,0.0187,1.3919,297.3284,2.3707,47.0635,0.5963,9.4672,4.4605,0.2777,27.533,0.2287,0.6716,0.0127,4.4021,54.3011
19/08/2024 19:00,2,C,0.1921,89.1727,0.8129,2.1459,0.0647,4.1761,6.2147,4270.2474,38.3792,12.8512,2.272,7.5293,9.4208,0.0891,21.1549,0.1252,2.0838,0.0305,0.5477,214.6155,0.5344,54.7217,0.8051,8.3273,2.1322,0.0851,26.8172,0.185,0.3996,0.003,4.0896,54.7979
20/08/2024 07:00,1,D,0.5417,90.9125,0.9891,3.0365,0.1591,5.5919,13.5824,2668.7169,35.8611,11.9781,4.2565,10.2812,12.31,0.158,16.5083,0.2251,2.6087,0.0607,0.7131,211.4265,1.224,54.0479,1.5259,12.4251,2.5483,0.1585,24.9799,0.2699,0.409,0.0218,5.0041,48.3458
20/08/2024 19:00,2,C,0.4208,124.8663,1.2854,3.4311,0.1032,4.2538,4.7101,2811.447,33.5636,16.1312,1.983,8.0347,12.9323,0.1328,22.6119,0.1338,2.9064,0.0319,0.4311,178.2653,0.9365,48.8836,0.618,10.4374,5.3565,0.1485,27.2643,0.1744,0.3888,0.0136,4.2433,55.0184
21/08/2024 07:00,1,D,0.3959,129.3533,1.3838,3.3616,0.0809,5.6072,9.2595,4246.3436,39.0377,14.9624,1.5142,6.9306,12.9875,0.1348,25.4363,0.1237,3.0781,0.0351,0.5786,167.1326,1.0841,51.1734,0.6383,10.0575,1.7297,0.1518,29.0854,0.1572,0.5422,0.0023,5.2069,60.8155
21/08/2024 19:00,2,C,0.3534,94.2939,0.9013,2.2921,0.063,5.0873,10.4208,3126.9931,32.0635,14.6507,2.2173,8.3041,10.5043,0.1915,18.7931,0.1146,1.816,0.0277,0.8216,179.0385,1.9851,46.4204,0.7871,9.9802,6.2035,0.1688,27.8183,0.1342,0.3121,0.0029,4.587,55.6965
22/08/2024 07:00,1,B,0.1761,64.6718,1.6533,3.4916,0.0965,5.0645,5.1242,1682.8157,35.3299,12.8512,2.3875,10.5854,15.3508,0.1309,15.7431,0.295,2.9897,0.0479,0.7181,187.5186,1.4806,51.6847,0.8084,10.1969,2.4851,0.0941,17.1931,0.3151,0.4378,0.0083,4.6763,57.5697
22/08/2024 19:00,2,A,0.6556,64.8753,0.7415,1.7755,0.1037,4.6526,16.7066,2150.7072,29.5152,14.4839,4.0918,9.2817,13.6784,0.2477,13.6712,0.2492,1.4699,0.0309,1.0415,176.3225,2.998,55.9092,1.1304,9.1829,1.1929,0.2469,16.8545,0.1943,0.2768,0.0203,4.1493,49.2351
23/08/2024 07:00,1,B,0.3091,81.9068,0.8605,1.7316,0.0843,4.1079,7.4898,2939.1396,31.8498,10.439,2.9377,7.5374,17.1433,0.106,18.3991,0.1145,1.2625,0.0257,1.0845,287.4908,1.8617,51.9981,1.1435,9.3043,2.5322,0.1201,20.3733,0.1696,0.2677,0.0071,4.3264,50.1269
23/08/2024 19:00,2,A,0.2559,94.6156,0.6279,1.9899,0.0524,4.9925,8.8531,4408.6725,39.2373,8.27,2.5557,7.5206,13.2275,0.0773,18.7483,0.096,1.385,0.0301,1.0164,343.1038,1.2222,53.2414,0.8192,11.9471,1.5479,0.1087,22.6133,0.0846,0.252,0.0021,4.3019,56.1799
24/08/2024 07:00,1,B,0.2107,71.0643,0.7856,2.0987,0.0835,3.9814,7.3585,2678.613,33.448,12.5911,1.7753,8.9993,21.1132,0.1131,14.8058,0.057,1.8852,0.0147,0.7945,238.7027,1.4849,50.5174,0.9117,11.1904,3.3637,0.0896,18.6286,0.1174,0.241,0.0122,3.8075,54.3807
24/08/2024 19:00,2,A,0.2789,128.2414,0.5334,1.0047,0.069,4.9015,10.3719,5724.6545,35.6774,15.3742,4.199,10.5223,11.4963,0.1066,20.7008,0.1508,1.1313,0.0261,1.3982,542.3635,1.4321,53.1891,0.7304,9.2261,2.7965,0.128,32.5406,0.1802,0.1317,0.0005,4.1908,57.4855
25/08/2024 07:00,1,C,0.6292,86.7975,1.6856,5.1887,0.2095,4.7628,13.8139,1839.2791,31.2376,12.8801,4.8303,8.6782,11.3864,0.2134,17.5043,0.3084,4.7014,0.092,1.2461,130.3211,2.0419,53.3098,0.7803,8.2921,2.4096,0.229,21.5967,0.3612,0.9747,0.0289,4.4939,54.4306
25/08/2024 19:00,2,D,0.255,84.7672,0.9706,2.1451,0.0805,5.4476,8.2311,2504.7904,29.1829,18.1599,2.6021,10.6759,18.1242,0.0987,9.6945,0.0748,1.828,0.0224,1.0733,220.4564,1.6638,48.272,0.913,11.9773,6.696,0.0968,15.4787,0.1045,0.2388,0.0018,5.3518,61.5546
26/08/2024 07:00,1,C,0.3237,79.0974,0.8547,1.9561,0.0538,4.0714,8.5627,2903.5945,32.2086,14.3336,1.942,9.9857,14.8848,0.1728,14.8154,0.109,1.5956,0.017,0.8575,269.7046,1.5436,53.2773,0.6055,8.5731,3.5296,0.192,21.983,0.156,0.3195,0.0061,4.2364,52.9614
26/08/2024 19:00,2,D,0.4428,83.4288,1.8577,5.1044,0.1637,5.9255,9.4996,1068.8043,36.3283,16.3046,1.8902,6.8007,8.9441,0.1854,19.6218,0.2989,4.639,0.1114,0.7047,155.4635,1.2721,52.7532,0.7726,9.7988,2.4846,0.1914,22.4696,0.374,1.0934,0.0262,5.0935,54.8172
27/08/2024 07:00,1,C,0.4225,95.2998,1.5669,2.2325,0.1026,5.1253,6.0436,1985.7561,31.9323,12.1484,2.3351,8.2625,14.0383,0.2296,22.5327,0.2406,1.9575,0.0313,0.9996,341.0902,3.0997,51.1835,0.6846,9.005,2.7407,0.1948,29.9499,0.2985,0.5443,0.0146,4.6627,53.4443
27/08/2024 19:00,2,D,0.2277,51.0681,0.8922,1.891,0.0411,3.8467,8.6936,2326.6362,37.8894,13.9119,2.5407,8.21,10.5816,0.0968,12.1201,0.1306,1.945,0.0171,0.8065,191.7481,1.1992,52.7737,0.7409,9.1646,1.7437,0.1043,13.5247,0.1976,0.2832,0.0149,3.6124,53.651
28/08/2024 07:00,1,C,0.4737,125.1574,2.32,4.1043,0.0997,6.3291,9.2461,2274.1464,39.6607,15.2193,1.4408,6.6825,12.528,0.1715,26.6477,0.1286,2.9531,0.0347,0.7069,217.6148,1.5765,51.7524,0.6244,9.9876,3.7715,0.1858,31.1467,0.2468,0.7656,0.0029,5.4122,50.2494
28/08/2024 19:00,2,D,0.1828,108.1657,0.5333,1.79,0.032,3.9945,3.423,3647.538,25.504,12.4389,1.0647,7.8011,26.1863,0.1056,24.8817,0.0725,1.8831,0.0158,0.7153,337.2103,1.3805,50.5033,0.7609,11.5877,5.3065,0.1114,28.9856,0.0898,0.3264,0.0032,4.0606,
29/08/2024 07:00,1,A,0.4072,82.7902,1.5291,3.0155,0.112,4.7166,13.1565,1898.0845,40.8273,11.5414,1.9151,7.0432,12.6203,0.1627,14.3586,0.1465,2.5028,0.0283,0.6899,138.4275,1.71,50.5365,0.7724,10.4932,2.7999,0.1486,17.8486,0.2326,0.5175,0.0133,4.4424,63.916
29/08/2024 19:00,2,B,0.5095,97.2335,1.7098,2.8504,0.1334,4.7386,11.0089,1736.9006,43.6225,7.4805,2.303,6.973,14.5574,0.1675,12.241,0.2701,2.9247,0.0725,0.7721,234.5006,2.6859,51.2093,0.9899,8.8517,2.72,0.1758,21.5582,0.291,0.4779,0.0185,4.2573,52.4353
30/08/2024 07:00,1,A,0.3056,58.9545,1.1309,2.1207,0.0807,5.6887,7.096,2524.3539,31.584,15.8156,2.2292,9.4793,13.1624,0.1783,20.3521,0.2483,2.1307,0.0357,1.0347,245.2734,1.6734,49.2553,0.771,9.7749,2.4175,0.1607,21.8335,0.2573,0.6918,0.0225,5.03,57.4598
30/08/2024 19:00,2,B,0.2276,74.7786,0.6521,2.0688,0.111,3.8309,8.5508,3969.7173,37.4866,9.75,7.5372,11.086,12.2982,0.0695,17.2456,0.102,1.3507,0.0282,1.0523,356.8336,1.4819,52.7765,1.4295,9.6272,2.9552,0.0821,20.5155,0.1377,0.2585,0.0013,3.2946,50.37
31/08/2024 07:00,1,A,0.3891,69.919,1.4221,3.6937,0.1604,5.3098,9.4585,2281.5398,31.0643,11.2249,3.8108,10.2523,15.312,0.138,11.0446,0.2335,2.8644,0.0574,1.1284,160.3973,2.4157,49.9712,1.0526,9.6895,2.6823,0.152,16.3849,0.3408,0.6246,0.0223,4.881,54.9092
31/08/2024 19:00,2,B,0.301,110.5709,0.8625,3.0662,0.14,4.9251,11.787,3047.1468,29.2298,13.8524,3.2898,10.0635,11.9671,0.1432,23.9581,0.2059,2.4187,0.0592,0.9467,184.963,1.913,51.3554,1.0024,10.0607,1.6452,0.1382,31.8501,0.2395,0.5487,0.0248,4.7532,51.4243
01/09/2024 07:00,1,D,0.2133,106.4999,1.5725,2.9396,0.1199,5.2086,4.9155,2976.4646,33.6378,16.0843,1.7134,8.629,15.7853,0.1309,18.3155,0.155,3.2834,0.0297,0.5392,145.4415,0.7654,55.6333,0.6756,8.9062,1.5265,0.1246,27.0971,0.3084,0.6205,0.0081,4.9519,51.8144
01/09/2024 19:00,2,C,0.2531,100.825,0.5036,0.9731,0.0535,4.5154,5.9745,4002.7635,27.0126,13.6491,1.8223,7.3341,15.8609,0.1447,21.9834,0.1648,1.655,0.0176,0.7689,260.8644,1.0666,51.5605,0.6871,8.5085,2.004,0.1354,25.263,0.1338,0.1937,0.0006,4.1527,56.8017
02/09/2024 07:00,1,D,0.3753,102.8719,1.1139,2.0963,0.0751,4.7384,9.1176,2962.7244,36.1291,10.5349,3.0656,7.0923,9.3851,0.1838,18.0567,0.1736,2.0398,0.0265,0.8986,216.7114,0.9991,51.9216,0.809,10.1712,3.8577,0.1699,22.6541,0.2525,0.2845,0.0106,4.6003,53.0494
02/09/2024 19:00,2,C,0.4786,102.7661,2.6349,6.1168,0.294,5.6872,11.2282,1343.996,46.4268,12.3474,3.6521,7.5126,10.3289,0.1302,11.8912,0.4506,4.8506,0.0918,0.5296,89.4246,1.3412,52.0345,0.812,10.8109,2.2138,0.1405,21.6024,0.4825,1.1277,0.0361,4.6835,47.5492
03/09/2024 07:00,1,D,0.2632,71.493,1.0608,2.3154,0.0586,3.6945,8.8296,2627.3863,40.7611,8.1931,1.449,6.0668,10.9173,0.115,12.3926,0.1838,1.8137,0.0373,0.8731,179.6776,2.773,51.3576,0.8722,8.2574,3.5589,0.1279,20.2242,0.2881,0.4743,0.0144,3.0757,58.3487
03/09/2024 19:00,2,C,0.46,87.9932,1.9037,3.9617,0.1092,5.6952,5.2241,1625.5973,39.5062,9.8199,1.7193,6.413,12.9123,0.1628,10.4583,0.2749,3.3855,0.0434,0.6202,96.859,1.0402,50.9648,0.8217,10.1798,2.8886,0.185,17.3256,0.371,0.7538,0.0239,5.1221,54.7898
04/09/2024 07:00,1,D,0.362,81.8339,0.9952,2.2567,0.0662,4.4429,10.3415,2444.3479,32.0252,14.8547,1.6473,8.2343,16.6208,0.1281,17.1301,0.1576,1.6888,0.0282,0.6172,299.5463,1.4927,48.5097,0.9948,10.0287,8.2424,0.163,23.2986,0.2145,0.3927,0.0176,3.8885,53.0917
04/09/2024 19:00,2,C,0.1997,55.3998,0.6113,2.0861,0.1041,4.0851,6.5642,2378.0661,35.2907,11.8823,4.6783,10.0688,15.9446,0.1515,14.7391,0.1915,1.9203,0.0527,0.7651,202.3069,2.4118,49.7558,1.0526,9.615,3.5868,0.1181,25.0975,0.3134,0.4088,0.0153,4.5773,53.7477
05/09/2024 07:00,1,B,0.3811,74.2977,0.9447,2.8497,0.0868,4.8109,4.9143,2957.0491,35.5692,13.382,4.2108,9.626,9.5607,0.0992,15.1638,0.1287,2.2596,0.0412,1.1197,218.7179,1.4413,49.6949,0.9219,11.1547,6.9966,0.1298,19.0245,0.1868,0.4625,0.0032,4.0681,57.1111
05/09/2024 19:00,2,A,0.329,81.9238,0.9797,2.8817,0.107,4.0003,11.1909,2111.4777,38.1934,13.5552,2.646,8.8934,6.9552,0.2059,24.3973,0.2051,2.3244,0.052,1.3123,324.3533,2.4119,52.7631,0.6918,10.443,1.8492,0.1608,27.5663,0.1814,0.5968,0.0136,3.6256,49.689
06/09/2024 07:00,1,B,0.2951,98.474,1.1702,2.2154,0.0726,4.6244,9.595,2214.3008,38.43,10.9013,1.3569,7.433,13.5649,0.1132,19.1366,0.1301,1.8254,0.0249,1.378,302.7137,2.2498,47.9481,0.705,9.1144,4.2329,0.1239,28.5955,0.1512,0.2944,0.0136,3.8067,57.9158
06/09/2024 19:00,2,A,0.3861,74.3708,0.6463,2.2389,0.0973,5.0283,8.9523,3177.9451,36.4727,13.2566,4.6555,8.0331,10.0217,0.1366,22.8392,0.2398,1.959,0.0254,1.0552,367.8803,2.1446,50.7998,0.8354,7.4789,7.0443,0.1491,26.7018,0.264,0.3739,0.0016,4.5101,55.2818
07/09/2024 07:00,1,B,0.3722,75.8171,1.0734,2.8856,0.1586,4.6809,8.9048,2556.9279,38.4829,15.4493,4.1788,9.2801,12.8994,0.1168,15.3191,0.0947,2.4692,0.0407,0.8856,198.2754,1.7162,49.3474,1.0141,9.1787,2.2113,0.1367,18.5745,0.1367,0.3664,0.0198,4.4612,52.4357
07/09/2024 19:00,2,A,0.4683,79.0113,1.5658,3.6627,0.0953,4.734,8.2363,1517.2104,37.598,15.2948,2.4669,9.0644,7.8307,0.1814,14.9427,0.2036,3.2714,0.0428,0.5904,143.1479,2.43,51.6836,0.6953,11.1612,1.1579,0.2151,22.9848,0.2688,0.5403,0.0113,4.0372,49.5026
08/09/2024 07:00,1,C,0.3873,95.1123,0.8795,2.0174,0.1211,4.4923,12.4519,3392.5464,35.4758,9.3307,3.1836,8.4271,10.852,0.1159,18.276,0.2188,1.9365,0.0481,0.9775,263.4275,1.9388,54.1813,0.9627,9.6501,1.1014,0.1415,23.0282,0.1982,0.205,0.0105,4.4323,50.3866
08/09/2024 19:00,2,D,0.2543,83.1598,1.2412,2.1719,0.0786,4.5603,9.9834,2418.4768,36.8959,11.2818,1.643,6.8442,14.1016,0.1454,17.3265,0.1218,1.8462,0.0311,0.7727,243.912,1.9592,50.2166,0.7128,7.9465,4.4594,0.126,21.5736,0.1811,0.4514,0.0115,4.658,58.3727
09/09/2024 07:00,1,C,0.1961,127.2792,1.0664,1.6997,0.0851,5.1033,8.6303,3198.6184,37.0508,9.1857,2.2781,7.3457,12.1307,0.1315,27.6881,0.3485,2.2427,0.0554,0.6859,296.9078,1.2446,49.9009,0.8992,9.7102,2.03,0.1006,36.8876,0.3225,0.4336,0.013,4.5377,56.5911
09/09/2024 19:00,2,D,0.307,53.9425,1.0008,2.987,0.1395,4.485,10.5241,1795.0507,32.7653,14.8025,3.2697,10.1124,13.031,0.1042,10.9909,0.2034,2.4689,0.05,0.8827,177.7587,1.4734,53.0148,1.0867,9.5819,2.37,0.1206,15.9161,0.2256,0.4549,0.0127,4.2184,55.8264
10/09/2024 07:00,1,C,0.2755,96.4709,1.1102,2.8544,0.0694,4.4242,6.963,3403.8145,36.3354,8.1375,1.8852,7.2073,14.1337,0.1425,28.3701,0.1807,2.6593,0.0323,0.9988,324.2859,1.9117,55.3659,1.0904,9.1326,2.465,0.1443,30.7858,0.266,0.5352,0.0086,4.2733,55.5582
10/09/2024 19:00,2,D,0.3701,87.8828,1.0653,2.5638,0.0917,5.3526,9.1546,2432.0235,32.6326,13.6337,2.4814,10.2215,16.5946,0.1048,14.9081,0.18,1.9611,0.036,0.8063,265.1298,2.0113,48.3099,0.7726,8.9449,4.2104,0.1281,22.8017,0.2337,1.1462,0.0108,5.1549,55.9436
11/09/2024 07:00,1,C,0.3067,72.1783,0.8232,1.9813,0.0521,5.5833,8.0118,2201.7871,40.0557,10.3432,2.899,8.1477,12.3897,0.1242,17.3965,0.0766,1.6213,0.0161,0.837,251.3488,1.2196,52.5496,0.8358,7.4467,2.1993,0.1285,27.1386,0.1237,0.3694,0.006,4.7428,63.8341
11/09/2024 19:00,2,D,0.3228,58.9169,1.6067,3.3381,0.128,5.7073,6.4823,1295.3,40.3619,18.9448,2.9551,9.2004,11.7168,0.1571,11.8063,0.2027,2.7957,0.0673,0.6328,80.9093,0.7818,52.321,0.6825,9.3974,2.0654,0.1687,14.9297,0.2638,0.6489,0.0204,5.2046,62.3126
12/09/2024 07:00,1,A,0.1594,109.6035,0.5614,1.701,0.0556,3.8078,5.3456,6796.5836,32.7741,13.5228,2.1483,9.7989,13.1128,0.0753,20.9209,0.1153,1.5942,0.0107,1.3297,403.2462,1.6147,51.9349,0.744,10.9645,1.4997,0.0705,26.3199,0.1555,0.2613,0.0,3.6394,53.5423
12/09/2024 19:00,2,B,0.2343,97.3871,1.0893,4.0435,0.126,4.8793,7.035,2553.629,31.8189,14.2594,3.0115,9.7242,19.7682,0.0974,14.0637,0.101,3.2369,0.0562,0.6416,209.7601,0.7122,53.7443,0.7676,9.1977,2.078,0.0952,20.8364,0.1579,0.6221,0.0151,4.4481,53.3998
13/09/2024 07:00,1,A,0.4374,74.3182,1.3536,2.6543,0.1231,4.6143,7.5296,1849.2316,28.0957,16.7077,3.3891,11.1149,16.755,0.1833,16.9623,0.1236,2.221,0.0363,1.0597,212.3195,1.7382,50.6481,1.2056,12.303,2.6218,0.1945,20.2406,0.2106,0.3672,0.0106,4.3564,50.2937
13/09/2024 19:00,2,B,0.3284,69.9097,0.8532,2.2385,0.1043,5.174,5.5673,2196.1472,32.9761,14.2272,4.0147,8.7743,12.6748,0.0919,12.5555,0.0862,2.0553,0.0346,0.7669,208.5994,1.319,53.2335,0.8808,9.1226,2.1679,0.1156,16.7342,0.1223,0.1982,0.0076,4.5649,53.4467
14/09/2024 07:00,1,A,0.4335,61.7805,0.9689,2.4709,0.0948,5.6516,12.8469,2899.8188,37.1674,10.2468,3.8133,8.9751,10.6521,0.1818,15.2073,0.148,2.0379,0.0441,1.4055,273.0104,3.06,49.6837,0.8245,10.6377,3.5045,0.1884,17.0488,0.1849,0.4102,0.0109,4.9073,57.1178
14/09/2024 19:00,2,B,0.2634,107.0063,0.8653,2.0743,0.0415,5.5661,8.7459,3398.323,39.4046,11.1738,1.845,6.857,12.6303,0.0828,19.9465,0.1171,1.3976,0.0111,0.7513,245.5889,0.7504,53.5565,0.5871,8.4725,1.0056,0.1024,30.2933,0.1627,0.3824,0.0002,5.1974,56.3323
15/09/2024 07:00,1,D,0.2765,87.37,0.6044,1.3742,0.0356,4.2895,10.2353,4625.5788,37.2577,12.81,2.7201,8.4424,9.1546,0.1656,20.7765,0.1158,1.2609,0.0182,2.2796,554.6442,3.118,52.1335,1.1202,9.4093,1.311,0.1621,28.6866,0.1781,0.2367,0.0078,4.2422,51.1328
15/09/2024 19:00,2,C,0.1249,70.4893,1.0401,2.6394,0.1104,4.6781,7.7298,2378.5872,40.9617,12.4404,3.2699,7.9992,10.1251,0.0856,10.5709,0.0872,2.6795,0.0656,0.8845,181.1877,1.7596,48.425,1.0698,9.8068,5.8494,0.0614,15.9646,0.1878,0.3077,0.0127,3.9585,55.9462
16/09/2024 07:00,1,D,0.4394,92.2493,0.8908,1.8912,0.0739,4.7183,13.1051,4037.1576,35.517,14.7948,2.9401,9.9913,12.9864,0.1299,18.7221,0.1383,1.7243,0.0306,0.8891,261.8077,1.1574,51.4952,0.8604,9.5561,3.0403,0.1449,23.6231,0.1649,0.3937,0.0185,4.7149,
16/09/2024 19:00,2,C,0.2053,78.6491,1.0849,3.5385,0.0497,4.522,,,,,,,,0.0881,22.6746,0.1258,2.4969,0.0328,0.5575,201.4015,1.4351,48.3751,0.6266,10.7286,3.6843,0.0885,25.8441,0.1899,1.021,0.007,4.1919,56.3348
17/09/2024 07:00,1,D,0.4736,69.0315,1.2056,1.9131,0.123,4.7851,10.8257,2957.1661,35.5066,10.9159,4.0507,8.1887,10.3242,0.2523,18.3758,0.2741,1.0557,0.0545,0.9587,200.6397,2.0112,47.7679,0.8758,10.1391,5.2684,0.257,20.8785,0.3601,0.3624,0.0205,4.4092,51.3501
17/09/2024 19:00,2,C,0.2065,77.6343,0.6437,1.9904,0.0629,4.3995,8.522,1831.0256,36.2985,13.7062,2.3024,9.0565,15.105,0.1292,14.7307,0.0572,1.5802,0.0289,0.9579,266.1052,1.6189,52.636,0.7961,8.9687,2.8657,,,,,,,63.9897
18/09/2024 07:00,1,D,0.2515,87.0779,0.9653,2.159,0.081,4.9748,11.5807,3092.8104,39.7699,12.4632,2.6851,6.797,14.0189,0.1417,16.4428,0.0788,2.1498,0.0265,0.8794,254.514,1.0677,51.6547,0.6691,9.3628,4.534,0.1353,20.9997,0.1446,0.2477,0.0044,4.5504,54.6283
18/09/2024 19:00,2,C,0.4275,93.1591,1.948,2.6343,0.0947,4.9788,8.3043,2115.9455,40.875,8.0732,1.4068,7.6811,19.3544,0.1362,26.8544,0.3314,2.2505,0.0424,0.9266,226.9967,2.5369,49.9854,0.5835,8.7447,2.9017,0.1858,25.8933,0.4674,0.7428,0.0172,4.2927,
19/09/2024 07:00,1,B,0.2157,95.79,0.7885,2.547,0.0828,4.9093,5.3966,3180.8041,36.8719,17.7065,1.9569,9.6223,10.7981,0.0961,16.6866,0.1308,1.7448,0.0313,0.497,225.6725,0.9237,52.7702,0.8962,11.0814,1.1815,0.125,24.3316,0.1399,0.3321,0.0126,4.4944,60.7251
19/09/2024 19:00,2,A,0.2899,82.5043,0.9476,1.3785,0.0374,4.6042,10.202,2846.2942,33.6347,13.2777,2.0102,7.8831,8.6001,0.0934,15.9921,0.1483,1.1926,0.0126,0.7027,303.5874,2.0284,52.3781,0.8423,8.9967,2.8789,0.1465,19.6698,0.207,0.2308,0.0082,4.6641,51.5655
20/09/2024 07:00,1,B,0.2578,114.2737,0.7863,3.2113,0.0824,4.5542,5.9048,2999.9424,30.3796,13.6428,3.2817,8.4041,17.993,0.1355,29.9627,0.1005,2.7434,0.0386,0.6446,271.6813,0.9781,54.7986,0.8932,9.2342,1.5975,0.117,33.2846,0.1416,0.3512,0.0071,4.4431,49.783
20/09/2024 19:00,2,A,0.6977,95.0832,2.1552,3.6107,0.1056,4.9699,11.5234,2819.9237,42.3574,12.2661,2.5067,7.7322,12.7166,0.2468,15.6497,0.2251,3.5479,0.032,0.9401,217.9163,1.6879,52.402,0.7328,11.0398,1.81,0.2817,23.3071,0.3524,0.5386,0.0017,4.85,55.1272
21/09/2024 07:00,1,B,0.3106,71.1774,1.0628,2.1394,0.117,4.3466,11.1897,3179.0676,35.032,8.1056,3.892,9.0786,14.2785,0.1431,13.5562,0.1618,1.6398,0.0227,0.9944,225.4683,2.1453,54.3045,0.8533,9.9984,2.0181,0.1218,18.0083,0.2602,0.3716,0.0,4.2686,51.3758
21/09/2024 19:00,2,A,0.3594,109.854,0.7002,2.073,0.0819,4.4739,9.5968,3193.2121,30.9049,13.6094,2.1861,8.4065,13.9731,0.1316,15.6618,0.0539,1.2381,0.0212,0.8625,240.9922,0.8973,50.9846,0.5136,9.0767,3.8554,0.1472,23.7222,0.0628,0.2174,0.0004,3.5673,54.5847
22/09/2024 07:00,1,C,0.389,102.9504,0.9526,1.7989,0.0436,4.5449,9.8292,3898.6381,36.5088,11.9758,2.0318,7.9775,18.0074,0.1452,17.3118,0.072,1.221,0.011,0.9453,229.5544,1.718,51.7186,0.6168,9.4708,4.5018,0.1491,25.2239,0.1405,0.2447,0.0002,4.1974,51.1916
22/09/2024 19:00,2,D,0.7578,116.0616,1.8199,4.1972,0.1759,5.3814,14.0939,1575.6314,35.1709,16.5386,2.3821,8.9557,11.1539,0.2375,14.0695,0.1664,3.58,0.0601,1.0381,166.4667,1.5374,51.2652,0.6862,9.5468,3.1415,0.2847,24.5072,0.2302,0.8217,0.019,4.0612,53.2508
23/09/2024 07:00,1,C,0.3115,47.9633,0.621,1.4131,0.0838,4.07,18.744,3068.1633,37.9255,12.865,4.0561,8.1198,10.7123,0.1446,13.6258,0.0896,1.6026,0.037,1.0335,192.4026,1.6356,53.602,0.79,10.9093,2.6353,0.1461,17.8438,0.1512,0.2205,0.016,3.5632,56.9379
23/09/2024 19:00,2,D,0.3224,93.4545,1.0446,2.0774,0.0695,4.59,9.0309,2957.0215,28.0709,15.0859,2.7926,10.0603,14.7702,0.1531,19.4333,0.1058,1.7507,0.0267,1.3529,204.3194,1.6688,50.8993,0.7519,9.1889,3.4514,0.1321,20.7551,0.1712,0.2372,0.0077,4.1772,55.0441
24/09/2024 07:00,1,C,0.2945,81.1013,0.7584,2.2681,0.0697,4.5537,6.9607,3192.2309,32.9681,10.7791,2.4246,8.9364,16.0639,0.0996,16.7777,0.1754,2.0588,0.0306,0.7781,252.4057,1.3461,51.7532,1.0561,7.4731,3.5187,0.1374,22.4977,0.2328,0.4584,0.0059,4.1207,55.7116
24/09/2024 19:00,2,D,0.2171,72.0934,1.0314,2.8776,0.0781,4.9625,8.2306,3795.1802,39.3801,9.4951,3.5222,7.5749,9.942,0.1245,26.0325,0.1288,2.3071,0.068,0.6709,227.1147,0.871,49.1951,0.896,9.7732,2.7251,0.1204,26.1879,0.233,0.7631,0.0197,4.3388,61.4562
25/09/2024 07:00,1,C,0.2898,89.6527,0.6112,1.1176,0.0519,3.9509,7.9921,3914.6781,34.7824,12.8151,1.7832,7.7701,12.1605,0.1772,14.4623,0.0914,1.0419,0.0088,1.1344,264.4202,0.9288,50.2818,0.6168,9.474,6.1194,0.1792,21.9928,0.0985,0.1345,0.0018,3.2793,53.2916
25/09/2024 19:00,2,D,0.5127,100.6807,1.2735,3.3704,0.1493,5.0936,7.3522,2524.6081,30.5857,13.789,2.3848,9.8417,11.777,0.1257,15.567,0.1077,2.5907,0.0522,0.7489,239.0922,1.9525,48.8848,1.0862,9.4822,2.1585,0.1584,22.3093,0.2058,0.4429,0.0239,4.8645,49.9546
26/09/2024 07:00,1,A,0.5825,116.4152,1.6755,2.676,0.0865,5.1186,14.0064,2420.9445,43.8559,12.3087,1.7398,7.0201,10.5875,0.144,14.0739,0.1883,2.0738,0.0253,0.9741,235.9273,1.2079,49.7584,0.7613,9.2775,3.6329,0.1487,20.5972,0.2694,0.3805,0.0045,4.5785,53.4419
26/09/2024 19:00,2,B,0.3971,38.9853,1.1593,2.9226,0.1388,4.4965,8.8706,998.1282,39.3217,10.7844,3.4999,9.0863,16.1587,0.1631,9.91,0.1239,2.5394,0.0618,1.0358,123.6563,1.5176,51.3886,0.9035,10.9364,2.8232,0.1777,14.3537,0.1675,0.954,0.0202,3.7053,55.8344
27/09/2024 07:00,1,A,0.2826,125.346,0.8818,1.4223,0.0371,4.1802,7.8354,4625.9368,34.482,13.1281,1.3754,8.6627,16.0535,0.1446,30.4603,0.0715,1.5022,0.0191,1.4425,586.4856,2.4965,51.4801,0.5872,8.9792,4.8354,0.1436,38.8829,0.1348,0.2124,0.0068,3.5355,61.0888
27/09/2024 19:00,2,B,0.306,80.6676,1.3776,3.384,0.1085,5.5783,7.6372,2276.3123,40.9565,11.5513,2.4209,6.7286,9.0996,0.1865,26.2132,0.2301,3.2223,0.0948,0.7152,225.9758,1.6547,49.9234,0.7277,10.7159,5.9141,0.1565,25.8825,0.2653,0.4894,0.022,4.189,55.0182
28/09/2024 07:00,1,A,0.2185,91.3625,0.6116,1.2599,0.0264,4.3554,7.6888,3256.9354,38.6048,10.7462,1.3954,6.3579,15.4411,0.1139,20.9738,0.1997,1.272,0.0211,0.7875,274.2396,1.4669,50.9877,0.5667,7.439,2.9997,0.1171,27.3041,0.1714,0.2526,0.0002,4.1668,
28/09/2024 19:00,2,B,0.4995,74.5788,1.1055,3.3606,0.1621,4.6485,12.2022,2349.6535,38.3297,11.7846,4.2494,8.8463,8.9526,0.1598,16.1221,0.3678,3.183,0.0669,1.6733,222.6825,2.3651,53.6927,1.1911,10.7256,1.061,0.1879,23.2616,0.4329,0.6767,0.0177,4.6167,50.5797
29/09/2024 07:00,1,D,0.3938,88.3549,0.9925,3.0291,0.0688,4.9996,9.3214,2644.1373,35.6366,14.3864,1.9821,7.5416,13.4565,0.1082,21.5067,0.235,3.1712,0.0411,0.8442,266.2233,2.2791,54.8033,0.887,10.1456,1.3597,0.1302,23.8644,0.2129,0.5462,0.0228,4.9897,55.6295
29/09/2024 19:00,2,C,0.2188,68.5561,0.4532,1.3815,0.0689,3.9399,6.7517,2802.6644,32.6806,14.673,4.6193,8.1948,9.6757,0.0746,10.1273,0.1075,1.3272,0.0224,0.7579,190.826,1.33,48.3574,1.1818,10.746,4.2022,0.0944,15.5122,0.0985,0.1464,0.0047,3.4185,49.1615
30/09/2024 07:00,1,D,0.3772,82.3797,1.3961,2.6405,0.0481,4.0945,8.9751,3335.574,46.2151,12.2558,1.6554,6.5487,8.8742,0.1711,27.7521,0.2169,3.3224,0.0317,0.929,201.762,1.6493,52.885,0.6545,9.7512,2.9477,0.1607,35.5061,0.2488,0.4827,0.0091,3.6796,53.8437
30/09/2024 19:00,2,C,0.3325,92.0597,0.8053,1.8147,0.1145,4.5477,9.1187,5132.489,34.9845,17.1388,5.3901,9.1301,10.6042,0.1164,19.811,0.0723,1.6274,0.0278,0.9016,350.7022,1.8481,50.542,1.2201,11.4948,1.5311,0.132,25.2979,0.114,0.2649,0.0111,4.0493,55.6787
01/10/2024 07:00,1,D,0.205,108.5595,0.7504,1.6063,0.0485,4.9016,7.1652,4091.6005,34.755,9.3506,2.1564,9.5379,17.8149,0.0873,20.4424,0.1953,1.9355,0.0286,1.0618,301.5593,1.267,49.6485,0.6668,9.171,3.6758,0.1078,29.2294,0.1963,0.2928,0.0037,4.1708,49.3967
01/10/2024 19:00,2,C,0.344,104.3578,1.1376,1.926,0.0883,3.9934,11.478,3167.1866,39.0356,10.4154,3.0413,7.321,13.6619,0.1089,12.5419,0.1122,2.134,0.0248,0.6289,190.2443,1.229,52.7716,0.8525,9.201,3.7315,0.1293,20.2177,0.2112,0.186,0.0021,3.9884,59.2163
02/10/2024 07:00,1,D,0.3475,91.455,0.9081,2.414,0.0984,4.7777,9.522,2174.5903,31.585,14.8501,2.9461,9.3259,13.9788,0.157,20.0373,0.084,1.8284,0.0199,0.8971,290.8299,2.9527,48.0727,0.9866,10.3068,5.5898,0.1389,23.521,0.1446,0.4045,0.0053,4.8314,
02/10/2024 19:00,2,C,0.2837,88.2534,1.6433,3.6183,0.1104,5.0309,8.2632,2012.8278,32.4544,12.7867,1.8742,9.2594,16.03,0.0963,17.1207,0.178,2.4324,0.0288,1.0181,217.2801,2.9097,49.9479,0.6402,9.907,6.2735,0.1093,22.6675,0.2471,0.4236,0.0106,4.4349,60.1677
03/10/2024 07:00,1,B,0.2913,99.0031,0.9462,1.8504,0.0688,4.3313,7.1969,3738.0078,38.8649,13.2203,2.0623,7.6853,13.4639,0.112,20.6027,0.1352,2.1537,0.0319,1.1948,345.3447,2.9071,49.9511,0.7961,11.1179,4.268,0.1202,24.0311,0.1881,0.344,0.0213,4.3351,57.785
03/10/2024 19:00,2,A,0.6114,95.2762,2.0255,4.0367,0.2165,5.4628,10.4251,1174.8124,33.5968,13.413,3.9466,8.8892,10.2051,0.1262,16.0162,0.2799,3.3211,0.0447,0.8865,180.1782,0.9219,53.4796,0.8683,8.2671,2.5837,0.1349,24.2542,0.3413,0.6617,0.0157,4.5305,52.5379
04/10/2024 07:00,1,B,0.4709,58.9032,0.999,2.4217,0.1092,5.5691,12.0493,2196.3155,36.4981,11.4232,2.4524,8.766,14.2775,0.1201,16.8992,0.2169,2.7243,0.0436,1.0355,159.2069,2.269,52.7528,0.8354,9.8447,1.5959,0.1677,19.6213,0.2232,0.4533,0.0231,4.8721,52.4854
04/10/2024 19:00,2,A,0.5524,63.1872,0.8758,1.9047,0.1245,5.033,13.3333,2453.3568,35.73,8.9407,3.9798,7.9756,9.8703,0.3107,19.6677,0.1701,1.8977,0.0252,1.5701,332.0636,1.9631,52.0096,0.8032,8.8305,3.2733,0.2766,23.4112,0.2213,0.303,0.0157,4.3521,63.3856
05/10/2024 07:00,1,B,0.4197,70.6663,1.1558,3.9109,0.1673,4.7083,11.6451,1892.7364,42.4829,12.389,4.2341,7.9034,7.6031,0.1623,13.6713,0.2273,3.1816,0.0681,0.9987,157.3424,1.3863,49.8235,1.0761,9.2316,3.9624,0.1529,18.6347,0.3548,0.8463,0.0279,4.4135,48.9499
05/10/2024 19:00,2,A,0.2582,107.6443,1.2298,3.547,0.1495,4.6515,5.4952,3400.0214,39.0037,14.2333,4.14,9.7006,12.1829,0.0538,20.1067,0.2725,3.6268,0.0804,0.4309,283.204,2.1646,51.6482,1.3655,11.1199,2.1145,0.089,25.3115,0.3627,0.8348,0.0204,4.6503,50.4465
06/10/2024 07:00,1,C,0.4196,75.9948,1.6721,2.8424,0.1225,4.5063,12.4146,1706.804,35.5002,13.7491,3.467,9.3386,12.1081,0.1509,16.0646,0.2312,2.6104,0.0493,1.0324,130.2431,1.7597,51.0559,0.9289,10.4681,2.3839,0.1623,18.9613,0.3259,0.6324,0.02,4.0907,63.5309
06/10/2024 19:00,2,D,0.1824,58.3065,0.7663,2.1685,0.1079,3.8723,7.6071,2847.0724,30.9085,9.3481,5.4052,9.71,16.7014,0.0871,8.2926,0.1269,2.0731,0.0178,0.3999,174.2505,0.7585,54.1799,1.0476,9.8211,2.2649,0.0701,13.2645,0.1353,0.3921,0.0192,3.2537,
07/10/2024 07:00,1,C,0.3788,90.19,1.5005,3.4172,0.1631,4.69,10.6378,2385.3288,41.7938,11.5443,5.0181,9.015,9.1069,0.1508,21.2807,0.3848,3.4099,0.0533,0.8899,213.3256,0.9724,50.7509,1.2557,9.9795,3.0949,0.1658,24.9853,0.4048,0.5008,0.0228,4.3925,47.4318
07/10/2024 19:00,2,D,0.1654,88.5547,0.9558,2.3616,0.1196,4.6345,5.3892,3515.0225,33.3555,13.9497,3.086,8.4649,14.7996,0.0946,17.2415,0.123,2.0565,0.0309,0.5761,239.5009,1.2694,50.0201,1.043,9.4064,5.5879,0.0843,21.9332,0.1271,0.3615,0.0104,3.9563,55.7426
08/10/2024 07:00,1,C,0.2959,91.5345,0.9587,3.0632,0.0832,4.8747,8.6895,3694.3986,39.0939,9.3937,2.1158,7.8716,10.6173,0.1007,20.5061,0.1916,2.7432,0.0343,1.0843,242.5054,1.8897,53.8948,0.8825,11.0545,2.3028,0.1131,23.4219,0.2055,0.5151,0.0118,4.4404,54.1853
08/10/2024 19:00,2,D,0.2973,96.9779,0.9767,1.5937,0.0764,4.7761,8.8103,2974.4045,36.0681,12.986,2.5161,10.447,13.4327,0.1342,21.4456,0.1074,1.6766,0.0301,0.6772,185.0827,1.4093,53.1278,0.7105,9.837,2.1421,0.1406,25.7736,0.1581,0.2495,0.0085,4.0038,54.0055
09/10/2024 07:00,1,C,0.2718,62.8836,0.8771,2.9176,0.1117,4.0091,11.4506,2154.4951,45.7288,7.2311,2.5159,6.9536,7.8032,0.1042,14.7737,0.1752,2.4511,0.0497,0.7517,156.1243,1.6734,49.9957,0.7498,8.8668,1.5437,0.1121,17.0632,0.1864,0.4402,0.0172,2.825,50.9094
09/10/2024 19:00,2,D,0.4603,88.1847,1.1314,2.4548,0.0835,5.0957,6.4484,2428.1704,34.4645,19.5126,2.6397,10.0514,9.3392,0.1876,27.0583,0.3114,2.9307,0.052,0.9185,195.9038,1.2579,58.8857,0.9257,9.6761,1.1745,0.2368,39.5415,0.3095,0.3988,0.003,5.2401,51.3484
10/10/2024 07:00,1,A,0.2754,103.399,0.9763,1.7676,0.0633,3.9645,8.1126,3679.2316,33.1982,13.3298,2.1511,8.521,12.2992,0.1213,20.9335,0.1431,1.4982,0.0232,1.0554,385.0343,2.1274,49.7962,0.9281,9.4295,3.4933,0.12,25.5188,0.2013,0.3391,0.0051,3.9235,55.6617
10/10/2024 19:00,2,B,0.2715,78.9852,1.0438,1.868,0.087,4.8816,6.5265,2207.9148,33.1316,13.0029,2.2296,7.6286,16.8564,0.0991,16.0488,0.1313,1.7576,0.0289,0.7395,271.4661,1.6337,52.7163,0.5225,8.3988,2.4606,0.0981,19.3514,0.2051,0.3007,0.0163,4.8809,56.0572
11/10/2024 07:00,1,A,0.4355,89.6222,1.0134,2.4976,0.0605,4.4761,10.2238,3616.0998,32.6459,11.0256,2.097,7.9789,14.8665,0.1691,22.874,0.1035,2.2874,0.0203,0.6763,274.4161,3.0209,49.3396,0.6261,9.7036,6.7905,0.1683,26.9055,0.1876,0.2767,0.0021,4.5037,60.7243
11/10/2024 19:00,2,B,0.4302,94.4107,1.2028,3.6076,0.0915,4.8319,,,,,,,,0.1548,23.3152,0.1902,3.2207,0.0514,0.6465,275.5593,1.0343,48.8624,0.8245,10.3625,3.9749,0.1617,28.2293,0.2733,0.2368,0.0101,4.6893,58.1077
12/10/2024 07:00,1,A,0.3012,81.8277,1.5309,2.1733,0.1311,5.1089,7.375,2345.3504,38.9504,8.9664,2.1971,7.6949,9.1295,0.08,15.5482,0.3276,1.7726,0.028,0.806,215.1236,3.661,50.2037,1.0386,9.6203,3.3244,0.0924,20.7221,0.3069,0.2573,0.0185,4.1701,57.3814
12/10/2024 19:00,2,B,0.6742,79.1813,1.9485,3.9853,0.0991,5.5325,12.9621,1513.387,37.4735,14.6368,2.0181,6.9686,10.1113,0.2107,12.3044,0.3488,2.9884,0.0459,1.343,146.7118,2.3855,49.5494,0.6821,9.0836,5.2874,0.2505,17.7641,0.428,1.2776,0.0271,4.8589,57.3076
13/10/2024 07:00,1,D,0.2269,79.5766,0.5397,1.8111,0.0513,4.7765,5.1318,3096.2454,34.7421,12.9871,2.1468,7.8426,12.8103,0.105,29.3918,0.0545,1.875,0.0173,0.9635,368.7221,1.508,51.6476,0.7218,8.615,2.1308,0.1319,44.0429,0.0889,0.6947,0.0068,4.4705,57.6367
13/10/2024 19:00,2,C,0.1782,106.0269,0.9716,2.1338,0.0807,5.0892,7.7434,3793.8204,34.9734,12.2161,2.7241,9.578,11.8752,0.0638,23.4033,0.0555,1.5652,0.0226,0.5142,291.6964,1.6131,47.6756,1.0227,10.2993,5.4302,0.0687,26.4938,0.1567,0.2248,0.0018,3.9939,52.8556
14/10/2024 07:00,1,D,0.1623,73.6393,0.4552,1.1097,0.0179,4.0915,4.7794,4848.4862,23.9394,10.4,2.0185,8.8974,28.3932,0.0747,15.4879,0.0455,0.9261,0.0064,0.8957,441.2704,1.3597,50.4946,0.8349,8.724,5.7968,0.0811,18.2495,0.0966,0.0849,0.0,3.6008,55.9329
14/10/2024 19:00,2,C,0.2436,61.7054,0.6472,2.584,0.1036,4.5399,7.21,2440.4036,34.3671,9.2539,3.2527,8.3523,15.4303,0.1215,13.419,0.2667,2.4404,0.0672,0.8419,165.6464,1.4024,52.4034,0.9639,10.3168,3.2238,0.0963,15.6965,0.1711,0.4195,0.0187,3.8279,48.1933
15/10/2024 07:00,1,D,0.2405,104.2889,0.7629,2.3117,0.1066,5.4426,9.9769,4155.679,36.7881,15.1158,3.0534,8.786,11.6037,0.1204,29.2935,0.1722,2.1035,0.0564,0.8023,324.2086,1.9264,48.1051,0.8532,9.9047,3.4529,0.1228,37.9901,0.2352,0.5681,0.0211,5.0051,57.3953
15/10/2024 19:00,2,C,0.422,96.8453,1.4218,2.9501,0.1549,5.3653,8.0998,2336.0902,34.0393,12.4413,3.496,7.4394,14.7569,0.1686,13.9168,0.102,2.6845,0.0825,0.6004,182.5827,2.3477,46.6162,0.8918,11.1354,7.6505,0.1585,22.1317,0.178,0.4454,0.0169,4.7698,48.3291
16/10/2024 07:00,1,D,0.5034,85.4303,1.1574,2.393,0.0795,4.5936,8.0009,1898.0748,33.9031,14.7269,2.0609,7.5615,13.7208,0.1935,18.2408,0.1592,2.3792,0.0308,0.9057,148.8949,1.1737,50.4706,0.5851,10.1717,4.5258,0.1906,23.3233,0.2112,0.5742,0.0169,4.5563,53.5732
16/10/2024 19:00,2,C,0.3754,71.7376,0.7972,2.2089,0.1027,4.2422,8.7938,2305.1316,36.8892,12.5722,3.3693,8.0941,10.8378,0.1413,11.8672,0.0461,2.1899,0.0272,1.085,259.8605,1.2812,49.8773,0.8332,7.9381,5.1037,0.1709,17.4511,0.1334,0.3971,0.01,3.9852,55.1557
17/10/2024 07:00,1,B,0.2808,92.4358,0.9003,2.69,0.0503,5.191,7.5913,3137.3481,29.8256,20.0304,2.0606,9.3088,13.9185,0.1285,20.2841,0.1039,2.2994,0.0426,0.7933,255.1753,1.528,53.1987,0.6543,10.2195,3.0897,0.1403,22.6004,0.1426,0.5657,0.0103,4.7436,63.402
17/10/2024 19:00,2,A,0.3308,76.1825,0.9543,2.636,0.1472,4.764,6.1935,2701.5443,29.9931,14.4208,3.6044,10.4061,14.9064,0.1206,22.4091,0.0835,2.2265,0.0426,0.5918,249.0267,1.1091,48.3113,1.1555,13.3916,7.3042,0.1461,25.2625,0.1537,0.4511,0.0194,4.3444,
18/10/2024 07:00,1,B,0.3042,85.9314,1.3402,3.1271,0.0869,5.6626,7.9484,3077.0092,45.5093,12.4682,2.5634,7.5455,9.2903,0.109,17.4083,0.1171,2.061,0.0257,0.705,274.1658,1.3971,50.5767,0.5785,8.6113,2.8048,0.1118,25.4093,0.2145,0.6623,0.0036,4.916,56.3158
18/10/2024 19:00,2,A,0.3556,126.7916,1.0135,2.653,0.0723,5.3624,6.9048,3407.9659,31.2927,16.8701,2.338,9.6286,12.0644,0.1042,18.8827,0.2122,2.4949,0.0523,0.5927,296.6435,1.5788,49.4932,1.3133,10.3587,2.0378,0.1313,28.7302,0.2295,0.6228,0.0146,5.315,54.7824
19/10/2024 07:00,1,B,0.3016,53.3469,1.1208,2.6974,0.134,4.47,9.1475,1601.1797,33.17,11.9857,3.3316,8.8082,14.8989,0.0917,10.2785,0.1622,2.601,0.0371,0.4833,157.0616,1.485,52.2335,0.7817,8.9244,2.5219,0.1274,12.4771,0.2348,0.3113,0.0079,3.6547,47.8362
19/10/2024 19:00,2,A,0.3915,65.0589,1.1948,2.0854,0.0988,5.0288,10.5022,2366.3841,37.4808,12.5948,2.7387,9.7539,15.3232,0.1563,14.6165,0.1515,2.1373,0.0285,0.9804,144.1666,1.0467,49.1941,0.6472,10.138,6.5473,0.1691,16.8921,0.2448,0.3053,0.0033,4.5634,61.6074
20/10/2024 07:00,1,C,0.5924,118.9968,1.3578,3.4931,0.1327,5.2146,9.2296,3006.2496,38.0231,11.4995,2.8561,7.645,12.9791,0.265,28.4674,0.2767,3.3289,0.0541,1.1166,278.5839,1.8514,50.1218,0.8054,9.4244,3.495,0.2744,34.8489,0.3722,0.7935,0.018,5.0387,53.168
20/10/2024 19:00,2,D,0.2162,98.6155,1.2873,2.5517,0.039,4.5781,5.6561,3955.5432,36.4937,10.0957,1.66,8.7298,14.2615,0.1354,19.9421,0.1764,2.2774,0.0241,0.9946,343.0894,1.8441,53.0892,0.7156,9.3501,2.3041,0.1103,25.0577,0.2688,0.4366,0.0001,4.2965,53.4255
21/10/2024 07:00,1,C,0.3023,66.6467,0.9416,2.1614,0.1042,5.4248,7.4017,2255.1317,27.7155,14.8325,2.9816,9.4541,13.4057,0.0837,10.5986,0.0509,1.8776,0.0237,1.0918,244.4833,2.1607,51.0707,0.8563,9.5319,4.1953,0.0978,14.7821,0.1011,0.3847,0.0039,4.6573,52.9664
21/10/2024 19:00,2,D,0.4006,100.4564,0.7908,2.4549,0.0614,4.6655,9.698,2531.0469,39.5747,14.6197,2.0609,7.6376,12.175,0.2408,19.0464,0.1388,2.0434,0.0184,1.1859,318.3508,1.9885,53.115,0.931,9.361,2.4628,0.1921,24.814,0.1659,0.5232,0.0023,4.6469,50.2948
22/10/2024 07:00,1,C,0.407,86.7203,1.2951,3.0312,0.1369,5.1703,7.8991,1861.675,36.3877,14.7174,2.1475,8.5126,11.0699,0.1913,20.4759,0.1617,3.238,0.0651,0.6056,160.1323,0.7914,52.0682,0.8202,10.1569,2.0168,0.2058,25.2616,0.1972,0.4105,0.023,4.4673,58.8565
22/10/2024 19:00,2,D,0.3795,85.3061,2.1207,4.5555,0.0651,5.3253,5.1564,1455.5891,39.811,12.6451,1.1786,5.5153,17.4669,0.1271,11.0577,0.283,3.4548,0.0496,0.8666,161.8974,1.4485,48.851,0.518,9.1759,4.5097,0.1462,17.5021,0.354,0.8022,0.0113,5.1418,57.7834
23/10/2024 07:00,1,C,0.4596,75.1991,1.6555,4.1587,0.1293,4.9743,6.5654,1167.9844,33.7743,12.7245,3.2635,9.6631,14.7088,0.1397,12.8349,0.1368,3.6002,0.0396,0.8656,215.5506,0.9063,51.9402,0.6882,9.9388,1.3819,0.1585,15.8887,0.1725,0.514,0.0024,4.4252,55.3335
23/10/2024 19:00,2,D,0.3589,91.0889,1.124,2.3656,0.1009,4.1162,9.3937,2053.1824,28.9688,14.3222,2.7145,8.4128,18.938,0.1058,13.6064,0.1848,2.1462,0.0358,0.6266,169.5386,1.8287,51.2657,0.8563,10.4819,2.9029,0.1131,18.5182,0.2154,0.3502,0.0166,3.9155,48.7178
24/10/2024 07:00,1,A,0.3036,119.6744,0.9087,3.3342,0.096,4.7937,7.4078,3660.3601,34.3457,12.0279,3.238,8.331,13.4555,0.1151,26.8794,0.2256,3.0145,0.0596,0.6035,299.965,0.9211,51.3895,0.7696,9.7075,2.5815,0.1424,37.6525,0.1633,0.4173,0.0167,4.412,52.3288
24/10/2024 19:00,2,B,0.3985,72.4294,1.0498,2.8679,0.0891,4.5757,8.6147,2418.4319,35.8473,13.3157,1.9243,7.7048,10.9445,0.13,12.3123,0.1487,2.4349,0.0407,1.3142,207.8515,2.2234,51.3085,0.8888,9.4619,2.0565,0.1403,16.769,0.2198,0.4223,0.0139,4.4413,56.949
25/10/2024 07:00,1,A,0.3503,55.4515,0.7817,1.5901,0.0371,4.445,12.4411,2489.6983,33.566,11.8722,2.2601,9.6329,13.1872,0.1175,16.0593,0.0764,1.1094,0.0144,1.2408,255.9127,1.6602,53.2162,0.6788,7.7693,2.0121,0.1403,20.6778,0.165,0.3166,0.0008,4.2202,61.1688
25/10/2024 19:00,2,B,0.3662,95.4073,1.2356,2.8328,0.1067,5.5549,6.8216,1923.671,32.777,14.9495,1.8322,9.1578,17.2174,0.1682,19.2305,0.1721,2.8587,0.043,0.4928,240.1472,1.3412,52.6878,0.7112,8.7274,2.6334,0.1554,26.4367,0.226,0.4434,0.0169,5.0571,54.0512
26/10/2024 07:00,1,A,0.3308,143.641,0.9459,2.4893,0.0867,4.7162,5.4524,3160.3363,25.7621,16.5921,2.1821,9.7656,13.9651,0.0917,26.8629,0.1585,2.3472,0.0398,0.6826,234.3697,1.2365,52.4589,0.6861,9.9569,3.3568,0.1326,38.19,0.1728,0.5061,0.0284,5.2208,
26/10/2024 19:00,2,B,0.4309,79.6006,1.0827,2.2333,0.1007,3.5267,8.8989,2635.1977,41.3672,10.7582,1.9587,7.4645,15.378,0.1631,21.1418,0.1858,2.0325,0.0332,1.0991,248.6368,1.5339,51.7719,0.682,8.2605,2.3654,0.1891,22.7703,0.1995,0.4048,0.0158,3.478,57.0169
27/10/2024 07:00,1,D,0.341,81.2915,0.7656,1.8737,0.1033,4.435,10.204,3942.939,33.234,13.768,4.1107,9.3656,11.5564,0.1017,17.0091,0.1018,1.9366,0.0351,0.6647,256.2581,1.41,52.5092,1.0652,9.1497,1.5651,0.1439,21.2036,0.1142,0.2108,0.0082,3.6712,53.2918
27/10/2024 19:00,2,C,0.4086,76.0907,1.3191,3.7592,0.1362,5.8056,11.4576,1989.8038,34.9945,13.7875,3.3471,10.2612,10.2828,0.1354,15.7969,0.1942,2.7261,0.0425,0.7055,229.0062,1.3609,49.6108,0.8359,10.1247,4.0649,0.1381,17.7006,0.2299,0.6481,0.0117,4.6788,48.6798
28/10/2024 07:00,1,A,0.3131,61.6665,1.2585,3.6318,0.1777,5.4006,9.9113,1837.4062,41.0786,10.2247,3.0365,7.8089,8.8515,0.1328,21.7824,0.2062,3.2605,0.0531,0.9052,235.8768,2.808,48.269,0.9521,11.0786,2.1367,0.152,35.7582,0.2526,0.4591,0.0181,5.1372,50.9202
28/10/2024 19:00,2,B,0.338,82.9502,0.807,2.117,0.0955,4.2785,9.4151,2982.7124,36.0587,15.5559,3.1295,9.8505,8.7466,0.0943,10.2146,0.1006,1.7994,0.0248,1.1148,186.3084,2.0214,51.1403,0.8651,11.2487,3.0985,0.113,14.0543,0.1642,0.3492,0.0209,3.818,56.2483
29/10/2024 07:00,1,A,0.3146,68.855,0.9697,2.2408,0.0611,4.6668,5.9564,1885.1344,32.838,17.3432,2.1697,10.1074,16.4638,0.1628,15.6418,0.1005,2.0242,0.0227,1.6981,279.9798,1.9227,49.3528,0.8447,9.7579,5.2601,0.1518,20.6372,0.1849,0.3627,0.0076,4.3157,65.8272
29/10/2024 19:00,2,B,0.3921,100.9375,1.4553,4.443,0.1489,5.4215,7.2475,2389.6552,29.684,14.3232,2.7972,10.269,16.6854,0.1179,17.868,0.3722,3.375,0.0996,0.6344,208.1127,1.8536,52.4118,0.9152,10.4398,1.7992,0.1323,27.1623,0.3525,1.1353,0.035,4.9884,51.0771
30/10/2024 07:00,1,A,0.2799,105.7368,0.733,2.4864,0.0534,4.4532,9.2236,3509.665,32.847,14.1524,2.3046,8.4647,12.4505,0.1416,29.7649,0.1809,2.4772,0.041,0.8668,315.1377,1.1653,51.2141,0.8188,11.1433,5.3443,0.1674,31.7261,0.1742,0.5734,0.0079,3.9641,52.311
30/10/2024 19:00,2,B,0.271,127.1219,0.7869,2.0568,0.0513,4.5558,6.861,4393.8677,29.5672,13.5585,1.7347,8.7779,13.4708,0.0992,29.3519,0.2032,1.8977,0.0375,1.0095,370.9038,1.9723,51.8507,0.8431,9.2853,2.0152,0.1106,35.7051,0.2603,0.5627,0.0175,4.4635,60.9362
31/10/2024 07:00,1,C,0.2682,102.0932,1.0815,2.712,0.1163,5.7867,10.219,2912.8954,30.4794,12.4655,3.9263,9.4518,15.1002,0.0793,19.8047,0.3239,2.4097,0.0588,0.7301,224.8396,1.3102,48.6299,1.1633,10.2731,6.2373,0.097,25.0249,0.2465,0.527,0.0171,5.1103,54.2908
31/10/2024 19:00,2,D,0.2518,83.6572,0.9156,1.9088,0.1377,3.4778,8.0189,2145.721,33.655,9.7995,3.2804,8.5628,14.0301,0.1069,17.7598,0.1839,1.6186,0.0466,0.7857,171.2445,2.2446,50.9974,1.096,8.3274,2.6724,0.0875,21.0924,0.2604,0.3865,0.029,3.4964,50.2763
01/11/2024 07:00,1,C,0.1947,83.6571,0.5634,1.108,0.0293,3.8121,6.1245,4043.6091,33.7302,11.75,1.2448,9.2789,16.4267,0.0612,18.1368,0.0421,1.0437,0.0124,0.7272,395.8795,1.536,53.4185,0.5204,8.7215,2.1879,0.109,22.2304,0.0956,0.1536,0.0,3.9096,63.4417
01/11/2024 19:00,2,D,0.2925,133.2326,0.726,2.6374,0.0927,4.9844,6.9287,3850.3206,29.7143,13.0118,2.3569,8.4909,13.3131,0.1026,25.9462,0.1379,1.617,0.0347,0.7889,292.6613,0.8793,50.4479,0.6897,8.9068,5.7385,0.1151,33.3447,0.1671,0.4749,0.0133,3.7503,51.0428
02/11/2024 07:00,1,C,0.2842,88.4825,0.9108,2.9471,0.0896,4.4185,6.2233,2441.2895,37.5233,12.2161,2.2009,6.3312,12.0853,0.1337,15.3501,0.1803,2.8255,0.059,0.573,243.0044,0.595,55.3998,0.913,7.4983,0.7989,0.1209,22.0195,0.2073,0.47,0.0191,4.0427,51.1363
02/11/2024 19:00,2,D,0.3059,105.2861,1.1892,2.4338,0.0605,4.3874,5.9828,2886.3681,35.4123,11.7199,1.6307,8.0855,18.379,0.1152,22.2168,0.2403,1.7174,0.0285,0.5496,192.1941,1.2248,51.5762,0.7071,10.0863,4.025,0.1249,25.558,0.2941,0.3157,0.0094,4.1282,49.8882
03/11/2024 07:00,1,A,0.304,104.3215,0.9323,1.9606,0.0402,3.7576,5.9176,4012.5901,39.6044,11.897,2.3804,8.5422,11.917,0.0995,26.0817,0.1115,1.3351,0.0075,0.6074,250.3665,1.2081,51.2631,0.9947,10.4747,2.511,0.1462,29.8108,0.1412,0.2618,0.0023,3.1788,56.9667
03/11/2024 19:00,2,B,0.298,72.7388,0.8365,1.9616,0.0921,5.4665,7.8594,3151.635,37.5805,15.6834,2.6838,10.0359,10.6487,0.1326,24.7239,0.1667,1.9185,0.0242,1.2348,274.7346,1.9029,54.427,0.8659,10.5964,1.0104,0.1494,27.4321,0.171,0.4403,0.0098,4.8965,53.7201
04/11/2024 07:00,1,A,0.4811,62.7372,1.4083,3.2922,0.1021,4.6875,5.4112,1174.6205,30.9376,11.4314,2.7352,9.4259,19.1277,0.1548,18.9698,0.2678,2.6206,0.0395,0.9756,190.2381,1.2426,51.0928,0.948,8.8372,3.5629,0.1979,21.4233,0.3535,0.8291,0.0202,3.8809,58.85
04/11/2024 19:00,2,B,0.2029,44.9125,0.5974,2.3424,0.0943,5.5448,9.7552,2580.5066,34.5635,14.2445,3.0131,8.5705,9.074,0.0916,11.1986,0.158,1.5183,0.0243,1.041,313.1425,1.822,49.2123,0.9931,10.8937,3.4521,0.1151,14.2502,0.1963,0.4538,0.0228,4.7121,55.0486
05/11/2024 07:00,1,A,0.3559,89.7304,0.5531,2.5004,0.0808,4.6611,12.526,3087.5407,35.4641,14.9579,3.0888,8.2381,14.223,0.1534,25.431,0.123,1.7651,0.0367,0.8265,319.4033,1.2846,52.7995,1.2266,10.8084,1.3526,0.1627,29.1131,0.1093,0.3152,0.0133,4.6235,54.7499
05/11/2024 19:00,2,B,0.5151,128.3757,1.3004,2.8669,0.054,5.8089,5.2434,3962.7834,33.4104,13.186,0.4418,7.62,27.2486,0.1704,18.2153,0.1527,1.9708,0.0289,0.9693,229.1467,1.205,49.3742,0.4643,9.8708,8.7056,0.2014,25.8983,0.2166,0.4932,0.0118,5.0783,55.8216
06/11/2024 07:00,1,A,0.2607,99.6768,0.8211,1.8106,0.0722,4.1326,5.7205,3277.9466,26.8647,14.1394,2.8284,8.1237,18.426,0.0986,16.4741,0.1644,1.3206,0.0244,0.486,240.2999,2.2404,45.7991,0.9809,10.2972,8.986,0.0961,22.0577,0.1689,0.2639,0.0027,4.0873,45.9837
06/11/2024 19:00,2,B,0.6384,55.4754,1.6716,3.737,0.1733,5.3856,12.1945,1547.4156,39.1939,7.1061,4.5459,7.4203,10.9654,0.2046,13.3481,0.3759,2.8631,0.0674,1.0387,122.5524,1.9906,49.5142,0.9996,9.6492,3.3441,0.2222,16.9964,0.413,0.976,0.0291,4.94,53.7101
07/11/2024 07:00,1,C,0.3343,72.0685,1.7159,3.7798,0.0883,4.9329,7.6688,1860.1684,37.4035,8.7366,2.0017,7.5174,12.7846,0.0949,16.7004,0.4374,3.7659,0.058,0.4553,139.1828,1.8384,53.7662,0.9004,8.7693,2.2368,0.1181,18.7742,0.4918,0.8206,0.0178,4.9418,50.7629
07/11/2024 19:00,2,D,0.2859,66.3048,1.3023,2.715,0.0444,4.7274,7.1264,1819.7828,31.7914,12.3073,0.9581,6.1669,16.1373,0.1438,10.1824,0.1155,1.9405,0.0168,1.1433,119.8773,1.2818,46.8434,0.4891,9.3386,7.4196,0.1463,17.1238,0.1854,0.3738,0.0019,4.6257,60.2865
08/11/2024 07:00,1,C,0.1791,114.7397,0.4145,1.2507,0.0378,4.0299,5.1251,6197.6052,33.6897,8.1675,1.1787,7.4598,20.209,0.1169,29.8926,0.1043,1.9611,0.0299,0.7199,437.9107,1.6841,51.1316,0.8052,9.357,2.2993,0.0907,31.6147,0.1073,0.2621,0.0049,3.8737,52.4345
08/11/2024 19:00,2,D,0.3891,105.7522,1.2415,2.6582,0.1285,5.3191,7.9629,2659.1634,40.3547,15.279,3.8824,9.341,9.9514,0.1455,21.77,0.3515,3.2627,0.0669,0.6806,229.8776,2.2103,48.6364,0.9749,9.0417,3.3341,0.1502,27.1687,0.2844,0.3609,0.0249,4.6448,56.1333
09/11/2024 07:00,1,C,0.2328,80.8337,1.2154,3.6421,0.1287,4.5419,7.1246,2026.4952,38.3339,14.4264,3.4869,9.0661,8.8771,0.0833,12.4874,0.2625,3.008,0.0437,0.597,181.5065,1.4636,47.5883,1.0302,9.6836,3.9004,0.0827,17.5365,0.3005,0.6943,0.017,3.5802,57.3848
09/11/2024 19:00,2,D,0.3776,73.8825,0.7014,1.4054,0.0669,4.271,11.0662,2458.815,32.8739,14.3591,2.036,7.8866,13.96,0.1038,13.1725,0.0582,1.3924,0.0209,1.0131,341.7947,1.1066,52.8208,0.5802,8.8821,2.8284,0.1137,17.494,0.0951,0.2817,0.0073,3.7742,56.4758
10/11/2024 07:00,1,B,0.3346,109.8162,1.1534,3.0058,0.1291,4.9581,6.3115,2839.7883,30.4783,17.6987,3.7877,9.7633,9.5166,0.1198,23.3208,0.1317,2.1589,0.0667,0.7394,244.6964,1.2461,46.8012,0.7526,10.4328,7.5929,0.1474,30.4587,0.1799,0.5205,0.0248,4.5752,49.8651
10/11/2024 19:00,2,A,0.3848,105.1428,1.1019,2.5162,0.1661,5.3783,14.0447,3601.1615,39.4664,14.0509,5.0831,8.7976,11.4512,0.0978,13.2778,0.0681,2.0164,0.0587,0.6277,234.0195,1.0119,46.5865,1.285,10.4402,4.3046,0.1165,19.7932,0.1477,0.1547,0.0121,4.4302,52.0249
11/11/2024 07:00,1,B,0.4025,74.9358,0.9352,2.1081,0.088,4.3302,9.3802,2602.6238,36.5714,12.0173,3.7921,8.5565,11.6844,0.1323,19.4362,0.1914,2.0884,0.0394,1.1217,334.9635,1.7678,49.5649,1.3865,10.0063,2.6657,0.149,23.7402,0.223,0.4322,0.0125,4.6483,46.7913
11/11/2024 19:00,2,A,0.3788,85.263,1.3168,3.4152,0.1649,4.6368,11.1873,2542.2791,28.9036,13.6978,4.8462,8.5282,14.0849,0.1198,14.4095,0.1559,3.7348,0.0724,0.8447,221.4707,1.5523,54.7334,0.8665,9.3956,2.133,0.1219,19.4132,0.3038,0.8693,0.0307,4.2972,
12/11/2024 07:00,1,B,0.3566,66.7752,1.062,2.4475,0.0915,4.8993,9.487,2564.2309,32.2622,14.5065,3.2508,7.3754,16.1451,0.1156,13.3726,0.094,2.4941,0.0562,1.0719,188.4228,1.1765,53.3281,0.9523,8.5836,2.8844,0.1571,16.2787,0.1728,0.2172,0.0142,4.6382,58.4708
12/11/2024 19:00,2,A,0.236,99.6395,1.0549,1.9384,0.1018,4.8018,7.4754,3776.9175,34.0086,13.6548,4.6857,11.1224,13.4889,0.1096,18.8828,0.0833,1.7292,0.0262,0.5767,222.5984,1.4812,52.1387,0.9577,10.1531,2.8626,0.0934,24.7083,0.1711,0.3204,0.011,4.5289,51.4662
13/11/2024 07:00,1,B,0.4638,103.9963,1.7055,3.972,0.0955,5.5442,8.595,2020.9989,40.1879,18.0903,2.0695,8.606,9.7441,0.219,17.7029,0.2584,3.4148,0.0474,1.2773,121.4342,1.2752,51.7076,0.7425,9.761,4.8298,0.2187,23.1955,0.2863,0.9017,0.0137,4.9268,52.746
13/11/2024 19:00,2,A,0.4262,149.2231,1.604,4.5682,0.1988,6.1725,7.7287,3236.8559,34.2381,14.2196,3.8018,10.8394,12.3099,0.1238,25.4168,0.2595,2.8919,0.0573,0.9392,267.0016,2.1387,51.2249,1.081,10.9539,2.8029,0.1656,37.2651,0.2834,1.4388,0.0328,5.436,61.8769
14/11/2024 07:00,1,D,0.1429,57.4322,0.5729,2.0713,0.0467,4.5999,7.4787,2556.4286,38.199,13.5942,2.7276,10.2136,12.9945,0.1073,20.32,0.1555,2.1948,0.0435,0.8475,272.3466,1.7852,53.193,0.9539,9.2945,1.8612,0.077,25.3765,0.1884,0.3562,0.0137,4.2401,
14/11/2024 19:00,2,C,0.4308,108.6132,2.255,4.7214,0.1224,4.7975,8.2117,1700.0191,37.577,11.2514,2.1081,5.8501,20.4225,0.1302,16.182,0.2012,4.5977,0.0544,0.5908,173.6946,1.1018,56.2762,0.719,9.7074,2.9084,0.1614,21.6106,0.2701,0.5492,0.0146,4.4194,
15/11/2024 07:00,1,D,0.5716,73.453,0.9734,2.5036,0.0625,5.5179,15.9496,2176.6723,31.8005,15.9426,2.4962,8.8286,13.4371,0.1614,14.6131,0.2601,2.4693,0.0365,1.2088,218.6032,0.8737,50.9805,0.8894,10.6212,3.4179,0.1926,18.5999,0.2653,0.556,0.013,4.9571,50.828
15/11/2024 19:00,2,C,0.2373,75.0225,0.9937,2.8452,0.0642,3.6531,5.9301,2814.0599,29.3308,15.4537,3.2999,10.153,12.1659,0.071,9.2091,0.1692,2.4373,0.0275,0.7974,212.9662,1.6188,50.7709,1.0019,10.1792,2.5004,0.0943,16.0363,0.2196,0.4298,0.0144,3.021,53.6887
16/11/2024 07:00,1,D,0.3611,75.2052,0.8136,3.2289,0.1259,4.4575,11.6236,2614.2595,36.6708,13.6926,4.9092,8.9729,10.667,0.1113,15.7828,0.1966,3.252,0.0774,0.7874,243.2091,1.2969,53.8148,1.0857,11.897,1.5562,0.1646,20.1638,0.2103,0.2845,0.0241,3.7925,56.4791
16/11/2024 19:00,2,C,0.2991,69.9862,1.1478,2.5314,0.0769,4.8046,15.1595,2334.1789,35.4203,10.0698,2.336,9.746,17.2856,0.1301,19.8676,0.3133,1.651,0.0258,0.8513,273.2564,2.1218,52.3815,0.7836,9.1081,1.9515,0.1402,26.4178,0.3601,0.8661,0.0214,4.4601,61.2023
17/11/2024 07:00,1,A,0.5207,66.3123,1.6847,3.95,0.1482,5.4092,8.995,1627.183,32.8759,9.8037,2.4547,8.5956,23.8639,0.1633,13.5921,0.2859,3.0547,0.0734,0.6731,125.8681,1.4154,47.5292,0.9422,9.0485,5.1351,0.1793,18.9454,0.4101,0.5728,0.0218,4.7196,52.3979
17/11/2024 19:00,2,B,0.5235,84.723,1.8323,2.9888,0.1499,4.8887,8.3704,1798.1295,30.2659,12.3812,2.4603,9.5447,21.2842,0.2178,13.3642,0.2066,2.6055,0.0258,1.244,245.2961,1.3174,45.9182,0.8321,11.4584,7.7765,0.2294,22.7416,0.3067,0.4325,0.009,4.298,52.6368
18/11/2024 07:00,1,A,0.2502,60.8422,0.7664,1.4015,0.0544,4.8546,6.6859,2358.7673,37.8882,7.8326,1.2895,7.4813,16.1867,0.1549,15.3095,0.0628,1.1555,0.0209,1.1268,271.3932,2.2038,49.6748,0.6211,8.7332,3.9154,0.1317,18.4811,0.0826,0.1354,0.0,4.3199,64.2863
18/11/2024 19:00,2,B,0.5508,112.8209,1.3131,2.9933,0.0932,5.4233,5.6163,1937.6525,30.7431,12.4459,1.3715,7.3219,17.5379,0.1604,13.8736,0.085,2.5007,0.0158,1.2721,276.9161,1.0073,48.3411,0.4788,9.629,4.1477,0.2165,22.2601,0.1503,0.5449,0.0006,4.7816,
19/11/2024 07:00,1,A,0.3618,81.1349,1.4644,3.9182,0.1153,5.6799,6.4414,1509.1639,33.3243,10.5909,1.0574,7.4209,16.1401,0.1415,22.2588,0.1836,3.18,0.0499,0.7044,230.5678,2.1938,54.0094,0.7781,9.682,1.5541,0.1911,27.1115,0.2309,0.5181,0.0176,4.4656,51.9847
19/11/2024 19:00,2,B,0.2757,108.9478,1.3459,3.6603,0.1113,4.7841,4.1468,2384.8079,41.0595,7.9569,1.9202,6.8944,11.967,0.1231,29.0915,0.1993,2.6407,0.0362,0.746,273.7473,2.3282,47.0537,0.8786,8.1091,7.4219,0.1408,39.0242,0.2442,0.4665,0.0184,4.1884,60.1564
20/11/2024 07:00,1,A,0.5035,120.1228,1.4125,2.2883,0.1047,6.3612,10.9692,4886.4215,42.5797,10.1105,2.0497,8.2881,11.8218,0.2191,25.0648,0.1516,2.142,0.0375,1.0264,273.9273,1.3379,55.5276,0.6941,9.2316,2.2506,0.2273,30.4649,0.2574,0.4414,0.0165,5.0466,60.7853
20/11/2024 19:00,2,B,0.49,132.4839,1.532,2.8406,0.0478,4.2121,9.2476,3732.4548,45.1496,8.1911,1.2246,6.6049,13.848,0.1523,18.7448,0.1522,2.4984,0.0143,1.4575,262.127,0.8778,52.4792,0.5137,6.767,1.5831,0.1787,28.2581,0.2883,0.6066,0.0154,4.1994,55.3918
21/11/2024 07:00,1,C,0.3139,84.7077,1.1483,3.1764,0.1618,4.8231,7.5492,2947.7429,39.4934,9.803,3.5693,7.7188,8.9838,0.0983,14.7138,0.2496,2.1929,0.0568,0.357,260.979,2.4417,49.1373,1.2232,8.8763,3.3756,0.1222,21.0901,0.2542,0.6089,0.0216,4.5585,46.9597
21/11/2024 19:00,2,D,0.4425,92.9287,0.9776,2.4248,0.1133,5.1409,10.1831,3465.2104,35.8754,13.9857,3.4823,9.7628,14.7058,0.1704,18.6653,0.1687,2.6037,0.0376,1.0259,272.531,1.3114,51.1958,0.5651,10.3079,3.5907,0.1794,22.958,0.2423,0.3005,0.0044,4.5072,52.7923
22/11/2024 07:00,1,C,0.243,71.8513,1.0128,2.8999,0.0937,4.4962,7.8096,2891.9992,31.6522,13.4729,3.0731,9.3013,16.3609,0.0941,16.6185,0.333,2.6103,0.0476,0.6649,239.5441,1.2485,48.3234,1.0676,10.8477,7.213,0.0949,18.7756,0.3225,0.6088,0.0133,4.2575,47.6995
22/11/2024 19:00,2,D,0.227,125.8161,0.8538,2.3904,0.1026,4.9283,13.3828,4637.2013,41.0692,13.6226,4.144,8.9065,8.0693,0.1258,23.9712,0.2878,1.6278,0.0371,0.9639,319.845,3.0268,50.5037,0.9542,9.5717,2.7302,0.1103,33.4615,0.3331,0.3714,0.0265,4.3452,58.7278
23/11/2024 07:00,1,C,0.1466,70.0163,0.2179,0.783,0.049,4.1315,8.5771,5721.4074,36.0582,13.7201,4.2347,9.839,11.8173,0.0924,16.8201,0.037,0.7259,0.0075,1.007,475.2719,0.7814,51.5304,1.0092,9.4117,4.6358,0.0737,17.7755,0.0362,0.0824,0.007,4.1248,65.9768
23/11/2024 19:00,2,D,0.4752,62.5515,1.6779,2.566,0.1191,5.1685,14.0596,1633.3887,38.5636,13.2233,3.2696,7.1608,10.6365,0.1526,10.9085,0.1984,2.126,0.0288,1.2023,197.8316,1.5728,52.2488,0.8346,10.726,2.0108,0.1732,14.312,0.3177,0.5389,0.0194,4.4421,48.1597
24/11/2024 07:00,1,B,0.7507,112.6145,2.4506,4.4312,0.1589,5.773,10.3195,2262.3344,38.4427,7.9242,1.9964,6.0028,17.2085,0.213,18.2851,0.3804,4.7879,0.0507,0.6361,159.5883,0.9497,50.1071,0.8948,10.2389,3.841,0.2554,24.8698,0.5103,0.7154,0.0208,5.0675,51.4801
24/11/2024 19:00,2,A,0.5439,61.2978,1.1332,1.8574,0.0885,4.8886,14.9417,2400.5345,37.7607,11.1626,2.8226,6.8995,13.8621,0.2264,15.9801,0.165,1.4199,0.0415,1.5061,301.627,2.1262,49.4611,0.7474,9.9859,6.1497,0.2203,18.3709,0.2044,0.4255,0.0109,4.366,47.8367
25/11/2024 07:00,1,B,0.3476,110.5804,0.8886,2.2056,0.0693,3.9522,6.6782,2735.173,36.7745,14.2381,1.6617,7.2779,16.1278,0.1816,23.7237,0.1328,2.0827,0.0139,1.3249,253.8642,1.9502,47.1434,0.6573,10.0346,6.0151,0.1754,29.4858,0.1799,0.5821,0.0021,4.3757,53.3785
25/11/2024 19:00,2,A,0.4355,71.6119,1.1754,1.9987,0.1358,4.9291,10.7578,1944.1461,34.8869,11.2104,3.3189,8.8879,9.5462,0.1614,13.9323,0.1755,2.1945,0.0438,0.894,297.1771,2.1084,51.9797,1.0174,10.5918,2.7355,0.1602,18.968,0.2266,0.2429,0.0219,4.5516,55.1885
26/11/2024 07:00,1,B,0.7926,52.8721,2.2154,5.0059,0.2812,5.864,11.8395,792.0434,38.6771,11.7257,3.1111,7.7845,14.8075,0.1994,9.6714,0.2295,4.1978,0.0757,0.6193,93.5526,2.0219,48.7146,0.8537,9.5656,3.3408,0.2671,14.7154,0.368,0.6847,0.0158,5.0095,60.9261
26/11/2024 19:00,2,A,0.3121,74.6151,1.0947,2.6272,0.0877,4.3133,9.3087,2145.4767,42.0259,8.5584,2.4525,6.563,10.951,0.1628,20.7878,0.3,2.1715,0.0382,1.3487,203.2831,2.0956,50.4778,0.8922,8.1016,2.8552,0.1668,22.1261,0.2981,0.7797,0.0152,4.246,56.456
27/11/2024 07:00,1,B,0.2192,62.57,0.4429,1.6619,0.0717,4.984,8.8481,2735.7189,32.5705,11.4434,2.382,9.145,17.1327,0.1029,11.3119,0.0933,0.9991,0.0179,1.0027,368.095,1.6766,50.152,0.8484,10.0272,2.9244,0.0878,17.4028,0.0987,0.192,0.0011,4.1226,55.3899
27/11/2024 19:00,2,A,0.3054,84.5381,0.8779,2.4431,0.024,5.0659,5.3097,3049.5653,30.62,11.2712,1.44,8.1197,19.3797,0.078,22.2091,0.0759,1.8863,0.0202,0.5011,307.8773,1.1827,49.9484,0.706,9.7191,7.1248,0.0847,30.1424,0.1454,0.4331,0.0086,4.3739,56.9332
28/11/2024 07:00,1,D,0.2693,77.1749,0.5235,1.6809,0.1058,3.7627,9.4845,4107.5428,36.3128,7.0189,4.4453,9.0467,14.3541,0.0948,18.8543,0.1259,1.3466,0.0275,0.8604,323.0944,1.556,53.0352,1.2318,8.3248,1.6882,0.1035,23.2812,0.1349,0.406,0.0204,3.3777,55.9444
28/11/2024 19:00,2,C,0.5851,106.5329,0.971,1.6525,0.0543,4.6717,12.6414,4000.5362,28.3995,12.6069,3.3992,9.7513,18.5044,0.1604,18.9896,0.0465,1.0426,0.0133,1.0483,301.3682,1.6481,49.6183,0.9633,10.8281,1.9939,0.193,23.2584,0.0907,0.2304,0.0114,4.1031,65.3037
29/11/2024 07:00,1,D,0.2002,109.1626,0.8737,2.8916,0.0961,4.3142,7.348,3159.2361,40.3426,10.6555,2.7252,7.6082,7.7025,0.0962,21.9649,0.1727,2.7035,0.0399,0.8484,352.4023,2.2345,51.2941,1.2476,10.849,2.1034,0.0824,31.8429,0.1748,0.1889,0.007,3.6789,51.5153
29/11/2024 19:00,2,C,0.1822,67.8639,0.7779,1.6629,0.0437,4.4458,6.4111,3247.9636,28.329,14.3084,1.4953,9.4237,19.2803,0.1316,27.2437,0.0984,1.5973,0.032,0.8015,343.1231,2.652,51.1853,0.7535,10.3394,3.7316,0.113,39.1741,0.1738,0.4725,0.0124,3.7478,53.8904
30/11/2024 07:00,1,D,0.3241,71.3185,1.1176,2.4145,0.1279,4.9127,5.535,2649.7793,34.707,12.4371,2.9458,8.8512,17.9264,0.1825,20.1504,0.286,2.6593,0.0586,0.6976,209.2562,1.7963,50.2316,1.2518,11.3036,5.2452,0.1913,22.3497,0.3124,0.4158,0.0198,5.0265,
30/11/2024 19:00,2,C,0.5135,111.8182,1.0859,2.3122,0.1146,5.1988,7.9689,3214.3471,35.0331,14.8621,3.0019,10.0836,11.3883,0.135,15.8874,0.1166,1.9575,0.0338,0.7867,252.8943,1.8113,50.9964,0.9283,11.4158,1.7682,0.1525,23.9118,0.1742,0.4263,0.0249,4.8581,57.5302
01/12/2024 07:00,1,A,0.3595,119.4811,1.134,2.43,0.1674,5.2367,9.4805,2198.9327,35.4028,14.0258,2.4178,9.0265,13.456,0.1103,17.9375,0.1399,1.7622,0.0239,0.9197,238.5744,1.2661,52.3531,0.7486,10.2904,2.7158,0.1106,24.9596,0.204,0.8185,0.0143,5.1317,54.6102
01/12/2024 19:00,2,B,0.2712,69.6952,0.8777,1.9845,0.0741,4.6653,7.1507,3065.0586,33.0198,14.4101,3.0922,10.4283,11.6254,0.1184,11.7387,0.1099,2.2397,0.0353,0.7989,177.314,1.658,48.5081,1.0717,11.3646,4.5019,,,,,,,54.8597
02/12/2024 07:00,1,A,0.3253,114.641,0.5686,1.817,0.0634,4.1763,9.0143,4067.2171,32.1559,13.1414,3.4172,9.209,16.5877,0.133,18.801,0.1072,0.9766,0.0292,0.8876,243.7287,1.2222,50.3899,0.844,10.0448,3.0009,0.1486,25.0786,0.1018,0.2666,0.0019,3.5884,57.0621
02/12/2024 19:00,2,B,0.3127,95.7852,1.214,3.9858,0.0573,5.5806,6.2332,3204.5874,32.1524,12.8147,1.4169,7.072,20.6245,0.1472,27.2705,0.2346,2.9924,0.0448,1.0381,248.9327,1.0607,48.437,0.5832,9.4317,8.6366,0.1542,26.8621,0.3091,1.1049,0.0182,4.6144,54.2814
03/12/2024 07:00,1,A,0.1608,95.4407,0.4757,0.8798,0.0209,3.7564,5.1189,5870.2601,38.2138,9.4267,1.9146,8.5795,15.1753,0.0704,29.7798,0.1151,1.0443,0.0144,0.7737,511.0633,1.9965,50.6773,1.0578,9.243,3.0813,0.0841,34.9721,0.1703,0.1998,0.0124,3.9259,56.5956
03/12/2024 19:00,2,B,0.4652,124.6064,1.2182,2.5101,0.0646,4.8305,8.0632,3012.9259,35.809,8.9902,0.9919,6.6049,20.8791,0.1347,21.7258,0.151,2.6741,0.0395,0.8398,235.7624,0.6851,53.1935,0.4897,9.4508,2.7695,0.1903,29.6229,0.1935,1.4231,0.0108,4.6808,55.0184
04/12/2024 07:00,1,A,0.2921,92.1149,0.4379,1.3785,0.0685,4.7143,7.4574,4794.6274,32.588,12.3442,2.1983,7.8323,14.413,0.0924,18.6221,0.0427,1.2594,0.0174,1.063,348.4222,1.065,50.3143,0.7444,8.941,6.218,0.1254,23.7072,0.0656,0.2775,0.0063,3.6697,60.9278
04/12/2024 19:00,2,B,0.2896,71.1257,0.6563,1.7248,0.0846,4.6398,9.2568,2549.8343,30.3171,13.9443,2.6483,8.2042,16.7256,0.1116,14.65,0.1226,1.4433,0.0218,0.858,177.5637,1.055,50.6182,0.8454,6.7348,5.8494,0.106,18.3932,0.1383,0.1493,0.0028,3.8537,57.6587
05/12/2024 07:00,1,C,0.3718,91.2454,1.5573,3.1206,0.1474,4.4077,10.4999,2274.4619,45.4318,12.0417,3.1251,8.0814,11.2743,0.161,23.226,0.3609,3.5377,0.0588,0.6289,193.8856,1.3659,51.3334,0.8654,9.7707,4.814,0.1487,24.6115,0.3374,0.6196,0.0139,4.435,50.3576
05/12/2024 19:00,2,D,0.4487,94.0186,1.1365,1.9334,0.1061,4.162,9.8577,3130.4424,41.6953,13.4024,2.253,8.3134,6.557,0.1432,17.0411,0.122,1.6237,0.0151,1.405,291.9085,3.1339,49.5987,0.7472,10.5578,2.4737,0.1403,20.5955,0.1391,0.3928,0.0195,3.6721,61.4872
06/12/2024 07:00,1,C,0.3971,88.2478,1.0736,2.8622,0.0993,5.3702,10.8907,3659.249,40.5656,9.776,2.1309,5.9701,15.5881,0.2221,21.6694,0.188,2.5383,0.0498,1.0993,207.3026,1.4437,51.8587,0.7127,9.9725,4.5042,0.2111,27.9114,0.2406,0.3359,0.0238,4.928,52.511
06/12/2024 19:00,2,D,0.2901,95.5277,0.7265,2.8226,0.0972,4.6556,11.6321,2704.8804,27.1438,17.2321,1.5319,8.8445,14.8089,0.137,16.9643,0.1196,2.8413,0.0432,,,,,,,,0.1195,24.33,0.1334,0.3512,0.0085,3.8458,57.1727
07/12/2024 07:00,1,C,0.2104,75.0684,0.5802,1.0253,0.0525,3.8524,6.3128,4113.8872,26.5532,12.4418,3.1545,10.32,15.9727,0.066,14.5305,0.1148,1.0832,0.0235,1.2965,412.0915,1.3746,53.4896,1.1681,7.9739,1.4993,0.1037,20.5197,0.135,0.1547,0.0021,3.3701,50.7548
07/12/2024 19:00,2,D,0.3294,63.1741,0.8559,2.3982,0.0663,4.3506,10.4129,2866.6484,32.549,11.2941,2.4704,8.2944,14.5658,0.1332,15.93,0.0932,1.7851,0.0235,1.2969,234.1479,1.2098,52.0752,0.7489,7.3197,1.7575,0.1254,16.5892,0.1348,0.4898,0.0089,4.1092,51.7628
08/12/2024 07:00,1,B,0.3467,90.6754,0.8085,1.5891,0.1138,4.4567,7.5539,2255.3939,31.6384,14.5436,2.7149,9.4319,12.8868,0.1275,19.3222,0.1607,1.6872,0.0349,1.3951,274.8959,2.3868,50.5048,1.1663,9.9588,2.0613,0.1521,23.2398,0.196,0.3373,0.0154,4.2498,50.1054
08/12/2024 19:00,2,A,0.2917,75.4986,1.8317,3.6662,0.0715,5.2551,4.3631,1492.1632,36.0531,15.4375,1.4916,8.3462,19.6478,0.118,14.4242,0.326,3.1252,0.042,0.5868,96.6878,1.2597,51.8858,0.6872,10.6198,1.9548,0.1298,18.9673,0.3475,0.956,0.0202,4.4757,53.7581
09/12/2024 07:00,1,B,0.6926,77.4831,1.3984,2.7165,0.1185,5.4471,13.2176,2227.4262,32.1068,12.9443,2.2654,7.5831,12.5176,0.2051,13.4324,0.2717,2.4873,0.0541,1.1481,147.3906,1.305,51.9359,0.8672,9.2015,3.2851,0.2005,17.2795,0.3352,0.3741,0.0163,4.5313,45.651
09/12/2024 19:00,2,A,0.6687,83.3321,1.1674,2.7896,0.0996,4.8878,15.3554,1748.58,34.2156,10.949,2.0067,7.8903,19.6931,0.1936,10.6544,0.1451,2.5097,0.0352,0.9456,113.4458,1.8235,53.9731,0.7673,9.4245,2.2295,0.2199,17.2272,0.2041,0.3833,0.0103,4.0124,51.6634
10/12/2024 07:00,1,B,0.6421,150.1184,1.6347,4.0693,0.1539,5.4928,8.4916,2921.2574,31.8718,13.7663,2.7306,7.9786,16.2525,0.2571,24.6127,0.2103,3.7965,0.0451,0.7036,235.7419,0.4742,53.1018,0.6559,9.0592,2.7575,0.2332,34.821,0.3053,0.5374,0.0185,4.2402,56.5742
10/12/2024 19:00,2,A,0.4839,72.3764,1.6536,3.1737,0.1938,4.6139,10.2919,1566.35,38.1715,13.5475,2.7029,8.3358,11.8581,0.1876,12.3883,0.1733,2.7247,0.0781,,,,,,,,0.1879,16.6463,0.2693,0.4188,0.0145,4.392,51.9611
11/12/2024 07:00,1,B,0.2506,150.4851,0.8932,2.7145,0.0871,4.6137,6.4784,3923.5457,31.4274,16.4326,2.3977,7.9615,19.6202,0.1367,25.4997,0.1406,1.9055,0.0547,0.6191,234.7479,1.3147,50.2203,0.7799,9.9148,2.6689,0.1319,34.0156,0.1571,0.5548,0.022,3.8624,50.1472
11/12/2024 19:00,2,A,0.4202,65.1607,1.8291,5.0858,0.2317,5.2428,9.91,1110.0161,31.2219,9.0523,3.0015,7.7495,16.9053,0.1579,8.8509,0.2834,5.2807,0.0718,0.4774,49.98,1.2173,48.1291,0.6841,11.2271,5.2122,0.1547,15.1173,0.3611,0.6515,0.0135,4.4328,48.8531
12/12/2024 07:00,1,D,0.3639,129.4425,1.6805,3.0649,0.0757,5.511,6.3719,3554.238,31.3628,11.6593,1.1984,7.2548,16.0043,0.1381,33.7291,0.4017,2.8177,0.055,0.7427,208.8352,1.7232,50.4202,0.6654,10.8326,2.9579,0.1274,32.5596,0.4296,0.594,0.0235,4.7042,59.235
12/12/2024 19:00,2,C,0.3754,71.3508,0.7802,1.4317,0.0784,4.5811,13.3821,4048.7797,40.0928,8.2305,3.8444,7.9426,10.8987,0.1117,14.348,0.0852,1.1743,0.019,1.6323,196.7678,2.2083,47.4182,0.7737,9.6498,5.7446,0.1377,17.6511,0.127,0.2046,0.0066,3.8176,58.2892
13/12/2024 07:00,1,D,0.366,68.3055,0.9009,2.4337,0.0992,4.4665,9.8344,2257.3221,33.4304,10.327,3.2909,8.4736,15.3364,0.1648,16.1165,0.0547,1.9908,0.0591,1.0124,164.7199,1.5125,55.4348,0.957,9.2857,1.7525,0.1531,19.3874,0.1558,0.2927,0.0106,4.0283,50.9506
13/12/2024 19:00,2,C,0.4684,66.312,1.1361,2.0248,0.1225,4.0572,16.3641,2914.4284,43.1436,10.3515,3.636,7.9757,8.1428,0.1745,16.0929,0.1835,1.9937,0.0296,1.1137,354.999,2.7303,49.9609,0.829,7.9093,5.3294,0.193,19.85,0.2022,0.4247,0.0029,3.7101,55.8398
14/12/2024 07:00,1,D,0.4162,74.1662,1.4067,3.959,0.1293,5.3262,9.1353,1961.1704,43.1062,11.1269,2.8733,7.031,10.6636,0.116,12.2492,0.0982,3.1182,0.0518,0.8837,176.4862,1.8673,48.7307,0.7014,9.4735,4.0921,0.1497,19.2986,0.1598,0.7491,0.0091,4.4783,52.4338
14/12/2024 19:00,2,C,0.4863,58.9088,2.401,4.6988,0.1799,5.2788,9.9861,1634.2567,43.2495,10.7305,2.2793,6.8003,11.0365,0.1494,16.7632,0.2472,3.6716,0.0401,0.7338,86.9729,2.0953,48.6173,0.8206,8.2857,4.6607,0.1697,16.58,0.3568,1.2205,0.0202,4.5249,52.197
15/12/2024 07:00,1,A,0.2223,41.177,0.8627,2.8093,0.1806,4.2972,11.605,1536.1678,34.05,11.7588,5.4016,9.8061,9.5392,0.1202,8.818,0.2748,2.1876,0.0676,0.7551,139.1695,2.0714,53.2442,1.2871,9.4452,1.5337,0.1015,11.0293,0.2401,0.5157,0.0246,4.2141,49.2768
15/12/2024 19:00,2,B,0.5958,116.9775,2.5979,3.9767,0.1719,5.9799,5.9958,2073.583,40.3125,16.9413,1.8455,7.6416,16.3649,0.1859,17.7035,0.2262,3.3914,0.0473,0.8336,184.8565,1.7983,54.2899,0.7749,9.6276,1.7894,0.2136,21.3528,0.3718,0.9703,0.0189,4.9765,55.7483
16/12/2024 07:00,1,A,0.231,73.6865,0.6755,1.4091,0.0544,4.3252,5.7239,3865.0526,29.0837,15.3912,2.004,7.8571,12.4173,0.1238,21.9301,0.1168,1.731,0.0177,1.7292,421.28,3.0671,52.5957,0.7573,7.6376,3.3029,0.1175,28.071,0.1922,0.2861,0.0051,4.5095,55.1164
16/12/2024 19:00,2,B,0.4795,146.9395,0.8245,2.3271,0.0453,4.374,4.44,3138.0149,34.6049,10.9281,2.0506,6.036,17.8254,0.191,26.942,0.0934,2.581,0.0215,0.6131,266.8086,0.8051,54.2797,0.5303,7.2236,3.0677,0.2005,35.3482,0.1465,0.3177,0.0,4.0728,57.7296
17/12/2024 07:00,1,A,0.3759,69.761,0.8802,2.3253,0.0742,3.8239,9.0132,2858.7321,36.2621,16.9946,3.4837,8.5089,7.9562,0.1555,14.1221,0.1205,1.3921,0.0238,1.407,296.52,2.199,53.5983,0.777,9.6421,2.0581,0.177,18.8107,0.1418,0.3572,0.0088,3.8881,52.9696
17/12/2024 19:00,2,B,0.2039,104.0491,0.9542,1.7825,0.0615,4.7317,5.155,3774.872,40.9581,6.5956,1.2779,6.9738,17.5177,0.1068,21.6153,0.2056,1.355,0.0269,0.8244,463.512,2.1926,51.0971,0.7918,9.6111,2.7288,0.0999,30.2954,0.2367,0.2204,0.0124,4.5224,57.2902
18/12/2024 07:00,1,A,0.5202,69.8,1.4566,2.8585,0.1161,5.0836,10.1906,1958.525,36.3596,15.1863,2.311,8.1139,10.4213,0.1889,14.0332,0.1847,1.7647,0.036,1.0402,218.8406,2.0151,49.7406,0.7385,10.4738,3.1358,0.1993,19.7229,0.2453,0.617,0.0186,4.4754,58.3521
18/12/2024 19:00,2,B,0.4515,89.9687,1.7934,4.2649,0.1593,5.5625,9.7584,2341.5748,36.5042,16.0717,2.4302,9.8227,13.6818,0.2101,21.1375,0.142,2.9243,0.0448,0.6218,323.3956,1.072,50.1639,0.744,11.5591,5.6491,0.2045,25.4956,0.2673,0.5586,0.0137,4.9011,53.0433
19/12/2024 07:00,1,C,0.4814,71.524,2.0254,2.7707,0.1503,3.8537,9.1422,1393.2153,35.5688,13.2443,3.1892,8.316,12.929,0.1112,11.8172,0.1874,2.698,0.0326,1.1549,131.5153,2.7719,49.084,0.9798,10.1954,3.5246,0.1336,15.8965,0.3313,0.534,0.027,2.9728,56.3651
19/12/2024 19:00,2,D,0.3452,85.4617,0.6594,1.6636,0.0504,4.8604,6.4358,3196.6807,31.1516,12.6858,1.5902,9.4077,15.6645,0.1194,25.1388,0.056,1.22,0.0089,0.6171,413.8777,1.4083,50.6266,1.1243,10.1462,3.3309,0.1592,31.7896,0.0976,0.294,0.0002,4.3485,58.3546
20/12/2024 07:00,1,C,0.2243,119.7435,1.2479,3.3018,0.0942,5.5053,7.2005,4147.8349,36.421,10.2908,2.227,7.2357,16.2078,0.1189,21.7442,0.1124,2.3835,0.0268,0.6096,202.3745,1.8842,47.8219,0.8458,9.0136,3.2405,0.1041,27.2291,0.173,0.4439,0.0027,4.5035,56.1437
20/12/2024 19:00,2,D,0.2931,71.0407,1.0529,1.8044,0.1095,4.9914,12.337,2772.5999,40.5319,13.2362,3.8622,8.4832,8.8497,0.1529,15.4664,0.1923,1.8794,0.0382,1.4079,253.3542,3.3733,49.7347,1.0536,9.9557,3.5597,0.1479,18.7225,0.25,0.272,0.0165,4.5873,56.0423
21/12/2024 07:00,1,C,0.3993,120.4328,1.1623,2.6755,0.1081,4.8394,9.559,2423.6269,35.9815,16.454,2.6824,10.85,12.0975,0.0989,16.5119,0.1079,2.6164,0.0528,0.7147,214.9937,0.8761,52.4373,1.0287,11.0961,1.8891,0.1214,26.551,0.2339,0.3779,0.0187,5.2399,52.0397
21/12/2024 19:00,2,D,0.3864,99.7266,1.321,2.585,0.111,5.101,8.5643,2505.1529,39.4556,18.0382,3.1318,9.5088,12.1784,0.1295,20.0757,0.246,1.8367,0.0383,0.9417,193.0855,1.3151,50.5952,1.1624,9.0963,4.4197,0.1436,23.1365,0.2554,0.3688,0.0147,5.3183,50.7232
22/12/2024 07:00,1,B,0.1818,88.8953,0.9547,2.1293,0.0313,5.3225,4.4825,2799.256,31.0989,16.7118,0.6666,7.0789,14.5876,0.096,19.6256,0.1839,1.8452,0.0279,0.9478,279.15,1.4472,51.4796,0.6521,10.5696,2.6957,0.0995,27.4067,0.2692,0.4978,0.0038,4.1346,53.6255
22/12/2024 19:00,2,A,0.4688,96.2956,1.0413,3.0015,0.1042,4.7223,9.1193,2718.1168,36.1015,13.0563,2.6679,8.9939,15.7397,0.1292,19.3793,0.1281,2.0919,0.0372,1.1202,274.9605,1.6664,51.1958,0.6849,8.5935,3.4416,0.1516,25.136,0.1975,0.4615,0.008,4.2404,52.1005
23/12/2024 07:00,1,B,0.204,57.4374,0.4756,0.9024,0.0525,3.5451,9.7217,3286.707,35.0802,12.4366,3.0162,8.6884,11.1825,0.1148,16.0836,0.0404,0.9293,0.0158,0.9174,334.6012,2.2818,53.2974,1.0336,10.1667,4.0217,0.0991,20.427,0.0907,0.1428,0.0056,3.4062,59.3359
23/12/2024 19:00,2,A,0.371,97.3605,0.8986,2.9371,0.0703,4.652,5.6274,2286.6727,28.1111,15.6586,2.5222,9.3408,21.7301,0.1311,21.2404,0.1308,2.2261,0.0377,0.6395,200.5019,0.8408,53.0527,0.9139,10.0219,2.6052,0.1503,26.5274,0.1579,0.3731,0.0142,4.4324,52.1803
24/12/2024 07:00,1,B,0.6353,93.3555,1.4347,3.654,0.172,4.8073,11.4388,2425.2232,34.8626,15.5111,3.2973,7.9226,11.4721,0.1814,15.2066,0.2883,3.3712,0.0845,0.9778,138.3212,1.3644,48.9395,0.8888,11.5041,2.5222,0.2184,19.3035,0.3462,0.5099,0.0207,4.8176,58.7494
24/12/2024 19:00,2,A,0.2367,72.6425,0.739,1.9272,0.0729,5.1964,5.6779,2056.5914,30.528,17.8789,2.3307,9.9927,13.571,0.1058,11.004,0.0657,1.6233,0.0057,0.7042,207.162,1.3125,51.1457,0.7638,9.057,2.4019,0.0956,17.7832,0.0813,0.2542,0.0034,4.5817,53.6884
25/12/2024 07:00,1,B,0.3877,78.2142,0.9785,2.4846,0.1267,5.1984,8.5145,2237.7114,32.4118,9.0347,4.9348,9.7183,16.6182,0.137,11.6807,0.1145,2.1947,0.0398,0.7395,166.7115,1.5747,48.7316,0.9385,10.3537,4.5067,0.12,16.4875,0.1824,0.3863,0.0217,4.7351,46.4885
25/12/2024 19:00,2,A,0.2313,77.6043,0.7016,1.7475,0.0622,4.3982,9.1794,2831.9361,39.6775,9.8896,1.7635,8.9171,14.5145,0.1162,17.9422,0.1816,1.916,0.0357,0.9226,248.6349,1.912,52.1353,0.8937,9.3472,3.6648,0.1037,22.263,0.1476,1.2324,0.0187,4.3601,61.2608
26/12/2024 07:00,1,D,0.2812,48.432,1.3187,2.6564,0.1036,4.8664,9.2693,1369.8088,33.0368,12.5699,2.1446,8.2102,12.6627,0.1357,14.8387,0.1713,2.1146,0.0295,0.7064,190.5026,2.1877,49.68,0.8796,11.0807,2.2603,0.1176,16.853,0.2651,0.3806,0.007,4.5417,52.0265
26/12/2024 19:00,2,C,0.346,60.5276,1.5213,5.5608,0.1336,5.2956,6.8801,1704.7455,31.3368,13.081,3.2704,9.9645,10.341,0.1804,19.3609,0.2511,6.1497,0.1077,0.795,150.1888,2.6155,47.6217,0.9243,10.3691,3.3845,0.186,23.9245,0.3783,2.3125,0.0283,5.0092,55.3766
27/12/2024 07:00,1,D,0.3603,87.3434,0.7096,2.5409,0.0675,4.6153,10.5898,3154.0979,25.0262,14.9008,3.329,10.2082,17.2113,0.1552,24.7597,0.1119,1.829,0.0374,1.3806,293.2527,0.9072,50.0527,0.8447,9.2925,3.1469,0.1843,28.829,0.1425,0.4557,0.0083,4.5496,58.7429
27/12/2024 19:00,2,C,0.6936,112.0897,0.8462,2.0255,0.1115,4.1363,11.0876,2799.7838,37.7079,14.7372,3.8255,6.9961,11.1584,0.1775,15.6873,0.1236,2.5755,0.0385,0.7719,235.9495,1.3375,55.4321,1.3658,9.0018,1.713,0.2261,22.2856,0.1568,0.2095,0.0205,4.2887,55.3606
28/12/2024 07:00,1,D,0.5719,80.8823,1.9594,3.8877,0.1685,5.4005,9.0524,1693.9286,38.8569,14.2557,3.2132,9.0283,13.2702,0.1403,10.7135,0.1169,3.3805,0.0476,0.9207,157.3098,2.0254,52.1552,0.8324,10.1925,2.6593,0.1693,16.1028,0.2501,0.8528,0.0266,4.7299,51.7091
28/12/2024 19:00,2,C,0.6686,117.685,2.0846,3.49,0.154,4.8099,7.7196,2367.2768,36.1822,13.0609,1.9765,7.4645,14.0789,0.223,21.5437,0.156,2.9149,0.0361,0.5887,135.67,1.1441,52.4312,0.7388,9.3722,3.3783,0.2292,29.5591,0.2272,0.6177,0.0165,4.4123,52.4293
29/12/2024 07:00,1,A,0.3501,87.7108,0.8714,2.2349,0.0532,4.8045,12.1721,3527.0267,41.6133,15.3732,2.27,8.9102,5.8245,0.1683,21.6707,0.2455,2.2294,0.0442,1.1051,299.6378,1.8357,51.8222,0.9982,9.835,2.4652,0.1809,26.8669,0.2971,0.3353,0.0067,4.2018,55.6416
29/12/2024 19:00,2,B,0.2668,96.7169,0.6933,2.0322,0.0676,5.203,13.6331,4422.0392,32.2587,9.9855,2.2374,8.2161,12.9288,0.1424,25.9481,0.0529,1.3045,0.0224,0.9186,306.0649,1.5405,48.8834,0.8259,8.9747,3.7891,0.1393,32.6216,0.0994,0.3098,0.0119,4.9613,54.0815
30/12/2024 07:00,1,A,0.3118,130.1421,1.4945,4.7075,0.1129,5.546,5.1888,2668.3972,36.2465,13.2711,2.0178,7.2363,13.1334,0.1323,35.2363,0.1961,3.7387,0.0645,1.3886,280.3927,2.3436,48.7036,0.7764,10.5612,5.3681,0.1312,39.2395,0.2499,0.6685,0.025,4.564,58.5993
30/12/2024 19:00,2,B,0.231,107.4232,1.3252,3.0228,0.075,4.7602,4.9208,2699.8042,31.8627,9.7774,1.1864,7.3765,18.3037,0.1304,24.2638,0.115,3.3531,0.039,0.7252,174.4455,0.8806,52.1995,0.541,8.0909,3.1049,0.0933,28.7587,0.1383,0.2719,0.0079,4.0493,52.1346
31/12/2024 07:00,1,A,0.657,153.5612,1.308,3.1699,0.1443,6.0955,9.4659,3420.9935,33.5834,17.6452,4.387,10.3789,11.9027,0.2464,24.5914,0.2982,3.7867,0.0882,1.0924,233.6335,1.6088,49.5695,0.8424,10.3929,3.8926,0.2571,31.9141,0.3329,0.4776,0.0258,5.4966,52.478
31/12/2024 19:00,2,B,0.3128,91.6027,0.8605,2.3608,0.1153,4.8126,12.6087,3610.7444,30.0772,13.2266,3.4422,7.6219,15.68,0.1289,11.1913,0.1177,2.2779,0.0465,0.6041,242.7127,1.5217,52.139,0.9868,10.1496,2.7594,0.13,17.2927,0.1306,0.2958,0.0076,4.1548,48.9659
01/01/2025 07:00,1,A,0.7939,138.464,2.6497,5.3635,0.1919,6.7034,14.7141,2217.2115,49.0026,11.785,2.0007,4.8245,7.7779,0.2656,47.3582,0.733,5.0151,0.0995,1.1887,200.5193,1.4695,55.1801,0.7617,11.2752,0.6575,0.295,54.535,0.7007,0.9818,0.0175,5.7712,52.194
01/01/2025 19:00,2,B,0.4342,82.8515,0.672,3.1123,0.0932,4.8247,9.8316,3356.1311,33.7487,15.178,3.7494,8.9448,11.1624,0.1598,15.4385,0.1632,2.579,0.0497,0.9693,175.5863,1.18,48.4606,0.9081,10.1634,4.9481,0.2161,21.7853,0.1286,0.4096,0.017,4.3055,61.0148
02/01/2025 07:00,1,C,0.639,90.586,1.9334,3.4771,0.1829,4.7811,6.3816,1934.39,36.6302,12.8337,2.6644,7.9357,14.1763,0.2136,21.1788,0.301,3.2339,0.0497,1.0274,185.6871,0.8099,50.396,0.5889,8.8829,6.2671,0.2712,25.6715,0.3378,0.6236,0.0063,4.5547,55.4104
02/01/2025 19:00,2,D,0.5693,104.5564,1.8658,4.1645,0.1424,5.4274,11.5554,2135.5204,37.5348,10.7099,1.5998,8.3383,13.7498,0.2059,25.1679,0.3863,3.8388,0.0521,1.0937,259.8931,1.717,50.6612,0.6597,10.677,2.9102,0.2097,30.6579,0.4461,0.76,0.0186,4.6112,60.8267
03/01/2025 07:00,1,C,0.5171,90.6463,1.2837,2.5951,0.0878,5.1907,8.691,2889.3994,40.0916,15.7576,2.1431,6.3138,11.9814,0.199,30.9621,0.2006,2.6869,0.0669,0.676,167.4691,1.3641,53.7355,0.754,9.003,2.7617,0.2151,38.3818,0.2969,0.3687,0.0266,4.7937,60.1301
03/01/2025 19:00,2,D,0.2066,91.1208,0.6486,1.189,0.0405,4.5358,6.9232,4718.3876,38.336,10.3521,4.0741,9.6544,10.8518,0.0913,16.0276,0.0922,1.4589,0.0108,0.5971,251.0111,1.4426,53.6574,0.9156,10.2134,1.3909,0.0958,22.3101,0.1029,0.142,0.0103,3.5434,59.6273
04/01/2025 07:00,1,C,0.2414,83.4613,1.0713,2.6758,0.066,5.6594,7.9339,2388.0171,39.9056,14.8113,2.1578,8.5839,14.5862,0.1303,29.4094,0.1552,2.9389,0.0362,0.7257,249.691,2.7286,50.3447,0.92,9.8815,3.0447,0.1108,48.4718,0.1935,0.6628,0.0085,4.9703,56.3655
04/01/2025 19:00,2,D,0.3616,72.5785,1.3846,2.6748,0.1007,4.6227,7.4176,2749.3041,34.8879,13.4434,2.2188,8.738,15.4261,0.1359,12.2062,0.193,2.6083,0.0445,1.0254,164.1866,1.5693,49.3853,0.6855,9.0754,4.4831,0.143,18.8517,0.3014,0.712,0.0138,4.1294,55.797
05/01/2025 07:00,1,B,0.5265,86.2854,1.0963,2.1823,0.1005,4.7511,13.2158,2959.2214,40.5468,14.3462,3.5006,7.785,9.8833,0.1722,20.2003,0.0903,1.8763,0.0453,0.9782,250.8651,1.0416,53.6057,0.9427,7.8576,2.2923,0.2066,24.503,0.1759,0.2544,0.0059,4.2977,53.9423
05/01/2025 19:00,2,A,0.2281,97.9803,1.4647,3.1228,0.1059,4.964,6.6033,2535.3534,32.502,11.3689,2.6474,9.2949,16.1537,0.104,11.3879,0.1572,2.6514,0.0389,0.6794,196.5292,2.0551,56.294,0.8907,9.6759,0.987,0.0924,17.7059,0.2142,0.4734,0.0175,4.4838,54.3918
06/01/2025 07:00,1,B,0.3117,86.6315,1.0554,2.9376,0.0711,4.7601,11.7154,3036.0758,31.4118,13.6553,2.2976,9.2033,15.2853,0.1554,17.6189,0.3296,2.8824,0.06,0.6338,230.9811,3.3618,50.0339,1.132,12.3759,3.6593,0.1441,23.5658,0.3028,0.5465,0.0129,4.775,59.8243
06/01/2025 19:00,2,A,0.3428,89.1918,0.3887,1.3811,0.0683,4.7536,17.2019,4593.206,33.7244,11.8647,3.5632,9.5159,8.7472,0.1044,20.1174,0.0675,1.6833,0.0285,0.9757,256.7428,1.4589,51.9996,0.7909,8.7716,2.7608,0.1422,24.4687,0.0714,0.2129,0.0135,4.3935,58.216
07/01/2025 07:00,1,B,0.3576,155.3872,1.1435,4.4034,0.1155,5.3838,10.5057,3809.8098,37.3321,14.0727,2.2625,8.0176,11.8168,0.1551,32.8792,0.2552,3.9153,0.0489,0.8046,293.911,1.2229,50.4496,0.7648,9.872,5.6032,0.1632,43.8233,0.2585,0.7212,0.0159,4.6251,51.8873
07/01/2025 19:00,2,A,0.5323,153.7702,2.1784,3.4337,0.1143,5.3976,9.131,2577.0665,39.8964,12.3055,2.8636,7.9922,12.391,0.1749,19.8891,0.3794,2.8619,0.0595,0.9251,187.0477,1.2978,51.557,1.023,8.5719,3.0198,0.2006,28.7449,0.4786,0.7938,0.0284,5.1604,55.3219
08/01/2025 07:00,1,B,0.5124,101.7956,1.2434,2.9453,0.0939,5.7607,10.5964,2409.0334,39.1136,11.5964,2.1562,7.1973,7.975,0.1641,15.8463,0.2436,2.5338,0.0291,1.0525,181.7028,1.4071,53.0722,0.8106,9.1279,1.6017,0.174,25.0466,0.2532,0.4803,0.016,5.4112,56.2995
08/01/2025 19:00,2,A,0.3807,114.061,1.4935,2.8533,0.1143,5.1968,10.2411,3110.8041,35.4636,11.5181,1.9446,7.3728,10.735,0.1753,25.43,0.1614,3.2485,0.049,0.55,267.9774,3.0695,49.7299,0.7791,8.5958,2.6394,0.1539,30.4645,0.2286,0.5586,0.0221,4.4193,55.7969
09/01/2025 07:00,1,D,0.3335,75.7059,1.708,2.4729,0.1047,5.2183,9.2602,2186.5639,42.7707,11.4011,2.4312,8.5159,12.7967,0.1058,14.8393,0.4368,2.7245,0.0446,0.5494,228.4236,2.2543,52.905,1.3193,10.6096,2.7695,0.1135,17.8017,0.4223,0.3981,0.0203,5.1435,49.5757
09/01/2025 19:00,2,C,0.2338,62.8849,1.5891,4.0138,0.1175,4.9685,6.1946,2104.3786,37.7556,15.8545,2.0182,7.5993,11.3685,0.0954,16.5583,0.1655,2.7541,0.0417,0.4265,170.4818,1.2732,52.7498,0.8444,9.6256,3.6922,0.114,18.2354,0.2513,0.7291,0.0171,4.3376,51.2705
10/01/2025 07:00,1,D,0.3854,68.6427,1.1852,1.8472,0.1056,5.8771,10.7209,2593.9817,30.9838,12.5178,1.6877,7.4753,17.1882,0.1537,17.5941,0.2201,1.8514,0.0316,1.2975,275.027,4.0562,51.4213,0.8501,9.1463,3.447,0.1488,22.9561,0.2746,0.299,0.0143,5.5963,56.7352
10/01/2025 19:00,2,C,0.3651,54.9294,0.6397,1.8832,0.0863,4.7204,11.8801,3055.0079,36.4291,12.2923,3.1313,7.9876,10.0698,0.1531,12.2078,0.1723,1.734,0.0179,1.2524,253.1522,2.5766,51.4258,0.9701,8.7715,1.2519,0.1498,16.5616,0.1869,0.4249,0.0072,4.3865,57.0609
11/01/2025 07:00,1,D,0.3041,88.0978,0.4302,0.6659,0.025,4.0419,12.1284,5052.4448,31.1945,10.3965,1.9052,7.5204,16.3099,0.1224,20.0426,0.0326,0.9384,0.0063,1.5085,372.9599,1.8646,49.4202,0.8553,7.6503,6.4903,0.1178,26.0659,0.0733,0.0915,0.0,3.9432,59.9593
11/01/2025 19:00,2,C,0.2662,87.735,0.7903,1.7432,0.0792,4.4888,6.2129,4108.6902,31.5211,12.3811,2.7245,9.3192,17.6136,0.0887,14.3895,0.0975,1.4906,0.0186,0.7708,326.5272,1.0103,53.3562,0.9793,10.549,3.0335,0.1065,17.9507,0.1058,0.2732,0.0032,4.1772,54.4727
12/01/2025 07:00,1,A,0.8004,120.8436,1.2467,3.156,0.1092,4.2943,11.1233,1919.5244,38.7275,10.8768,2.3069,7.536,11.069,0.2751,16.91,0.2101,3.0986,0.0506,1.1068,150.3966,1.864,52.5645,0.9751,11.0285,2.297,0.2536,23.2,0.2242,0.6338,0.0201,4.0658,52.0046
12/01/2025 19:00,2,B,0.5664,113.3261,0.7894,2.4653,0.0669,4.2578,12.2705,4199.704,38.2928,9.9577,1.7833,7.7172,13.7801,0.1939,17.2574,0.1352,1.2311,0.0135,1.2169,284.6563,1.7983,50.0541,0.8758,9.4482,4.4722,0.2121,24.0379,0.1295,0.4538,0.0085,3.9471,51.7173
13/01/2025 07:00,1,A,0.3461,69.3989,0.5377,1.6389,0.0565,4.7011,10.4321,3691.3145,30.2896,15.8614,2.1317,9.0402,11.1217,0.1723,17.8971,0.156,1.4252,0.0317,1.1942,319.7533,3.0934,48.4613,0.7533,10.1657,4.0882,0.1669,21.3168,0.1049,0.3313,0.0073,4.041,59.7416
13/01/2025 19:00,2,B,0.5126,104.5245,2.5032,6.7307,0.301,3.9737,7.3228,1397.4579,43.8837,13.4905,3.2097,7.1363,10.5896,0.1694,12.9467,0.2978,5.67,0.1458,0.4909,108.4964,1.3499,52.028,0.951,10.1774,4.0379,0.1634,19.2569,0.4394,1.1191,0.0283,3.0939,52.2921
14/01/2025 07:00,1,A,0.1559,73.5957,0.2909,1.6097,0.0393,4.1351,6.5369,4138.2015,28.6068,10.3672,1.9255,9.9219,17.272,0.0922,20.3757,0.1042,1.128,0.0105,1.1496,408.8795,2.0791,51.04,0.7909,8.4997,3.0371,0.1064,25.4722,0.0582,0.4466,0.0023,3.7395,58.8273
14/01/2025 19:00,2,B,0.2904,102.0594,0.5907,1.787,0.0621,5.576,8.1282,3666.6409,33.5805,15.5108,3.8543,10.0592,11.3771,0.1191,17.884,0.0594,1.3712,0.0341,1.0929,242.1112,0.9841,51.5167,1.0741,10.8524,2.0494,0.1032,24.1264,0.0801,0.2258,0.0092,4.3401,54.3101
15/01/2025 07:00,1,A,0.3342,129.4017,1.0874,2.0693,0.0956,5.1756,12.7569,6214.4772,39.8218,14.1254,2.389,8.0131,8.6864,0.1275,24.973,0.2077,1.8472,0.0269,0.9842,377.704,1.1745,51.7257,0.7968,7.9011,3.1035,0.1394,33.6829,0.2302,0.4182,0.0167,4.9518,49.0792
15/01/2025 19:00,2,B,0.2906,80.3556,1.1294,2.5618,0.0708,5.3557,7.622,2083.2637,37.2305,15.9952,1.3399,7.2571,10.1591,0.1716,17.8383,0.2744,2.964,0.0429,1.0214,250.6853,1.9661,51.6061,0.7349,10.8271,2.9014,0.1593,24.6186,0.3228,0.4933,0.013,5.5248,
16/01/2025 07:00,1,C,0.4347,70.0362,1.0199,3.2557,0.0989,4.7603,8.3686,2159.836,34.1367,16.0328,1.9562,9.0469,13.844,0.1496,15.0066,0.1179,2.8639,0.0464,1.0278,210.2562,2.1043,52.9675,0.7498,10.7484,4.7848,0.1781,18.1742,0.1763,0.4157,0.008,4.2772,55.0848
16/01/2025 19:00,2,D,0.4386,66.5444,1.0973,2.0954,0.0927,4.0348,12.6844,1777.2611,36.1839,8.5107,2.7401,8.5453,14.212,0.1302,14.9097,0.1782,1.8476,0.0305,1.2209,279.9453,2.1984,46.6218,0.942,10.62,6.961,0.1614,16.5751,0.2712,0.2951,0.0113,3.4749,54.5617
17/01/2025 07:00,1,C,0.2943,69.8353,0.7627,1.7182,0.0973,4.227,6.5465,2627.7153,33.6293,9.5845,3.7618,8.9425,13.1232,0.1242,11.6425,0.1215,1.9186,0.0318,0.683,184.4847,1.5382,52.4453,1.4398,9.5707,1.7873,0.088,16.1549,0.1165,0.1146,0.0045,3.69,49.8459
17/01/2025 19:00,2,D,0.3775,96.7113,1.3252,4.8097,0.1978,5.9303,6.9362,2095.4668,38.6842,11.9661,3.1549,8.0252,12.1192,0.1362,18.2758,0.3207,4.0546,0.1091,0.6757,198.127,0.7885,49.0414,0.7551,10.9292,4.0243,0.1364,21.9408,0.3496,1.0443,0.0153,5.2802,46.8317
18/01/2025 07:00,1,C,0.4352,76.3548,0.9958,2.9101,0.1132,5.845,7.172,2894.8871,32.6227,11.6203,2.7085,7.4475,14.4136,0.1329,12.6326,0.3897,3.5377,0.0732,0.6125,149.1948,1.6018,50.6037,0.8445,10.3186,2.5292,0.1934,17.0186,0.2717,0.5729,0.0209,5.6239,50.9742
18/01/2025 19:00,2,D,0.3413,116.6013,1.1067,3.0347,0.0488,5.0452,9.1153,2762.5889,39.1422,12.8066,1.4379,7.569,13.0718,0.1438,29.5838,0.1472,2.6828,0.0445,0.7256,195.1976,1.2351,55.2936,0.5703,8.7859,1.4209,0.1492,31.979,0.2014,0.4927,0.0039,4.7786,58.116
19/01/2025 07:00,1,B,0.402,120.5917,1.2007,2.5991,0.0805,5.5889,7.8829,4705.7822,40.7893,11.7798,2.75,7.8217,9.7275,0.1093,22.6797,0.1323,2.5693,0.031,0.8338,264.5752,1.3417,49.3312,0.6481,9.0565,2.2537,0.1572,28.7254,0.2061,0.4062,0.0059,4.8073,58.188
19/01/2025 19:00,2,A,0.3383,67.3768,0.9109,2.2008,0.0561,4.1556,7.7833,2061.1152,34.5584,13.3862,2.0263,9.5858,15.7348,0.1482,14.1412,0.14,1.3442,0.0307,1.1185,342.5132,2.1043,49.6286,0.9736,10.3973,5.4786,0.1618,15.2631,0.184,0.398,0.016,3.9812,57.5001
20/01/2025 07:00,1,C,0.4741,83.0189,0.9634,3.0713,0.0945,5.5125,15.1317,2471.136,35.2131,10.729,3.3274,7.4524,12.9621,0.1642,17.7103,0.0942,2.2041,0.0308,1.1859,215.3081,1.4011,52.5376,0.8708,8.4118,3.1875,0.1912,21.905,0.1494,0.5847,0.0083,5.1248,59.2306
20/01/2025 19:00,2,D,0.3825,90.5189,0.8628,2.7205,0.0486,4.119,7.1193,4105.1107,32.8895,14.8667,1.3326,7.0777,16.1592,0.1145,17.4802,0.1097,1.9587,0.0276,1.1401,291.7589,1.2565,55.3614,0.7111,8.1276,1.2659,0.1657,25.8562,0.1533,0.2997,0.0,4.401,57.9242
21/01/2025 07:00,1,C,0.4533,84.0946,1.2719,1.7341,0.0623,4.6992,13.0067,2418.8062,36.6581,9.509,1.7529,7.4395,18.1875,0.1172,12.869,0.1783,1.6123,0.021,0.8836,223.3183,1.5131,54.1878,0.628,8.8736,2.766,0.1566,20.8296,0.2288,0.2232,0.006,4.3842,58.7327
21/01/2025 19:00,2,D,0.3133,82.3029,1.2463,3.107,0.1,3.9674,11.9815,3414.3888,40.4459,10.1458,3.0334,7.062,17.115,0.129,13.9482,0.1486,2.2751,0.0239,0.709,184.5732,2.2336,53.4091,0.8917,10.7384,1.8902,0.1388,18.7126,0.2601,0.6644,0.0148,3.5066,51.4112
22/01/2025 07:00,1,C,0.3092,87.8195,0.8365,1.7733,0.093,5.0516,8.9108,4792.9595,34.1719,12.055,2.7383,9.057,13.5629,0.1199,18.0772,0.1146,2.3542,0.0242,0.8876,339.2937,2.3795,48.2556,0.8694,10.4995,2.4083,0.161,22.3675,0.1615,0.3351,0.0246,4.5172,60.8755
22/01/2025 19:00,2,D,0.3686,58.989,0.7484,2.7021,0.0758,4.3916,9.3476,1776.8111,30.1122,11.3676,2.4925,7.7905,16.5363,0.185,16.1883,0.1183,2.585,0.0392,0.7741,218.3236,1.3918,50.0386,0.8828,9.3243,2.8147,0.1761,19.54,0.1387,0.4573,0.0074,4.1636,
23/01/2025 07:00,1,A,0.4465,75.4422,1.071,2.0878,0.1118,4.0778,8.5542,2180.9502,27.9866,13.0375,4.2569,10.5729,19.7483,0.1104,13.4905,0.0958,1.3057,0.0195,0.8451,217.9977,1.1829,47.9817,0.7828,9.6846,8.3234,0.139,13.5862,0.1662,0.2096,0.0118,3.4471,57.3397
23/01/2025 19:00,2,B,0.1676,74.3431,0.7036,1.767,0.0267,5.2201,5.9974,3669.2062,32.3507,11.6655,1.4715,8.2216,16.3008,0.0952,12.3702,0.097,1.3154,0.0144,0.8712,278.2214,1.1537,56.7688,0.5455,8.714,1.7745,0.0684,15.244,0.126,0.3145,0.0011,4.9911,55.9631
24/01/2025 07:00,1,A,0.5841,103.2276,1.8064,3.9191,0.1902,5.3987,12.7492,2329.9459,37.6322,10.5691,3.4328,7.7282,12.3322,0.2363,17.2805,0.2872,3.2857,0.0427,1.354,175.9391,1.1597,51.3268,0.7287,8.8408,3.1344,0.2201,24.7144,0.3457,0.6225,0.0116,4.7754,48.3566
24/01/2025 19:00,2,B,0.2791,70.8305,1.2268,3.1848,0.1161,5.3165,11.2851,2898.6897,42.5646,13.0621,2.4404,7.8315,14.463,0.1423,13.3388,0.1293,2.7859,0.0593,0.9242,171.7486,1.161,53.2772,1.0107,11.1452,4.2396,0.1244,19.4999,0.2004,0.3537,0.021,4.4815,58.0033
25/01/2025 07:00,1,A,0.4249,74.2809,1.1657,2.2137,0.0964,4.4265,11.4133,2069.6261,34.5124,14.7185,3.0369,8.3216,9.7634,0.1714,12.8211,0.1557,2.0959,0.0321,1.1203,140.4474,2.3074,53.4868,0.8528,9.1044,2.0167,0.1699,17.6245,0.2408,0.434,0.0012,4.2588,52.2296
25/01/2025 19:00,2,B,0.6313,77.8334,2.1802,3.566,0.174,5.2646,10.1592,1916.1523,38.1557,14.7051,3.2369,8.6557,10.8375,0.1815,18.4916,0.2193,2.1666,0.0476,1.0032,173.8102,1.7468,49.9313,0.9809,8.5611,3.4763,0.2099,19.8439,0.3483,0.4942,0.0161,5.0995,53.9031
26/01/2025 07:00,1,C,0.3546,103.0383,0.723,1.843,0.0738,4.226,10.8936,5050.6323,34.6018,14.1117,4.0355,9.3891,15.1746,0.1027,16.597,0.0667,1.2398,0.0179,1.1995,313.6998,1.529,50.4034,0.9649,11.0838,3.1645,0.1081,22.0044,0.1061,0.3038,0.0013,3.4739,52.7934
26/01/2025 19:00,2,D,0.3696,77.7506,1.3855,2.2367,0.0666,5.0675,9.3005,1874.2865,38.2734,11.0616,1.6664,7.1709,10.4608,0.1617,24.0738,0.2106,2.8458,0.031,0.8746,200.6482,1.7214,50.8009,1.0686,9.1205,3.1381,0.203,26.1613,0.2994,0.3129,0.013,5.1385,57.1412
27/01/2025 07:00,1,C,0.5175,68.4707,0.9981,3.1961,0.1161,5.5582,13.1875,2643.1457,36.2847,10.5564,2.6683,7.9558,14.1262,0.2186,14.1316,0.3611,2.5527,0.0516,0.9746,200.8195,1.6831,50.4893,0.7973,9.7291,2.8421,0.1956,16.9052,0.4112,0.9362,0.0202,4.2024,48.9473
27/01/2025 19:00,2,D,0.4632,63.9715,1.029,3.6362,0.1115,4.4494,8.8983,2606.6305,43.4294,14.1441,3.4086,9.4826,7.6135,0.1926,14.7429,0.1469,2.9787,0.0588,0.7675,109.2959,0.9767,53.1463,0.8323,9.2015,1.4965,0.2379,17.927,0.1822,0.6512,0.0167,4.7433,60.1881
28/01/2025 07:00,1,C,0.3995,67.3059,1.0168,2.7609,0.1027,4.4425,12.4861,1988.2297,44.5304,10.2315,1.8003,7.3101,12.6943,0.156,15.3968,0.2357,2.6206,0.04,0.9401,211.4024,2.8101,49.6083,0.6982,8.758,3.6118,0.1621,19.0705,0.2547,0.5091,0.0172,4.0125,53.608
28/01/2025 19:00,2,D,0.2407,58.1375,0.9756,2.118,0.0915,3.8228,8.2105,1014.0719,33.9606,8.8111,1.8888,5.9948,19.4988,0.1052,11.3791,0.1427,1.8101,0.0192,0.6068,169.3692,0.9436,50.1761,0.6686,7.9178,2.919,0.0936,14.4573,0.1688,0.2742,0.0128,2.9478,58.6364
29/01/2025 07:00,1,C,0.355,97.0812,0.942,2.1986,0.089,3.9999,10.514,4384.2018,37.2617,10.6268,2.6895,8.5953,11.263,0.1355,20.9019,0.1262,1.1678,0.02,1.5875,355.8797,3.3912,48.0962,0.8315,9.8345,3.4087,0.1621,29.0988,0.189,0.3291,0.0,4.0071,59.1605
29/01/2025 19:00,2,D,0.5275,69.3743,1.1879,2.5984,0.1411,4.6555,9.163,2465.0038,35.9856,10.9823,3.2327,7.7263,20.1796,0.1508,11.7234,0.0544,2.621,0.0329,0.572,149.9533,1.3585,52.2118,0.8459,10.8364,2.396,0.1679,16.5213,0.124,0.303,0.0122,4.1266,58.1501
30/01/2025 07:00,1,A,0.5429,97.4218,1.0901,2.0398,0.0574,4.6361,11.4259,3527.2592,36.1755,10.5387,1.99,8.0365,14.0373,0.1662,16.4589,0.094,2.1987,0.0235,1.2768,213.6874,2.6206,49.1675,0.774,9.8041,3.408,0.2006,20.2299,0.1791,0.341,0.0104,3.9905,53.796
30/01/2025 19:00,2,B,0.2205,86.4952,0.7758,2.3534,0.1065,4.9179,6.8876,3202.059,28.303,11.1355,3.364,9.7133,15.2564,0.0975,23.5688,0.0486,2.4617,0.0486,0.7857,350.4401,1.167,46.6223,1.1519,10.6007,4.0145,0.112,32.7638,0.1278,0.3042,0.005,3.8316,51.1983
31/01/2025 07:00,1,A,0.9026,86.7731,2.1302,4.5835,0.2148,5.4958,13.555,1301.1881,39.1082,12.5226,3.4398,7.1977,14.1457,0.2105,11.5382,0.3914,3.7275,0.0481,1.1925,129.8405,0.9964,54.5416,0.7746,10.4699,2.0749,0.2659,20.4256,0.4943,1.2577,0.0277,5.4679,47.0998
31/01/2025 19:00,2,B,0.366,102.7053,1.0324,2.8738,0.0581,4.5256,7.1984,2692.614,32.7726,13.7605,1.5249,7.5834,13.9982,0.1708,24.6918,0.1755,2.664,0.0426,0.7027,133.8625,1.137,57.7373,0.8914,9.4969,1.4519,0.174,30.8079,0.2252,0.4067,0.0155,4.2422,49.8325
01/02/2025 07:00,1,A,0.4315,95.3469,1.2903,3.1978,0.0687,5.1675,16.0674,2721.2187,38.911,13.3647,2.0891,8.9082,13.7724,0.265,21.3111,0.1229,2.6779,0.0207,1.7107,234.8395,2.5691,48.3412,0.694,10.9227,5.7773,0.2617,26.9305,0.1891,0.3414,0.0061,4.2605,54.036
01/02/2025 19:00,2,B,0.3949,97.0547,1.0824,3.0507,0.0797,4.1525,10.3645,2731.2854,32.8606,13.1368,2.2958,8.6382,11.6486,0.1643,16.749,0.1081,1.7952,0.0193,1.3337,231.6834,2.2083,48.9446,0.5906,10.4689,3.083,0.1604,21.1691,0.1715,0.3709,0.0,3.5442,51.9033
02/02/2025 07:00,1,D,0.5064,122.3469,2.0763,4.8894,0.1538,5.6681,10.7536,2601.0506,41.322,12.506,2.3228,7.544,10.1975,0.2075,25.7193,0.3792,4.6182,0.0845,0.7481,111.1371,1.1782,52.6733,0.6929,10.1714,1.8437,0.198,30.9157,0.4193,0.9809,0.0319,5.5172,52.752
02/02/2025 19:00,2,C,0.3691,70.8951,1.9746,4.4357,0.12,5.3357,6.7777,945.8118,36.3804,12.8022,1.7611,8.0979,12.8894,0.1342,22.2897,0.6328,4.8139,0.0741,0.587,152.8638,2.2387,49.5793,0.5736,7.1736,4.2025,0.1468,23.6325,0.8188,0.7024,0.0092,5.1979,53.9818
03/02/2025 07:00,1,D,0.3176,63.694,1.1957,2.8341,0.0819,4.6853,6.9802,1764.5,34.3636,10.2792,1.7882,7.1267,14.9881,0.1694,17.7744,0.1476,2.7535,0.0347,0.9729,165.5099,1.2201,51.3694,0.6722,10.0393,2.3275,0.15,21.0141,0.2361,0.9154,0.019,4.1363,58.7283
03/02/2025 19:00,2,C,0.3617,131.6257,1.1134,2.786,0.0976,4.3587,8.9923,3076.3832,28.5803,9.3318,2.1238,8.4602,22.5601,0.146,19.6572,0.2086,2.0636,0.0381,0.802,342.1503,1.0139,53.5437,0.8862,8.9394,2.9292,0.1238,28.1179,0.247,0.4247,0.0154,4.0654,47.8668
04/02/2025 07:00,1,D,0.3669,74.4952,1.2715,3.1445,0.1217,4.6048,9.6646,1717.6717,38.1277,11.2333,2.6064,8.1985,12.6198,0.1286,13.5216,0.1232,2.3183,0.0305,0.968,242.9315,1.6052,53.819,0.5546,10.0933,2.4137,0.147,18.8545,0.1658,0.2024,0.0004,3.9993,58.7931
04/02/2025 19:00,2,C,0.6281,119.9443,2.2763,3.7007,0.1679,5.76,10.5308,2207.3733,40.306,13.8469,3.0954,6.5731,9.1305,0.2268,19.9999,0.1873,2.9535,0.0224,0.9074,177.6152,1.1169,51.8049,0.5954,8.137,3.0251,0.2335,26.1,0.3531,0.4683,0.0208,4.7676,
05/02/2025 07:00,1,D,0.4023,137.078,1.0935,3.2878,0.1396,5.1078,9.3122,3418.3547,38.9942,14.8985,4.344,8.5143,5.8134,0.1276,21.4717,0.1361,2.8372,0.0457,0.9313,304.6177,1.2788,50.9233,1.089,9.4291,2.059,0.1496,33.8224,0.1715,0.4887,0.0197,4.9163,50.1368
05/02/2025 19:00,2,C,0.5829,64.5357,1.7935,3.6984,0.2085,5.4822,12.3363,1490.9254,37.3477,11.7928,3.6625,9.7392,10.392,0.1844,13.7408,0.2267,3.312,0.056,0.677,182.3523,0.8343,53.2169,0.8958,8.9946,3.1929,0.2081,16.4818,0.3399,0.6154,0.0146,4.3587,53.3304
06/02/2025 07:00,1,B,0.2733,84.4325,0.8518,1.8092,0.0889,5.1539,12.1884,3148.8082,29.5187,14.6319,3.724,9.4772,15.5021,0.0879,17.6801,0.1929,1.3836,0.0315,1.5051,430.6057,2.5739,51.2265,1.0553,8.8203,3.2841,0.0944,20.5455,0.2159,0.2331,0.0058,4.5585,62.3002
06/02/2025 19:00,2,A,0.8682,68.616,2.3131,3.7318,0.1378,5.7849,10.7018,1385.8257,32.0023,11.7159,1.8063,7.6048,10.5512,0.3127,15.0852,0.6414,4.0118,0.0816,1.4945,135.7947,3.1311,50.9527,0.9298,10.8309,1.7673,0.3445,18.7073,0.6903,0.6472,0.0175,5.5051,58.4794
07/02/2025 07:00,1,B,0.315,110.8797,0.8052,2.1863,0.0722,3.9732,10.8792,3676.8108,37.7831,13.4681,2.0143,7.8059,15.9616,0.1286,21.9077,0.1897,1.8447,0.013,1.2091,300.6034,1.0657,48.6396,0.7465,9.2775,6.5193,0.1563,28.534,0.2053,0.4308,0.001,4.3838,51.6267
07/02/2025 19:00,2,A,0.4142,113.7545,1.2685,4.0004,0.1302,4.9422,13.7551,3506.0458,34.0467,15.3845,3.0346,9.5884,11.2915,0.1694,29.2104,0.217,3.6046,0.0928,0.726,225.958,2.1602,50.8815,1.1686,10.1726,2.0584,0.1685,32.3305,0.2483,0.7957,0.0272,4.0837,50.9612
08/02/2025 07:00,1,B,0.4694,89.7271,0.8636,2.1322,0.0703,4.4734,6.6274,2209.1889,27.1295,13.4275,2.2241,9.4281,18.5974,0.1323,17.0625,0.1075,1.8479,0.0179,1.2738,213.9874,1.6115,51.7795,0.9928,10.1411,3.787,0.1514,22.4133,0.1122,0.2681,0.0014,4.0017,50.6198
08/02/2025 19:00,2,A,0.4348,66.9993,0.7165,2.6069,0.1447,5.2903,15.1421,2273.9954,38.4455,10.5079,5.8256,8.6449,13.2517,0.1152,11.8119,0.1894,2.3863,0.0301,0.7972,148.613,1.1636,52.4277,0.8542,9.862,3.9008,0.1353,17.5532,0.1713,0.3117,0.0103,4.3203,55.5854
09/02/2025 07:00,1,C,0.6389,87.8322,1.7426,4.0004,0.1684,6.1944,9.1983,1866.6892,34.2035,13.7736,2.975,8.9535,19.6932,0.1642,12.9669,0.5181,3.0414,0.0549,0.7358,176.1118,1.0768,53.3501,0.7994,10.2935,2.3085,0.174,19.4664,0.5149,0.5287,0.0162,5.462,46.6971
09/02/2025 19:00,2,D,0.3535,109.8487,1.0207,2.0246,0.0396,4.5554,6.9962,3111.1631,33.617,8.4805,1.0388,6.9069,19.7551,0.1892,25.6521,0.0857,1.4946,0.0154,1.2459,285.796,1.4208,52.2302,0.5897,7.3095,2.0069,0.1985,34.729,0.1388,0.2668,0.0,4.2467,58.4508
10/02/2025 07:00,1,C,0.1887,74.2567,0.8368,2.7372,0.0581,4.1413,5.2924,3882.6339,38.4241,10.8,1.4605,7.0164,16.4195,0.0971,15.9137,0.0779,2.8021,0.0354,0.6495,270.0598,1.1189,52.1103,0.8469,9.9737,2.6368,0.0875,17.4804,0.1381,0.3902,0.0121,3.7959,61.0898
10/02/2025 19:00,2,D,0.5586,112.1634,1.7484,2.8539,0.138,5.422,9.8233,2508.3325,35.5452,13.7225,2.492,7.1091,14.8611,0.2016,17.1217,0.1812,2.1908,0.033,0.7723,209.3164,2.0711,50.2849,0.9507,11.0689,4.254,0.2295,24.2133,0.2435,0.5982,0.0157,4.3522,57.8717
11/02/2025 07:00,1,C,0.6089,72.1758,1.3716,2.4651,0.0925,5.6982,18.2996,2029.1062,38.2513,12.972,2.4725,9.4994,14.8096,0.2007,13.0724,0.1733,1.7681,0.0316,1.5741,145.4221,0.7997,51.9271,0.761,10.4697,3.1646,0.227,15.9884,0.2048,0.5926,0.0068,5.106,53.787
11/02/2025 19:00,2,D,0.299,67.0015,0.7955,1.6138,0.0513,4.9698,8.2834,4666.5607,30.4973,14.2771,2.5861,10.7156,19.1852,0.1583,17.6787,0.1004,1.6709,0.0191,0.9646,279.2491,1.6433,45.3046,0.7095,12.44,9.1803,0.1884,18.3359,0.166,0.1974,0.012,4.0337,61.7311
12/02/2025 07:00,1,C,0.5476,91.1768,1.9028,5.0047,0.157,5.35,10.7734,2662.9923,35.8054,16.0448,2.891,7.465,13.504,0.1792,17.2363,0.2392,3.4067,0.0496,0.7117,139.2615,1.1376,52.9123,0.7092,10.2259,2.5801,0.1711,21.6685,0.2989,0.6631,0.0197,4.4289,54.1397
12/02/2025 19:00,2,D,0.3774,80.4621,0.8922,2.2548,0.0662,4.8193,9.134,2103.6271,36.0116,9.0387,1.6183,7.4577,18.4989,0.1596,18.4525,0.1724,1.8634,0.0252,0.9625,254.4474,3.5657,47.1976,1.0448,8.1761,5.6892,0.1793,20.1345,0.1507,0.39,0.0144,4.7239,
13/02/2025 07:00,1,A,0.2334,94.1764,0.9702,2.3322,0.0578,4.6907,7.4547,2069.6016,34.3228,13.8069,1.8672,7.6841,12.0278,0.0961,19.4719,0.109,2.5562,0.0272,0.799,158.7481,0.6978,51.3732,0.6864,9.3014,2.6554,0.1182,23.3579,0.1525,0.3372,0.0029,4.1756,63.3855
13/02/2025 19:00,2,B,0.5912,94.0622,0.6758,1.8141,0.1746,5.1832,12.5686,3044.8133,27.2319,13.8897,6.6056,10.138,15.6188,0.1961,11.7649,0.0936,1.5755,0.0347,1.1336,215.5525,1.1743,53.5568,1.4443,10.1371,3.5706,0.2138,18.51,0.1276,0.1449,0.0172,4.252,52.9685
14/02/2025 07:00,1,A,0.4944,96.8595,1.7964,4.0308,0.1247,6.1785,10.9959,1940.9229,33.3336,17.9128,2.0236,8.8651,14.7176,0.2004,16.508,0.195,3.418,0.049,0.8993,204.2952,1.0765,50.5896,0.7955,10.6899,2.6736,0.2009,23.9166,0.3451,0.5669,0.0062,4.9142,53.2957
14/02/2025 19:00,2,B,0.9656,81.5159,1.4579,2.4172,0.1262,4.7776,19.4428,2042.6838,36.3089,13.2762,2.2127,7.0325,16.1453,0.3453,17.5491,0.1147,2.1351,0.0602,1.021,152.2634,2.1345,50.3368,0.9503,10.5191,3.9427,0.4101,19.0017,0.1944,0.5694,0.0143,4.1046,51.5345
15/02/2025 07:00,1,A,0.2607,97.0754,1.2017,3.8482,0.0912,5.1169,4.0183,2149.8652,34.6816,12.6372,2.0961,7.2704,17.3302,0.1189,20.6099,0.1285,3.2615,0.0474,0.9414,300.0103,1.5628,50.3408,0.8088,9.4634,3.8826,0.1256,30.9218,0.2085,0.6721,0.0175,4.9887,57.3891
15/02/2025 19:00,2,B,1.0059,70.9734,3.1366,4.1942,0.2054,5.4141,22.3544,1519.2094,41.2605,9.6197,2.5831,7.6728,12.0937,0.2074,11.7513,0.2364,3.7373,0.0692,1.0207,110.0516,1.5675,54.2437,0.7742,9.9642,2.3533,0.2237,14.8356,0.3387,0.6822,0.026,5.0334,55.4111
16/02/2025 07:00,1,D,0.2862,122.1648,0.9722,3.1781,0.1048,6.284,7.6075,3377.8089,35.5425,13.5205,1.7306,6.4054,13.7235,0.1399,21.9563,0.1888,2.9772,0.0243,0.6123,214.8864,1.1741,49.5082,0.6059,9.3747,3.5935,0.1405,29.9302,0.214,0.4696,0.0072,5.6359,56.6827
16/02/2025 19:00,2,C,0.5422,120.763,1.975,4.1881,0.1775,5.1734,8.4693,2209.5548,31.6883,12.2116,2.7695,8.6029,14.2077,0.1829,27.0675,0.165,2.9791,0.0544,1.1068,268.8048,1.9828,47.7423,0.8132,9.4186,6.6757,0.1957,33.0614,0.3366,0.687,0.0127,4.5501,56.3367
17/02/2025 07:00,1,D,0.3591,106.7929,1.3495,2.7629,0.0941,4.5064,7.4984,3764.1856,38.6134,15.0428,1.9312,7.0424,10.1331,0.1387,32.7629,0.143,2.6451,0.0787,0.8206,297.8863,1.6606,55.1395,1.0453,8.802,2.1156,0.1457,32.6083,0.2159,0.5159,0.0283,4.1288,55.7562
17/02/2025 19:00,2,C,0.32,90.2878,1.0856,1.9667,0.0854,4.8573,7.7362,3141.8208,36.0998,11.0813,2.6621,10.025,12.0488,0.109,17.7209,0.0937,1.0404,0.0266,1.0787,342.1519,0.843,52.9114,0.7316,9.9523,1.8783,0.1233,22.7545,0.1478,0.3577,0.0092,4.6756,56.5756
18/02/2025 07:00,1,D,0.2229,68.5426,0.8378,2.2448,0.0772,3.9278,6.716,2367.9087,36.4616,11.0138,3.6028,8.9644,16.0365,0.0877,16.4779,0.1946,2.1902,0.0358,0.7674,197.7707,1.4816,52.669,0.8813,9.6854,2.2721,0.0923,19.8889,0.215,0.3254,0.0334,3.1598,50.6188
18/02/2025 19:00,2,C,0.4299,116.7768,1.6016,3.3566,0.1235,5.9345,5.4909,2448.3455,31.7267,11.7902,1.8379,7.2358,20.2251,0.1386,21.5452,0.198,3.0496,0.0193,0.5307,185.2786,0.4373,52.798,0.7501,10.0262,3.9262,0.1666,28.5327,0.2759,0.6785,0.0106,5.2952,52.7855
19/02/2025 07:00,1,D,0.2553,92.9239,0.7939,1.9298,0.0736,4.3929,6.7012,2047.989,35.5753,12.7943,2.7709,7.5561,14.6004,0.1067,17.2912,0.1376,1.7809,0.0236,0.7352,211.9636,1.1235,49.6386,0.8703,10.2443,6.2081,0.1003,21.6855,0.1487,0.2928,0.0075,3.744,55.6651
19/02/2025 19:00,2,C,0.5434,75.8714,1.0129,4.1608,0.1545,4.19,9.0542,1964.2954,36.8215,12.4429,3.3657,8.3915,10.7856,0.1257,14.7158,0.0939,3.553,0.0765,0.5278,128.7345,0.9921,53.9091,0.8599,11.7373,0.844,0.1645,18.0957,0.1575,0.6129,0.0166,3.9778,49.0947
20/02/2025 07:00,1,B,0.5534,89.0051,1.2817,3.1514,0.1254,4.2262,10.0261,2457.0747,35.7609,14.5843,1.83,7.7488,12.0988,0.1776,14.4001,0.3655,2.6537,0.0378,0.6336,174.2794,1.8614,49.8456,0.9422,10.2964,2.7643,0.2237,20.4099,0.3259,0.3791,0.0216,4.3748,56.9458
20/02/2025 19:00,2,A,0.248,63.7236,0.8702,2.1825,0.0921,5.4176,8.9316,2468.7617,32.9982,12.6326,3.0118,9.0192,13.1933,0.1021,15.3911,0.1175,2.5618,0.0454,0.5634,156.0727,1.7928,52.7516,1.105,9.6413,2.0226,0.1009,17.8014,0.1701,0.1778,0.0139,4.7521,55.736
21/02/2025 07:00,1,B,0.2655,87.5274,0.8857,1.9758,0.0529,4.6669,6.4539,3328.8911,35.0241,8.538,1.2705,7.9775,15.1088,0.0844,15.5788,0.1181,2.0506,0.0133,0.7181,336.1077,1.8383,53.3509,0.6694,8.8658,3.5194,0.1181,21.6259,0.172,0.2991,0.0074,4.1311,65.9891
21/02/2025 19:00,2,A,0.2779,139.2237,0.6034,1.8197,0.0758,3.983,9.772,4246.3871,31.8784,13.6776,2.6385,8.4186,20.002,0.1312,13.0734,0.0915,1.9826,0.0288,1.1797,258.396,1.5148,50.839,0.9735,10.0468,2.0206,0.1084,24.8076,0.1249,0.2359,0.008,3.7506,54.7895
22/02/2025 07:00,1,B,0.213,80.1293,0.9479,3.7166,0.1826,4.3853,10.264,3116.4031,34.3898,16.1247,6.2177,9.3824,11.5631,0.0719,13.3375,0.1199,2.6701,0.0449,0.6915,214.5083,1.1504,51.093,1.2387,10.8275,2.3221,0.083,17.9248,0.1431,0.5689,0.0145,3.8997,50.2593
22/02/2025 19:00,2,A,0.5536,71.5597,1.6083,2.8667,0.1116,5.0092,8.7859,1599.3075,36.7045,13.6414,1.8813,8.4891,14.0129,0.1638,14.9482,0.1513,2.3755,0.0371,0.6621,127.7903,1.1736,54.4122,0.7263,9.999,1.4607,0.2158,17.8727,0.2809,0.4116,0.0064,4.0271,50.6394
23/02/2025 07:00,1,C,0.3278,85.0885,0.8578,3.1228,0.0681,4.6435,8.9701,3180.7875,46.1421,12.0581,2.0397,4.8387,8.8218,0.1728,18.5231,0.0867,2.8227,0.0583,1.1795,200.3296,1.1927,50.5921,0.8443,9.3912,2.5197,0.16,21.2847,0.1325,0.6572,0.0257,4.7581,47.7802
23/02/2025 19:00,2,D,0.2501,104.369,1.8022,4.0183,0.1413,4.1263,5.2427,1864.4586,38.8544,8.4173,2.6258,6.7465,18.1827,0.1211,29.9825,0.4577,4.0694,0.0791,0.6848,228.2802,1.5035,50.3375,0.8124,9.2166,2.5475,0.12,36.6878,0.5489,0.7978,0.0268,3.9456,60.3095
24/02/2025 07:00,1,C,0.2959,85.2573,0.8769,1.7667,0.0457,4.5497,6.2712,3871.2399,37.4767,11.5715,1.8076,6.7721,12.4642,0.1082,18.4728,0.1005,1.5957,0.0346,0.7166,302.6309,1.8497,52.1404,0.7886,9.1733,2.7427,0.1399,24.9486,0.1628,0.2529,0.0118,3.938,62.7652
24/02/2025 19:00,2,D,0.2553,94.037,0.8495,2.8405,0.1012,4.533,6.7612,3251.0432,34.6312,13.9964,4.4374,9.8051,13.4719,0.1233,17.4313,0.1601,1.7009,0.0358,1.0189,331.7708,1.5031,48.6635,1.1089,10.2974,4.647,0.1292,23.7149,0.1999,0.3889,0.0205,3.9066,57.26
25/02/2025 07:00,1,C,0.2856,151.5323,1.0397,1.8594,0.1014,4.2562,7.8369,5226.2324,38.6958,11.9878,2.1174,9.3394,13.8515,0.168,36.3093,0.1927,2.2449,0.0552,0.8763,399.7671,2.0942,50.0823,0.8468,11.3487,3.3467,0.1394,45.0711,0.222,0.2616,0.0174,4.1903,63.6338
25/02/2025 19:00,2,D,0.4536,121.4448,1.6812,2.6562,0.1032,5.0898,10.8148,2607.6942,36.6206,10.1982,1.2373,5.2493,16.0679,0.1629,17.9349,0.1331,2.8737,0.0472,0.8124,241.5965,1.3233,52.2737,0.9032,9.8683,2.4094,0.1565,24.0361,0.267,0.427,0.013,4.5992,52.9492
26/02/2025 07:00,1,C,0.4113,92.3705,1.0596,1.9732,0.0644,4.3095,11.1171,2955.5581,32.8585,12.7643,2.5796,8.4324,13.62,0.1758,18.7627,0.0904,1.8271,0.0297,1.2575,306.1218,1.7643,47.6164,0.7355,10.7117,5.0235,0.1655,23.9517,0.2079,0.2693,0.0068,4.6855,53.3124
26/02/2025 19:00,2,D,0.4831,110.6802,1.4089,3.9048,0.1263,6.2499,8.0519,2241.1001,36.2294,8.5192,3.3268,8.1201,10.9448,0.1672,21.1334,0.1094,3.8556,0.0375,0.5842,171.3863,1.059,51.7879,0.5979,8.5329,2.2726,0.1898,28.0511,0.2262,0.4119,0.0142,5.1898,57.5679
27/02/2025 07:00,1,A,0.4565,76.5342,1.8405,4.0508,0.1029,4.9433,7.1549,1261.6702,34.7788,10.8149,1.5277,8.2537,19.6988,0.1308,13.5688,0.0902,3.3922,0.0433,0.6866,155.2608,1.6733,55.2991,0.753,10.0565,2.8748,0.1679,19.6898,0.2116,0.4994,0.0117,4.5486,58.4753
27/02/2025 19:00,2,B,0.6193,93.3356,2.275,6.8461,0.2498,6.369,8.9563,2184.1259,40.8248,11.4481,2.7894,6.7219,10.0175,0.2192,17.6639,0.3253,6.3671,0.135,0.6877,153.9599,1.0614,50.0171,0.8123,9.6791,2.8427,0.2147,23.5359,0.422,1.565,0.0248,5.2504,55.4165
28/02/2025 07:00,1,A,0.3757,91.0853,0.8627,2.9234,0.1225,4.5305,11.0262,2064.0324,35.2706,10.6448,2.6127,9.1194,13.0976,0.1659,18.2073,0.2835,2.5316,0.0501,1.1492,212.7975,1.5993,45.416,0.7825,9.6739,7.8053,0.1783,22.8971,0.2951,0.4723,0.0161,3.791,59.2002
28/02/2025 19:00,2,B,0.355,90.4924,0.8316,2.5295,0.0975,4.7914,13.9978,4103.1118,41.5016,8.9739,2.7721,6.3082,7.0015,0.1851,18.2941,0.1304,2.0535,0.024,0.9699,301.88,1.3613,47.9217,0.9085,8.3123,6.1107,0.1943,23.4922,0.1817,0.307,0.0155,4.3204,53.6137
01/03/2025 07:00,1,A,0.3313,112.2209,0.6767,1.5167,0.0565,5.0947,7.1076,3495.0344,36.0549,16.8953,1.9165,9.0514,11.5799,0.1385,18.1993,0.1125,1.7083,0.0181,1.0165,288.0674,2.6001,51.5637,0.8564,10.5818,2.948,0.1548,24.5221,0.1346,0.3866,0.0156,4.603,50.1577
01/03/2025 19:00,2,B,0.3291,83.203,1.6565,3.5209,0.2236,5.2771,8.5599,2851.951,39.6041,11.3322,6.3806,9.0682,7.1562,0.1268,17.4054,0.4469,3.4726,0.0867,0.7376,231.8854,1.6941,50.4351,1.3486,10.2144,2.259,0.1271,23.1101,0.4078,0.5412,0.0274,4.521,54.9845
02/03/2025 07:00,1,D,0.4508,93.6918,2.1913,4.8983,0.1898,6.0253,9.565,1838.6648,38.4434,13.963,2.265,8.0209,9.0784,0.131,18.3891,0.3581,4.6752,0.0681,0.6216,186.9831,2.2444,52.1135,0.9586,8.5413,2.7323,0.1536,22.6703,0.401,1.107,0.0234,5.2205,59.4631
02/03/2025 19:00,2,C,0.2971,81.5949,0.7223,2.184,0.0809,4.7961,12.9658,4084.7035,32.2526,10.0921,3.7862,7.9961,16.4613,0.1067,23.4083,0.1227,1.5689,0.0374,0.6617,190.3153,1.3316,50.8141,0.6181,9.0874,2.8802,0.127,23.7442,0.1567,0.4495,0.0217,4.115,53.7568
03/03/2025 07:00,1,D,0.1896,88.8235,0.8764,1.9321,0.0772,4.9493,7.5602,3355.2018,34.966,9.8673,2.4508,8.098,15.1613,0.0908,14.8236,0.1598,1.5128,0.027,1.0077,273.3164,2.0413,52.7746,0.7748,10.9188,1.6981,0.0897,20.4422,0.1677,0.3195,0.0015,4.5208,50.4155
03/03/2025 19:00,2,C,0.6702,62.9944,1.6962,3.9891,0.1203,4.8325,8.54,1394.3671,32.8048,15.281,1.9789,7.3919,16.4308,0.2818,14.0603,0.1621,2.8742,0.0405,0.9562,106.6988,1.4725,50.2855,0.6404,10.5435,4.6538,0.2687,15.2631,0.2917,0.4606,0.0107,4.2011,50.7851
04/03/2025 07:00,1,D,0.3347,91.2986,2.156,4.228,0.1439,5.3206,8.2323,1391.7063,39.251,10.9651,1.9317,7.2811,11.3048,0.1212,16.266,0.3863,3.8502,0.1081,0.4733,142.9782,1.2923,54.1625,0.7784,11.1297,1.0501,0.1152,22.2392,0.4198,0.7975,0.0287,4.7416,48.3467
04/03/2025 19:00,2,C,0.3459,79.5233,0.6618,1.168,0.0743,4.7058,7.3572,2931.5486,32.4837,9.4927,3.0679,9.2297,13.958,0.1694,22.3121,0.091,1.2781,0.0235,1.3612,314.4321,1.4657,50.5546,1.1664,9.7015,3.0039,0.1999,24.4919,0.1574,0.2039,0.0018,4.1294,54.1886
05/03/2025 07:00,1,D,0.2441,77.7554,0.9809,2.6646,0.0473,4.3152,6.0103,1942.1452,35.5881,13.3211,1.9361,8.2415,19.6178,0.0714,16.9452,0.1002,2.2442,0.0362,0.7587,172.5752,1.9775,53.625,0.8655,9.6359,1.4096,0.1033,21.8719,0.1672,0.521,0.0119,4.4859,53.9764
05/03/2025 19:00,2,C,0.6236,119.542,2.2686,3.6179,0.1013,5.0068,9.3886,2148.7838,36.4553,12.9332,1.9574,7.7508,19.2734,0.2026,21.9067,0.1188,3.3079,0.0434,0.68,202.8728,1.3778,51.9836,0.9127,10.9526,3.1054,0.2577,29.7698,0.2336,0.6564,0.0055,5.0386,59.0415
06/03/2025 07:00,1,B,0.4526,76.1459,1.1697,2.3279,0.0565,4.2074,10.1338,2721.271,34.369,11.3946,1.7131,6.8904,12.907,0.1162,13.2564,0.1008,2.2202,0.0234,0.7931,125.082,0.7521,54.0222,0.5255,8.5379,1.9828,0.1342,16.0699,0.1758,0.3807,0.0088,3.8978,58.358
06/03/2025 19:00,2,A,0.3047,81.8899,1.6947,4.5501,0.1712,5.3202,7.5724,1664.7512,34.9909,16.3747,2.3528,9.195,12.4503,0.1266,15.1821,0.1125,3.464,0.0387,0.8114,219.6976,1.2681,51.4062,0.7179,9.8969,3.998,0.1247,19.6031,0.2383,0.4265,0.0251,4.9974,52.2768
07/03/2025 07:00,1,B,0.2284,73.6974,0.842,1.6069,0.108,4.294,9.2739,2469.1597,28.0235,13.574,3.93,10.6635,12.8875,0.1173,14.5329,0.0899,1.5223,0.0287,1.2804,430.304,3.0361,52.7554,1.458,11.027,1.4852,0.1059,17.9123,0.1354,0.2272,0.0134,3.4067,59.9528
07/03/2025 19:00,2,A,0.563,78.278,0.7728,2.4335,0.1043,4.2286,10.4497,1636.2329,33.3021,15.4398,3.3322,10.6129,12.2692,0.1673,12.0111,0.1252,1.776,0.0131,1.0412,153.6578,1.8655,50.6349,0.817,9.993,2.0715,0.2435,14.9384,0.1486,0.3618,0.0082,3.7487,58.7306
08/03/2025 07:00,1,B,0.3459,78.6281,1.0057,2.35,0.0664,5.6033,7.277,2472.4978,33.805,13.2027,1.8838,8.5404,16.635,0.1158,12.37,0.0696,1.6493,0.0207,0.9092,201.6101,0.7676,50.4327,0.6924,9.58,3.165,0.1298,17.7839,0.0901,0.3232,0.0031,4.3993,50.0573
08/03/2025 19:00,2,A,0.2394,96.8236,1.0123,2.0997,0.0579,4.5831,4.0334,3599.5615,36.9309,6.4091,1.0926,7.2031,20.0525,0.0955,15.3044,0.0843,1.6407,0.0176,0.8266,361.7758,2.0228,51.7455,0.7057,8.9372,2.4367,0.1027,19.5944,0.1914,0.3795,0.0,3.7661,56.4822
09/03/2025 07:00,1,C,0.3659,83.1496,0.8324,1.9974,0.0904,4.5833,10.3128,3713.2962,38.4295,13.4265,2.6252,8.9531,9.5728,0.1407,17.454,0.1381,2.3605,0.0298,0.9552,254.4117,1.7573,46.5809,1.0164,10.1895,4.8249,0.156,23.6335,0.1463,0.2799,0.0088,4.04,54.3972
09/03/2025 19:00,2,D,0.4734,90.3597,1.2704,2.6525,0.078,5.513,10.8525,2419.6179,37.3022,13.3231,2.6136,8.1517,13.1503,0.1595,14.3032,0.0761,2.4396,0.0231,1.0529,192.6525,1.0858,53.64,0.5729,9.9365,2.191,0.1607,21.4988,0.1529,0.3036,0.0024,4.1876,54.0527
10/03/2025 07:00,1,C,0.4602,74.8315,1.5587,3.8001,0.0864,4.4438,5.1904,1547.513,35.4648,12.9367,1.7074,6.6483,11.7368,0.1605,14.92,0.1943,2.5193,0.0305,1.0324,181.2337,0.7433,54.5294,0.5642,9.3077,1.6239,0.1963,17.8271,0.251,0.6384,0.0136,3.8116,56.1722
10/03/2025 19:00,2,D,0.6299,95.201,1.8746,3.708,0.2121,5.8955,10.58,2149.8476,30.6565,9.5346,4.2214,7.6295,17.1758,0.1795,12.1129,0.0759,2.8679,0.047,0.9685,188.3405,1.1604,51.1526,0.844,9.4722,2.7212,0.2253,19.5038,0.1849,0.3756,0.0211,4.9085,51.9944
11/03/2025 07:00,1,C,0.2974,51.7409,0.9515,2.5499,0.0634,4.9327,6.0008,1680.5085,34.9439,15.9745,1.3415,7.1782,14.0023,0.1237,19.6697,0.0893,2.4629,0.0453,0.9422,211.6691,1.2473,50.4005,0.6624,10.9179,2.9406,0.1375,17.709,0.1704,0.3722,0.0105,4.9252,65.0519
11/03/2025 19:00,2,D,0.8388,47.9744,1.9491,5.484,0.3573,4.5226,19.549,1365.1569,43.6109,10.7118,6.9717,7.5948,8.9216,0.2158,6.8898,0.2361,4.9281,0.1083,0.8181,87.9816,1.0558,51.1332,1.0082,10.9412,2.3424,0.2569,10.8537,0.4113,1.2805,0.0385,3.8684,52.8402
12/03/2025 07:00,1,C,0.2834,58.8809,0.4278,1.5733,0.0772,4.0111,9.9844,3116.1595,29.4036,10.0371,4.4122,10.9142,14.3138,0.1002,15.912,0.0785,1.5174,0.034,0.7826,263.4447,2.3412,49.1579,1.3515,9.8483,5.0462,0.1131,18.2142,0.1086,0.2468,0.018,3.5366,52.893
12/03/2025 19:00,2,D,0.3325,93.2576,0.7406,2.2495,0.0613,4.4869,9.7994,3937.9078,33.5552,15.6866,1.407,7.5857,14.2092,0.1476,13.5253,0.1052,1.2747,0.0211,0.9879,271.0868,1.571,53.4493,0.9095,8.1589,2.3029,0.1763,20.1605,0.1387,0.355,0.0066,4.062,58.7746
13/03/2025 07:00,1,A,0.3308,96.8113,0.9246,3.8446,0.0848,4.4641,6.7912,2318.6885,29.2948,14.029,2.1441,7.6655,16.0267,0.1231,22.7291,0.1708,2.7624,0.0394,1.2057,246.6854,1.9121,48.556,0.7391,9.7167,8.7947,0.1428,24.9541,0.1937,0.5081,0.0226,4.7594,56.187
13/03/2025 19:00,2,B,0.265,127.5541,1.1307,2.6632,0.1051,5.9039,6.0878,3857.0119,32.5074,14.6681,2.7032,8.3185,18.166,0.0994,17.4218,0.1803,2.0111,0.0347,0.869,290.2659,1.8861,51.0536,0.6933,9.0463,3.3656,0.105,24.8929,0.211,0.3071,0.0228,5.0561,54.3069
14/03/2025 07:00,1,A,0.4898,81.3675,1.8789,6.2756,0.243,4.8737,8.5772,1647.4617,39.6054,14.9041,5.1159,7.5979,10.3638,0.1665,12.5508,0.4142,6.019,0.1194,0.3637,96.4843,1.1385,53.6912,1.1764,11.3567,2.77,0.1833,19.321,0.5101,1.0149,0.0203,5.3542,52.3972
14/03/2025 19:00,2,B,0.4923,69.6046,1.3618,2.2923,0.1688,4.7521,12.0966,1597.6838,34.3814,9.4302,4.3298,9.9746,18.0548,0.1513,10.1816,0.1441,2.3096,0.0309,1.1352,167.1869,2.3704,52.7935,0.9378,9.0909,1.3051,0.1297,12.957,0.1772,0.3651,0.013,4.1236,51.5275
15/03/2025 07:00,1,A,0.2787,73.6271,0.905,2.407,0.1096,4.4584,8.9032,2241.6728,30.9645,7.0262,2.555,8.1882,23.3114,0.0857,14.578,0.2223,1.9573,0.0391,1.1202,307.8965,2.5666,48.441,1.4647,9.7841,4.1163,0.1104,20.1583,0.2035,0.7979,0.0269,3.6262,52.1755
15/03/2025 19:00,2,B,0.5476,62.4698,1.3504,3.4907,0.1209,4.7776,10.9887,1706.461,33.8685,12.0233,2.6038,7.5684,14.727,0.1821,10.5551,0.1466,3.1465,0.0328,0.6644,121.321,1.1265,52.6689,0.8609,10.4649,3.6558,0.2033,14.0849,0.2548,0.6069,0.0122,4.4127,59.3485
16/03/2025 07:00,1,D,0.3866,58.5688,1.3342,2.8878,0.1101,4.5908,10.8673,1887.2965,36.7353,6.1969,2.5244,7.2844,17.1179,0.1254,9.1668,0.1634,2.503,0.0274,0.6427,249.1745,3.2255,48.9803,1.2634,9.8393,3.729,0.1352,14.0003,0.2236,0.3747,0.0121,3.7476,
16/03/2025 19:00,2,C,0.1789,86.63,0.7614,1.971,0.0607,4.4177,5.9918,2828.2697,34.9068,13.6253,2.2896,9.126,12.0538,0.0916,21.1977,0.094,2.4691,0.0436,0.5309,243.3948,1.7675,50.7476,0.8986,11.702,3.5425,0.1071,28.797,0.1165,0.3532,0.0118,4.2616,58.5925
17/03/2025 07:00,1,D,0.4907,92.3871,1.2429,1.9718,0.0949,3.9473,8.48,2002.6902,35.1046,9.8309,1.7948,8.4155,18.7148,0.1927,12.6896,0.1519,2.0214,0.0234,1.1101,253.458,2.3772,51.4385,0.8693,9.9518,3.8852,0.2033,18.5144,0.2005,0.2232,0.0046,3.7166,49.9791
17/03/2025 19:00,2,C,0.258,70.0187,1.1518,2.4493,0.113,4.3901,7.1119,1575.3857,29.9084,12.1885,2.6327,7.9092,20.9301,0.1071,14.1659,0.2515,2.1129,0.0441,1.2805,185.2393,0.9979,50.9044,0.5378,9.6983,7.8965,0.1072,18.3685,0.3042,0.3092,0.0187,3.7735,54.0872
18/03/2025 07:00,1,D,0.3077,127.4603,1.0887,2.135,0.0245,5.6491,7.18,3698.4661,39.7732,13.3556,1.0823,5.4867,12.0161,0.1169,22.8369,0.1641,1.9792,0.0135,0.598,261.8288,0.3788,55.3863,0.5823,9.8087,3.4322,0.1269,29.1907,0.1619,0.4405,0.0013,4.8029,62.2127
18/03/2025 19:00,2,C,0.3788,121.2116,0.781,2.0398,0.0927,4.8585,8.1245,3473.3674,28.6147,15.8849,3.8905,10.6314,17.0438,0.1624,24.4214,0.1688,1.7559,0.0567,0.7822,268.3633,1.1285,52.2747,1.0511,9.7133,3.4067,0.1827,31.6246,0.1845,0.1685,0.0134,4.9481,53.9736
19/03/2025 07:00,1,D,0.4861,85.1577,0.9189,1.7765,0.0711,4.6484,11.2085,3146.1847,33.4645,11.1518,1.956,9.2965,15.7005,0.1373,14.9523,0.0907,1.8324,0.0235,0.8752,263.1017,1.3739,50.2916,0.6667,9.1514,2.8683,0.1797,19.5629,0.1433,0.1527,0.0,4.5799,52.1425
19/03/2025 19:00,2,C,0.384,67.53,1.0767,2.0831,0.0651,4.9164,9.2963,2534.9532,36.5253,14.5572,2.2719,9.0175,15.1109,0.1952,15.801,0.0915,1.7441,0.0193,1.0074,226.228,1.7199,50.648,0.9192,10.3526,3.5056,0.1972,22.5559,0.1306,0.5005,0.0169,5.0821,61.0744
20/03/2025 07:00,1,B,0.4418,73.6991,1.0523,2.7538,0.1396,5.0435,8.7696,1623.3728,29.5074,15.6378,3.1281,11.1277,14.8678,0.1176,11.321,0.1621,2.58,0.0661,0.4394,153.8652,1.1125,51.0444,1.1627,11.3709,3.0353,0.1586,18.4623,0.2553,0.3286,0.0145,4.9716,52.6134
20/03/2025 19:00,2,A,0.5315,73.8038,0.9617,1.9211,0.09,4.7256,13.3786,2088.1672,36.8878,10.8201,2.1165,7.6013,18.8168,0.1434,9.7868,0.1094,1.0785,0.0178,1.2314,164.8457,1.1693,50.5143,0.7381,9.8478,4.1061,0.1771,11.6428,0.1056,0.1557,0.0019,4.0725,54.4855
21/03/2025 07:00,1,B,0.3795,153.2951,1.5727,4.0128,0.1483,5.2828,9.7901,3308.6983,42.0335,12.0492,2.7077,6.3582,8.8903,0.1483,25.2705,0.0777,3.5546,0.059,0.8488,231.7546,1.2595,52.7879,0.9913,9.6691,1.0844,0.1359,38.2488,0.2192,0.7461,0.0306,5.1551,54.3571
21/03/2025 19:00,2,A,0.2424,119.0194,1.2809,2.3926,0.0641,5.4539,6.5429,3925.7893,36.137,11.5309,2.3406,9.2129,12.3371,,,,,,0.8846,339.9731,2.3903,50.9906,0.8064,10.9647,3.1935,0.083,26.0245,0.317,0.5198,0.0109,4.7824,53.5464
22/03/2025 07:00,1,B,0.7427,74.3005,1.3929,3.3069,0.1776,5.1094,22.2539,1774.0052,39.7282,9.4345,4.4414,8.8618,10.068,0.2524,16.5463,0.1816,2.2432,0.0373,1.7477,220.8481,3.4178,49.3327,0.9174,9.9827,3.7524,0.2399,20.866,0.2408,0.5035,0.0172,4.3786,56.59
22/03/2025 19:00,2,A,0.6739,69.696,2.3704,5.5938,0.237,5.6402,13.5252,1252.6896,35.8603,14.9927,3.6357,9.1072,12.5584,0.1688,9.9564,0.2135,5.0412,0.0674,0.6677,117.6215,0.974,53.1436,0.6013,9.8062,2.1874,0.1831,11.8743,0.3558,0.8777,0.0224,5.0337,52.3066
23/03/2025 07:00,1,C,0.4834,81.8445,1.9523,5.0741,0.2276,5.5729,11.9915,2060.8788,39.7505,9.2587,3.3617,8.3556,8.001,0.1499,18.7901,0.2911,5.3669,0.0741,0.5983,160.7012,1.5592,51.466,1.005,10.5295,1.8186,0.1714,24.1493,0.4253,0.6916,0.0134,5.2797,55.3394
23/03/2025 19:00,2,D,0.218,73.2388,0.7724,2.3946,0.135,3.9843,8.6548,3061.8211,33.8347,11.2374,5.0934,9.422,14.879,0.1028,16.6201,0.2213,2.8345,0.0637,0.9142,278.4088,2.188,50.665,1.7175,9.7198,2.3212,0.0896,22.8412,0.2369,0.2827,0.0112,3.7833,55.1134
24/03/2025 07:00,1,C,0.5079,84.1545,1.9242,3.0008,0.1554,5.2787,9.9948,1920.887,38.289,12.9367,2.5131,9.0751,14.4275,0.1569,13.9971,0.1798,2.5708,0.0647,0.9493,163.057,2.5742,53.2402,0.9875,9.1397,1.9814,0.1586,16.6908,0.3123,0.5011,0.0258,4.6717,56.9984
24/03/2025 19:00,2,D,0.2983,72.3146,1.0345,2.7442,0.1368,4.0594,7.5152,2493.1066,33.5726,15.4687,4.0851,9.0848,10.6966,0.1031,16.7784,0.2371,3.1663,0.0444,1.1017,270.7751,1.2722,49.6702,1.0629,9.3301,3.4499,0.144,19.5789,0.2234,0.3442,0.012,3.4755,53.8854
25/03/2025 07:00,1,C,0.7473,68.4602,2.5445,6.3792,0.18,6.2081,10.9524,927.4807,32.9452,14.4214,2.6355,9.0105,13.9108,0.2692,12.4191,0.51,5.8728,0.0592,0.9172,95.2657,1.7458,50.705,0.6946,9.4994,3.6077,0.2775,17.2909,0.5043,5.1461,0.0184,4.859,48.3771
25/03/2025 19:00,2,D,0.3692,116.0537,1.6613,3.762,0.1697,4.8795,6.2798,2411.4441,34.9145,9.3896,2.533,6.781,19.2277,0.1084,16.8961,0.2947,3.0517,0.048,0.7817,241.0957,1.4629,48.0312,0.828,11.3672,2.7072,0.1162,24.3152,0.3809,0.5308,0.0111,3.9644,54.0023
26/03/2025 07:00,1,C,0.5821,86.7518,1.747,2.7769,0.1095,4.3944,10.439,2051.5743,34.5326,14.7414,2.0456,7.8395,15.9935,0.157,18.975,0.1498,2.7285,0.0398,1.2836,199.7785,1.6132,49.256,0.7463,9.4178,2.9268,0.2022,22.619,0.2698,0.2691,0.0094,3.7122,54.8104
26/03/2025 19:00,2,D,0.2081,144.5043,1.184,2.4867,0.0793,4.9501,4.5745,4218.3496,35.7276,13.7825,2.8866,7.6495,13.6268,0.0939,30.3022,0.1825,2.2523,0.0306,0.7005,221.0204,1.254,51.549,1.0762,10.6131,5.1093,0.1154,41.3588,0.26,0.3102,0.0093,4.2823,56.6166
27/03/2025 07:00,1,A,0.3842,80.0757,1.5743,3.0959,0.139,4.8951,11.6148,2156.8065,42.4257,11.2736,2.2696,6.8512,8.1552,0.1799,14.7545,0.1979,2.6597,0.0353,0.945,156.2098,1.9046,50.6914,0.7948,8.6452,3.2727,0.1731,19.7237,0.2717,0.3236,0.0169,4.5128,51.0588
27/03/2025 19:00,2,B,0.7981,76.4381,1.1682,3.3688,0.1601,4.3582,8.8685,1825.6225,32.5167,14.6263,3.381,8.1163,12.7408,0.2287,15.2057,0.1613,2.8024,0.0317,1.1053,161.1102,0.9724,49.9706,0.7423,8.4193,1.9265,0.2689,20.3271,0.1994,0.3238,0.0,4.2266,
28/03/2025 07:00,1,A,0.6162,102.6039,1.5647,3.8145,0.1552,5.1827,10.3517,2475.7096,33.8706,13.2566,4.4014,10.4254,14.3206,0.2154,21.5018,0.2672,3.4331,0.072,1.0281,154.0565,1.7889,52.3706,0.9786,12.0766,1.3389,0.1926,25.234,0.3502,0.6335,0.0261,4.5964,48.7764
28/03/2025 19:00,2,B,0.2914,64.8116,0.9555,3.1924,0.2106,4.418,8.0813,2707.5619,39.3253,12.9269,6.6779,9.0341,8.7394,0.1128,16.041,0.1884,2.288,0.0623,0.845,191.2013,1.119,55.4312,1.4759,10.0015,0.6187,0.1369,17.5309,0.1822,0.3746,0.011,4.2352,47.2
29/03/2025 07:00,1,A,0.3059,77.3818,0.726,2.2941,0.0734,4.7806,10.3235,3321.7596,36.7155,10.7113,2.5668,8.7252,10.8721,0.1488,20.7805,0.1215,2.1563,0.0446,0.6256,275.7238,1.568,50.4555,1.0663,10.1229,3.7177,0.1661,29.1877,0.1554,0.2362,0.0209,4.5101,57.6565
29/03/2025 19:00,2,B,0.4495,85.944,1.2096,3.3567,0.1882,4.5636,11.5036,2257.7532,35.2665,14.5886,4.5495,8.8096,7.5571,0.117,14.4101,0.2076,2.298,0.0532,1.0471,122.9366,1.0667,53.7504,0.8458,9.0559,1.1717,0.1394,21.8693,0.2498,0.4518,0.0182,3.9799,50.0544
30/03/2025 07:00,1,D,0.2829,70.1594,0.8336,1.7671,0.0543,4.057,9.2473,3581.0374,35.6598,13.8813,2.2642,7.1748,17.7456,0.1833,21.2126,0.1256,1.2899,0.0158,1.0943,362.7414,1.4678,49.4958,0.7869,9.6345,2.2238,0.1977,20.1436,0.1564,0.2142,0.0,4.0405,60.6166
30/03/2025 19:00,2,C,0.3828,105.4688,0.9868,2.5947,0.0658,4.4021,6.4312,3750.1641,35.9006,11.5598,3.2524,8.4233,12.276,0.1,16.1854,0.1096,2.3105,0.0311,1.028,277.1189,1.5305,51.4547,0.9143,9.819,2.0394,0.1269,22.9911,0.1851,0.408,0.0001,4.4447,49.8409
31/03/2025 07:00,1,D,0.2754,97.4075,1.0293,2.3604,0.0658,4.9961,7.9273,3656.7013,34.7674,14.5677,1.7829,7.9531,13.6087,0.143,21.1648,0.0914,2.0971,0.01,1.2045,259.0838,2.3064,49.502,0.5459,9.1824,4.8077,0.1429,25.3018,0.1593,0.39,0.0001,4.1832,55.4876
31/03/2025 19:00,2,C,0.1884,84.0902,0.6409,1.8888,0.0634,4.6259,6.331,2550.0152,29.1341,10.4648,1.8283,8.4942,20.2117,0.0983,19.0132,0.097,1.5027,0.0231,0.6243,271.3015,1.8325,52.0981,0.7664,8.8818,4.1681,0.0867,22.9388,0.1213,0.4035,0.0108,4.2517,60.5218
01/04/2025 07:00,1,D,0.5242,76.4535,1.634,2.3415,0.0601,5.2504,8.4745,1840.0445,40.5368,14.3382,1.4542,8.5835,15.056,0.1514,16.2378,0.1079,2.1613,0.0286,1.0358,236.6306,0.9001,49.5647,0.6353,11.2105,2.9111,0.1626,19.3751,0.2239,0.3805,0.0014,4.8966,55.125
01/04/2025 19:00,2,C,0.3156,93.4886,1.5806,3.1797,0.0659,4.2241,5.3208,1943.2644,34.128,11.6665,1.1316,8.5466,23.1888,0.1472,23.0351,0.1092,2.3383,0.0193,1.0081,249.2677,2.2897,49.7448,0.462,9.8388,7.2486,0.1343,25.3902,0.1936,0.4645,0.01,3.3299,60.4277
02/04/2025 07:00,1,D,0.1869,87.4065,0.724,1.7739,0.0419,4.659,4.6778,3205.7809,31.2525,12.0136,1.0963,8.3268,16.317,0.1112,33.3003,0.133,1.4546,0.0288,0.945,262.6788,1.2202,49.8859,0.6664,9.4513,4.355,0.1109,45.211,0.1951,0.2248,0.0,4.2855,69.9283
02/04/2025 19:00,2,C,0.2601,88.7256,1.0768,1.8999,0.0827,5.0321,5.2826,2461.92,28.631,10.8125,1.7086,9.0936,24.5134,0.0986,16.5418,0.1112,1.652,0.0235,1.1805,290.2709,1.8999,48.7905,0.6048,10.1179,4.2851,0.1076,21.7418,0.1901,0.2986,0.0078,4.8813,58.1964
03/04/2025 07:00,1,B,0.3083,148.7928,1.4953,3.2544,0.1457,5.3943,6.9383,2909.5958,34.7473,12.5444,2.8424,9.1855,14.9745,0.1161,17.7124,0.2393,2.5273,0.0401,0.8631,205.4047,3.0484,46.1925,1.0813,9.9832,5.6227,0.1337,26.4601,0.3621,0.5413,0.0109,4.207,54.1708
03/04/2025 19:00,2,A,0.2601,86.2914,0.7568,2.3166,0.0956,4.3297,5.8707,2501.4496,29.0847,10.0756,2.3486,7.8836,18.8187,0.0972,20.2825,0.2361,2.6349,0.0611,0.5101,195.8802,0.6927,51.6706,0.8514,10.6363,4.1796,0.1323,24.2755,0.2155,0.2924,0.0169,3.3723,50.5816
04/04/2025 07:00,1,B,0.5751,69.2723,0.7137,1.4698,0.0965,3.776,12.0356,2795.8721,32.3121,12.6231,4.2697,9.4443,14.9783,0.2172,16.5353,0.1051,1.6601,0.0235,1.072,257.2722,2.0625,50.3087,0.9087,9.9529,2.682,0.2593,20.9526,0.1212,0.1532,0.0003,3.8074,55.1985
04/04/2025 19:00,2,A,0.2859,105.2463,1.0819,2.3834,0.0686,4.8347,5.8012,3012.2126,33.7905,11.4844,1.3388,7.4889,15.057,0.0906,15.739,0.1255,1.8723,0.0103,0.8642,253.8147,1.8897,52.1668,0.6211,8.2543,2.4654,0.108,22.0123,0.1563,0.3232,0.0,3.9922,57.4814
05/04/2025 07:00,1,B,0.2174,71.5484,0.6258,1.4548,0.0428,5.1012,6.056,2830.4425,38.0142,13.5841,2.0662,8.2416,9.3428,0.1062,17.4269,0.0693,1.0013,0.008,0.8006,331.0966,1.6835,51.2224,0.5795,9.2783,2.9797,0.1217,21.1592,0.0992,0.4365,0.0007,4.2505,60.0289
05/04/2025 19:00,2,A,0.5805,94.8063,1.75,4.604,0.1761,5.1763,8.1402,2190.7516,43.49,8.2138,3.033,7.4694,9.2342,0.1805,17.1218,0.1862,3.5557,0.0529,0.683,182.2596,1.8427,52.3192,0.818,10.424,2.0529,0.2052,22.6197,0.2884,0.6961,0.014,4.2195,52.7113
06/04/2025 07:00,1,C,0.2121,153.7842,1.6401,3.6295,0.097,5.8355,4.2287,2360.4214,34.1732,14.1965,1.9652,7.9387,13.3396,0.089,17.3606,0.1114,2.5614,0.0251,0.5732,282.398,2.0091,48.3648,1.0383,10.4497,3.8091,0.0791,24.7427,0.2065,0.8562,0.0167,5.3716,54.6694
06/04/2025 19:00,2,D,0.4214,96.2035,1.3652,2.1479,0.0733,5.2311,6.7478,2919.1784,42.7777,8.1348,2.1702,7.0362,13.957,0.1927,15.5316,0.2192,1.5423,0.038,0.8075,308.2335,2.1515,53.6097,0.895,9.0903,2.5076,0.1796,19.7661,0.2778,0.3639,0.0189,4.9544,57.828
07/04/2025 07:00,1,C,0.4081,90.7855,1.3231,2.6452,0.1585,4.6282,10.9833,2108.9169,34.8014,13.7018,2.8447,7.6397,14.2881,0.1249,20.3884,0.1753,2.1859,0.0534,0.7552,195.0554,1.3815,47.7886,0.971,9.3865,7.5244,0.1476,26.9371,0.2328,0.2475,0.0105,3.8789,58.1629
07/04/2025 19:00,2,D,0.591,59.5729,0.9317,2.3085,0.1423,4.7624,17.5989,2264.7506,40.9268,11.2772,5.8435,10.2546,7.1977,0.2414,13.6339,0.1136,2.4423,0.0381,1.4586,213.4587,1.3535,50.9028,1.4347,9.9489,1.7579,0.2353,16.6707,0.1982,0.3006,0.007,4.4104,55.2141
08/04/2025 07:00,1,C,0.3632,76.4438,1.6087,3.8793,0.1132,4.9415,7.8983,1571.2744,37.8337,11.5111,2.7503,8.3765,16.3452,0.1102,13.8676,0.1792,2.7525,0.0245,0.8882,189.2158,1.8585,46.4132,0.6651,11.7455,5.7441,0.1254,18.3883,0.2464,0.6646,0.0057,4.3413,51.8294
08/04/2025 19:00,2,D,0.3705,75.6733,1.0254,3.6187,0.1434,4.8784,11.8602,2324.9931,38.2636,9.276,2.1062,7.332,13.9476,0.1309,15.284,0.1979,2.9726,0.0427,0.6856,228.3305,1.6232,53.7963,0.7474,10.9369,3.367,0.1273,18.8026,0.2079,0.5348,0.0131,4.3944,49.9452
09/04/2025 07:00,1,C,0.3201,111.4567,0.9905,2.0715,0.0651,4.2293,6.5653,2222.4918,31.6993,14.8258,2.0522,9.557,15.2768,0.1456,25.2039,0.1005,2.3406,0.0315,0.91,239.5148,1.0988,48.1479,0.9729,11.6339,7.2172,0.1458,30.3626,0.1443,0.2737,0.016,4.5579,58.5998
09/04/2025 19:00,2,D,0.4267,116.2322,1.4825,3.3736,0.1665,4.7265,8.7868,1825.9939,37.9298,11.2139,2.9494,8.2919,14.9423,0.1351,17.4984,0.308,3.0197,0.0636,0.8842,212.9824,1.7007,51.0865,1.0686,9.201,2.9296,0.1554,26.3157,0.3845,0.4508,0.016,4.3719,51.134
10/04/2025 07:00,1,A,0.8157,91.9068,2.8521,4.4672,0.1355,5.0676,6.9395,962.1465,37.3963,15.4743,1.1058,7.8967,15.4855,0.2292,18.9548,0.2115,2.9899,0.0501,1.0805,127.3171,1.1687,51.0462,0.418,9.7273,4.0177,0.2964,24.9637,0.2747,0.809,0.0144,4.6218,49.7855
10/04/2025 19:00,2,B,0.8155,89.6296,1.7709,4.1694,0.2437,5.032,8.8711,1634.6074,32.1061,11.2474,3.9532,9.4491,17.2061,0.234,18.7254,0.1627,3.6197,0.1055,0.886,141.6767,1.767,48.9361,1.0801,10.8887,3.3771,0.2684,24.6741,0.2809,0.4305,0.0228,4.6725,47.5848
11/04/2025 07:00,1,A,0.1657,85.725,0.7634,1.8401,0.0734,4.591,5.5404,2635.2437,34.1543,9.4326,2.8193,8.5372,18.0823,0.1108,19.0975,0.077,1.6522,0.0243,1.0655,288.4325,2.0486,48.7831,0.8898,11.0501,6.701,0.0838,25.4836,0.1316,0.2085,0.0,3.8212,55.6617
11/04/2025 19:00,2,B,0.2709,107.78,0.6178,1.4042,0.0974,4.2903,7.532,4946.5361,28.1961,12.6023,5.0418,10.2356,14.7277,0.1068,22.3593,0.1388,1.7101,0.027,1.1334,394.8999,2.1422,49.9266,1.3316,8.573,4.5457,0.1136,32.1782,0.1817,0.2215,0.0158,4.1365,54.7475
12/04/2025 07:00,1,A,0.4727,67.9428,1.6101,4.1731,0.1655,5.463,11.9779,1315.7797,31.9947,13.8007,3.5954,9.668,16.2356,0.1679,13.3876,0.411,4.1203,0.0692,0.7483,121.4466,1.6056,52.12,1.2567,9.896,2.1116,0.1966,15.7394,0.4104,3.3327,0.0304,4.8353,52.589
12/04/2025 19:00,2,B,0.3569,85.0878,1.7152,3.3157,0.0957,5.1293,7.669,1373.7212,28.4783,16.409,2.2915,8.8248,18.1803,0.115,13.7975,0.1126,3.0025,0.0392,0.7067,158.3906,1.4471,51.4757,0.9134,12.7586,2.2361,0.1128,17.7822,0.2022,0.6154,0.0122,4.7511,52.747
13/04/2025 07:00,1,D,0.3101,133.4756,1.2685,3.335,0.1407,4.9972,6.3946,3026.2672,33.9936,16.0873,2.7993,8.0099,15.0699,0.1239,21.7449,0.1805,3.1305,0.0387,0.5327,194.212,0.7286,50.7408,0.6784,9.8958,2.8746,0.1175,30.3904,0.2479,0.3768,0.0083,4.5872,49.8155
13/04/2025 19:00,2,C,0.5384,102.7783,1.0942,2.8953,0.121,4.6653,9.9899,2526.4791,37.1266,14.405,1.7923,8.1274,17.6972,0.1745,17.474,0.1749,2.8566,0.0486,1.3511,191.8277,1.0073,49.3355,0.797,9.4899,3.8867,0.1765,22.4117,0.1965,0.3374,0.0027,4.0184,57.2105
14/04/2025 07:00,1,A,0.272,77.7719,0.651,1.8315,0.0639,4.4029,7.5963,3522.0221,32.3147,11.188,3.1895,9.0092,20.1919,0.0881,16.3719,0.0528,1.703,0.0536,1.1294,309.2269,1.7086,49.6027,0.8838,10.6199,5.4394,0.0986,20.9787,0.1248,0.4588,0.0275,4.2354,55.148
14/04/2025 19:00,2,B,0.5309,127.1041,2.314,4.428,0.1439,5.9292,9.474,2103.3536,40.159,14.0211,2.1899,7.0562,14.1002,0.1078,19.7007,0.1203,3.7158,0.0548,0.8427,154.7208,1.7306,48.3482,0.6971,10.3381,7.398,0.1402,24.1468,0.1781,0.3486,0.0147,4.6762,60.2583
15/04/2025 07:00,1,A,0.4251,80.1843,1.0032,1.7769,0.1114,4.5068,7.8498,2460.7735,34.9865,11.7141,3.1209,9.6364,14.0573,0.1451,18.0467,0.1336,1.0132,0.021,1.3278,244.1332,2.4695,51.5869,0.7762,8.8049,2.9282,0.1726,22.3692,0.194,0.2654,0.0107,3.34,53.6526
15/04/2025 19:00,2,B,0.3723,126.6885,2.3647,5.147,0.1659,6.4014,6.3775,2533.5246,37.0637,14.8105,2.4744,8.9836,8.5085,0.1252,25.8515,0.2908,4.1883,0.0912,0.7674,232.1443,2.2708,50.9178,1.0108,10.6644,2.4016,0.1312,31.356,0.3439,0.6395,0.0181,5.4918,55.8466
16/04/2025 07:00,1,A,0.2797,78.429,0.7313,1.4181,0.0871,4.8158,8.4616,3345.2568,31.7175,15.2761,3.4582,8.8739,11.1163,0.112,16.8523,0.0658,1.6315,0.0339,0.5771,234.7568,1.8342,53.1552,0.8597,9.5609,2.914,0.1193,20.3367,0.1192,0.4725,0.0225,4.0994,56.1277
16/04/2025 19:00,2,B,0.5108,102.4678,2.6651,4.5034,0.1554,6.5511,5.2295,1557.7268,32.2445,17.7258,1.1728,9.0494,18.3308,0.2138,18.1674,0.2432,4.0605,0.0469,0.7526,169.503,1.3072,52.8755,0.6823,12.1301,3.1507,0.2372,24.9584,0.3629,0.6266,0.021,5.6026,59.6648
17/04/2025 07:00,1,C,0.3341,62.0142,0.9433,2.0374,0.0873,4.8859,5.8845,1754.8657,30.5545,12.3885,2.1646,8.5175,11.8523,0.1286,12.4983,0.216,1.6914,0.0377,0.8628,202.633,1.8644,54.3128,0.6829,9.2277,2.161,0.1448,17.4197,0.2703,0.3558,0.014,4.4224,51.9751
17/04/2025 19:00,2,D,0.3343,87.8395,1.0477,2.6285,0.0738,4.9971,9.7469,2982.6784,33.2888,13.3663,1.865,7.5657,19.8229,0.1855,20.1841,0.1141,2.0605,0.023,0.7205,173.2324,0.8592,51.2194,0.5454,9.1943,4.6147,0.1685,25.7813,0.1356,0.3783,0.0141,4.7632,54.7225
18/04/2025 07:00,1,C,0.3085,94.5271,0.7512,1.1163,0.051,5.6152,8.6032,3927.6984,35.7937,14.5712,2.8107,10.7016,12.8209,0.14,18.9394,0.1455,1.4969,0.0247,1.4426,529.0171,1.8803,49.3345,0.9593,8.8927,2.3619,0.1451,24.3459,0.142,0.3213,0.0,5.6439,55.267
18/04/2025 19:00,2,D,0.4362,75.5572,0.956,1.3826,0.0746,4.1394,7.0706,1996.0521,26.5089,12.4485,2.6297,9.3246,24.2095,0.1999,11.5566,0.1294,1.0311,0.021,1.0703,294.7885,2.2912,44.4229,0.9127,9.4242,15.3349,0.2142,19.8612,0.1859,0.319,0.0176,3.8083,49.8702
19/04/2025 07:00,1,C,0.2406,109.462,1.1255,3.3102,0.1196,4.945,6.0011,3214.6634,36.9236,12.0832,2.426,7.401,14.4628,0.1099,27.7356,0.3702,2.2551,0.0518,0.8441,227.6088,3.9417,50.8335,1.0136,10.9578,1.577,0.1021,36.6729,0.3413,0.8046,0.0274,4.6398,52.7153
19/04/2025 19:00,2,D,0.4245,103.4674,1.3929,2.8539,0.0945,5.0222,7.8149,3268.3673,34.6774,12.4302,2.5403,7.7408,15.8654,0.135,16.8382,0.2226,2.2646,0.021,0.7943,270.286,2.382,48.7706,0.7027,8.7798,2.5198,0.1584,24.276,0.2757,0.3734,0.0065,4.4811,57.999
20/04/2025 07:00,1,A,0.2546,79.8994,0.8599,2.0689,0.061,4.3363,11.1409,3139.8042,36.645,7.0696,2.2495,7.7963,17.9688,0.1515,15.5374,0.3163,1.4843,0.0331,1.2172,362.349,2.4212,50.5749,0.8417,8.8489,1.6262,0.1388,22.3372,0.275,0.348,0.0071,3.5351,56.7187
20/04/2025 19:00,2,B,0.1106,118.9484,0.6979,1.7732,0.0396,4.6284,6.7943,5481.8315,35.4965,12.2467,1.559,7.6858,19.1251,0.0526,20.7829,0.0488,1.5442,0.0193,0.7574,419.7738,1.2484,51.1793,0.6157,9.3053,2.6568,0.0474,23.9496,0.1322,0.3161,0.0197,3.6076,52.9842
21/04/2025 07:00,1,A,0.3852,67.2816,1.3247,3.4179,0.1117,5.0817,9.8925,2550.8506,40.5217,7.7684,2.4596,7.5187,11.7127,0.1363,11.4825,0.209,3.7741,0.0387,0.6931,164.6205,1.3521,53.764,0.7475,9.524,1.7235,0.1561,18.1123,0.2198,0.4999,0.005,4.3652,54.5217
21/04/2025 19:00,2,B,0.4028,89.7112,1.3522,2.2066,0.1148,4.9733,9.5535,2904.5282,40.6921,13.155,2.3985,9.8851,17.2649,0.143,21.6728,0.1685,2.1052,0.0489,0.9192,287.726,2.179,51.8508,1.1009,10.1569,2.446,0.1592,25.6263,0.2482,0.4408,0.0189,4.5563,57.3774
22/04/2025 07:00,1,A,0.6217,54.1737,1.4919,2.6173,0.1837,4.1797,15.2389,658.9906,36.2982,7.5781,3.1837,7.8985,14.4588,0.1722,8.3818,0.218,1.5914,0.0352,1.7362,213.4597,2.897,52.8047,0.8512,8.7244,1.3754,0.2043,10.2518,0.2646,0.6357,0.0128,3.6829,58.7765
22/04/2025 19:00,2,B,0.971,93.5334,2.3873,6.1969,0.3166,5.4757,7.4622,1533.0814,34.3043,8.3749,3.086,6.7188,19.9333,0.2465,17.7244,0.3188,4.7519,0.1402,0.861,98.5574,1.1895,46.8651,0.8582,9.5357,3.9032,0.2719,20.1628,0.4193,1.6699,0.0261,4.2743,57.9403
23/04/2025 07:00,1,A,0.2655,135.8278,0.7122,2.3261,0.0959,5.306,6.1371,4911.6235,37.1502,13.3879,1.886,8.474,11.3506,0.2058,42.8746,0.1975,2.385,0.0735,0.6063,362.0973,1.5309,51.214,0.8594,9.2847,2.6418,0.2088,46.2259,0.1737,0.4243,0.0148,4.6101,54.2416
23/04/2025 19:00,2,B,0.1674,73.1759,0.8164,2.1731,0.0482,4.1048,9.1759,3394.7981,35.4509,11.1709,1.314,6.699,11.5198,0.1068,16.2772,0.0723,1.989,0.0234,0.8014,309.2949,1.6694,53.2309,0.7618,9.1471,2.2827,0.0925,23.4132,0.1034,0.2617,0.0094,3.7456,59.1448
24/04/2025 07:00,1,C,0.3732,97.1102,1.0475,2.6462,0.0733,4.6857,6.6098,3015.7552,33.7045,9.1952,0.8899,7.7622,21.1478,0.147,22.0365,0.2172,2.5619,0.0434,1.0443,220.3737,0.7308,54.2712,0.6248,10.3855,1.9711,0.1452,25.9299,0.235,0.3428,0.0023,4.7015,55.2769
24/04/2025 19:00,2,D,0.7129,94.6873,1.3014,2.9492,0.1045,5.0797,14.7513,1921.6221,38.5682,9.7015,2.0925,8.4093,13.1297,0.2317,22.384,0.2199,2.8302,0.0489,1.0417,234.7735,1.9384,47.8255,0.6983,9.9794,4.9858,0.2927,28.6941,0.2537,0.7593,0.0145,4.8879,55.2378
25/04/2025 07:00,1,C,0.3739,51.0778,0.843,1.8563,0.1184,3.5297,9.2752,1417.441,31.0531,11.0528,5.7129,9.9598,15.0961,0.1045,9.2913,0.1335,1.4,0.0236,0.9544,197.6903,1.7319,49.4845,1.0911,8.796,3.0678,0.1308,11.0224,0.1849,0.2964,0.0039,3.2217,52.368
25/04/2025 19:00,2,D,0.2368,49.8269,0.6791,1.7317,0.0445,4.4924,7.6412,3076.0377,35.8057,10.5826,2.2142,8.1551,15.0699,0.1096,15.0907,0.097,1.2385,0.0342,0.8108,183.0209,2.2114,49.5097,0.955,10.7769,3.0513,0.1173,16.2546,0.128,0.2983,0.0048,4.0321,56.0711
26/04/2025 07:00,1,C,0.267,82.123,0.4791,1.4098,0.0422,4.358,7.3166,3470.3693,27.0357,11.0406,1.9478,7.4795,16.0141,0.0936,15.6796,0.0964,1.6288,0.0164,0.8739,249.8441,1.9611,52.6189,0.8759,8.7608,3.6483,0.1204,20.9319,0.0893,0.2436,0.0081,3.5957,58.4307
26/04/2025 19:00,2,D,0.2174,110.5713,0.818,1.6127,0.0372,4.1307,6.4658,4639.0793,36.2356,10.2722,1.3916,7.5768,25.3108,0.0931,14.8288,0.0948,1.5761,0.0092,1.4493,436.6022,1.6811,47.2586,0.5073,10.9561,4.9081,0.0928,23.7296,0.1303,0.265,0.0003,3.6095,63.8961
27/04/2025 07:00,1,B,0.4033,90.5209,0.6495,1.1444,0.1017,5.2188,13.4034,4407.9645,36.0782,12.09,3.0552,8.9894,8.0903,0.1517,20.1065,0.158,0.9782,0.0286,1.3515,453.8732,1.4668,50.3411,0.8492,9.1137,3.6086,0.1733,24.8901,0.1478,0.133,0.0147,4.7375,53.6258
27/04/2025 19:00,2,A,0.3162,63.2281,1.7562,3.1816,0.0817,5.2373,6.1796,1842.3333,39.5392,11.681,1.5002,8.5308,14.424,0.1109,11.4742,0.2062,2.382,0.0364,1.007,181.7899,2.4773,52.205,0.642,10.2909,1.8504,0.121,14.5899,0.3043,0.626,0.0181,4.5383,63.3926
28/04/2025 07:00,1,B,0.1916,93.6924,0.7635,2.2684,0.0622,5.3737,5.2058,3075.0786,35.2054,15.3931,1.6032,8.1494,18.7124,0.1133,15.9017,0.1206,2.7732,0.0507,0.7628,181.1876,0.9539,51.4705,0.5849,9.6172,4.2694,0.1046,21.918,0.133,0.3513,0.0031,4.8164,61.0323
28/04/2025 19:00,2,A,0.3044,101.7131,1.7898,3.1466,0.1278,4.7944,8.3859,2367.8821,37.0654,12.5095,3.0974,7.0492,9.8208,0.1035,14.0744,0.2439,3.2058,0.0772,0.3969,161.3511,1.3778,51.9991,0.9751,7.751,1.8186,0.1208,22.8272,0.2817,0.5547,0.0203,4.6798,58.5101
29/04/2025 07:00,1,B,0.3557,112.0077,0.5826,1.4158,0.0861,4.3561,11.6419,3945.5912,27.2044,12.6329,3.2723,8.6816,18.4132,0.1622,25.8324,0.108,1.0329,0.0306,0.8213,325.6478,0.7131,52.6973,0.9032,9.9856,4.9892,0.1556,32.1263,0.1226,0.1911,0.0072,4.2741,48.5578
29/04/2025 19:00,2,A,0.443,84.1526,1.2185,3.2726,0.1005,3.7113,9.9263,2819.5158,40.1095,14.0267,3.6132,8.5217,10.3208,0.1902,15.775,0.041,2.4504,0.0332,0.6022,204.117,1.0688,51.484,0.9057,10.289,4.6852,0.182,19.6864,0.1352,0.4673,0.0057,3.5095,63.1599
30/04/2025 07:00,1,B,0.1538,69.8784,0.7614,1.8953,0.0342,4.853,4.0942,3955.302,31.859,17.5511,1.2437,8.3407,17.248,0.0585,19.9406,0.0828,1.7582,0.0186,0.5017,312.3222,1.7195,49.9621,0.6315,9.8263,4.0782,0.086,19.6809,0.1302,0.3555,0.0011,4.5379,61.9538
30/04/2025 19:00,2,A,0.5698,81.7891,1.3717,3.4146,0.1944,5.3358,11.2212,1813.0943,28.0575,11.8546,3.3716,8.1433,21.9399,0.1646,16.7614,0.2027,2.546,0.078,0.7975,148.1014,1.2531,52.9913,0.8014,8.5621,0.9788,0.1808,18.8388,0.2383,0.4831,0.0243,4.8704,
01/05/2025 07:00,1,D,0.3714,58.222,1.1614,1.8617,0.1017,4.757,8.9987,1213.981,37.7187,14.0682,2.706,7.5169,11.0618,0.1753,9.7655,0.186,1.5158,0.0474,0.9266,216.4287,2.3142,49.9395,1.0558,10.9392,2.5052,0.1727,12.5557,0.2082,0.3023,0.0173,3.8397,50.5963
01/05/2025 19:00,2,C,0.2763,65.3322,0.9119,2.3302,0.1059,4.2231,4.4619,2230.3309,31.7136,11.8735,3.2816,9.5213,11.5954,0.1128,14.4738,0.1866,2.212,0.0422,0.7013,208.327,2.093,52.121,0.8802,8.7508,3.5751,0.1588,20.5361,0.2231,0.4476,0.0139,3.8641,
02/05/2025 07:00,1,D,0.2309,79.7507,1.476,2.8168,0.0797,5.055,6.6117,1856.4038,34.4977,10.8547,0.8444,7.4223,18.1614,0.1322,17.5887,0.2505,2.4238,0.0352,0.8114,187.8008,2.2972,51.733,0.7054,8.6416,1.8016,0.1091,23.5468,0.3347,0.4717,0.0159,5.026,60.8196
02/05/2025 19:00,2,C,0.7997,67.6928,1.5069,2.8976,0.1519,4.2564,9.1559,1315.7601,32.4545,12.1951,2.828,8.0455,18.6487,0.2294,10.8893,0.1939,2.4937,0.0314,0.8736,121.7883,1.991,54.3742,0.8382,10.8999,3.1184,0.2807,15.0519,0.2847,0.4365,0.0099,4.4711,48.8415
03/05/2025 07:00,1,D,0.3787,101.0242,0.9756,2.6466,0.0762,4.7295,6.6623,2100.0864,33.0476,17.2466,1.4563,8.7305,14.6614,0.1357,19.7048,0.1703,2.2303,0.0401,0.9286,174.0249,1.9118,50.8609,0.6656,8.407,4.5251,0.1587,27.4268,0.2116,0.5025,0.0144,4.3603,52.3799
03/05/2025 19:00,2,C,0.32,85.9531,1.4128,2.8068,0.0698,4.7275,7.0484,2169.6807,41.5916,10.5535,1.2254,6.5636,13.2541,0.15,15.7806,0.1827,2.7855,0.0289,1.216,217.1865,1.4521,52.9469,0.6893,10.2129,2.5009,0.1643,19.1609,0.2697,0.2838,0.0051,4.6336,61.5664
04/05/2025 07:00,1,A,0.6547,62.543,1.3949,2.4944,0.1221,4.5846,14.4745,2131.0381,41.1447,11.8957,2.9664,8.6206,11.8113,0.2087,17.7742,0.1775,2.8669,0.0425,1.0308,175.2071,2.0809,50.9355,0.8726,8.6435,2.141,0.2349,17.6261,0.2875,0.7621,0.0239,3.8637,55.0486
04/05/2025 19:00,2,B,0.1896,72.0406,0.6994,2.0004,0.0815,4.5445,8.2871,2560.9646,35.2047,13.3812,1.6051,7.8746,13.6455,0.113,16.3059,0.1609,0.977,0.0325,1.5668,303.96,2.5819,50.2536,0.8504,10.4865,4.9619,0.0893,22.885,0.1793,0.5089,0.0142,4.0561,53.7064
05/05/2025 07:00,1,A,0.3751,114.0064,1.5289,3.6384,0.1083,4.9915,6.2382,2775.3,33.632,15.1395,1.809,8.6094,11.9621,0.122,21.7201,0.1544,3.2265,0.0337,0.6945,168.4161,2.4659,48.3359,0.8741,12.7101,3.1082,0.1606,31.009,0.2364,0.5063,0.0159,4.8839,51.5245
05/05/2025 19:00,2,B,0.2406,90.0501,0.8883,2.1409,0.064,4.724,5.9916,2377.6665,31.4291,13.608,1.678,7.9672,15.28,0.0989,16.2332,0.0866,1.2735,0.021,0.6121,239.7929,1.337,54.3491,0.7407,9.7464,2.9256,0.0831,21.9111,0.1164,0.2613,0.0128,4.047,61.9767
06/05/2025 07:00,1,A,0.4646,71.5179,1.8928,5.2997,0.1347,5.048,8.5744,1595.8038,40.2137,13.119,2.1092,7.92,10.2417,0.1399,17.4242,0.4903,5.0949,0.1094,0.5777,162.1397,1.8216,52.9649,1.0511,9.0967,4.1054,0.1564,20.6269,0.518,0.786,0.0329,4.484,54.21
06/05/2025 19:00,2,B,0.3422,74.8503,1.0111,3.2178,0.1181,4.1318,5.5418,1057.7326,30.0457,10.6896,3.0155,7.9861,18.8666,0.1557,14.3456,0.1371,2.4425,0.0291,0.5948,207.7884,1.4997,52.4815,1.0132,9.8244,2.8552,0.1856,19.6406,0.191,0.4442,0.0051,3.6492,53.6642
07/05/2025 07:00,1,A,0.4938,79.4124,1.2817,2.7171,0.1439,5.0181,11.6494,2705.2303,41.864,12.6381,4.2552,6.9306,10.8689,0.1808,13.6578,0.1326,2.6793,0.0378,0.7909,192.9368,1.998,50.392,1.1884,9.2375,3.9829,0.1919,19.1298,0.2117,0.3755,0.0081,4.5236,56.7267
07/05/2025 19:00,2,B,0.4704,110.0242,1.6601,3.292,0.1562,5.3706,5.9626,2151.4397,37.9944,13.0962,2.7202,8.0231,9.9385,0.1525,19.3321,0.2096,3.5842,0.0594,0.6939,171.6814,1.6968,49.677,0.8682,10.4464,4.9251,0.1813,26.6272,0.2661,0.6304,0.017,4.6364,60.4354
08/05/2025 07:00,1,C,0.3852,94.0885,1.4333,3.0034,0.0918,5.6646,8.8446,2947.5233,35.2465,9.755,2.1151,7.9315,15.0444,0.1504,21.0156,0.1427,2.0724,0.0231,0.9881,339.2285,1.6375,50.7118,1.0103,10.7748,2.8282,0.1668,24.0202,0.2556,0.8658,0.0131,4.6541,57.958
08/05/2025 19:00,2,D,0.4333,104.239,1.3864,3.546,0.1341,5.0164,8.6535,2351.2824,35.6374,15.4078,2.4937,9.0316,14.2213,0.1236,16.2912,0.189,2.2575,0.0307,0.9795,160.5741,2.4786,52.5366,0.707,10.2075,3.5786,0.15,23.8097,0.2372,0.5206,0.008,4.9481,57.3303
09/05/2025 07:00,1,C,0.3255,79.1036,1.351,2.538,0.0921,4.9105,7.0943,2161.0581,34.5332,13.7554,1.5291,8.2353,18.358,0.1291,17.476,0.4308,1.8048,0.0286,1.0542,214.7687,2.7497,46.6487,0.6047,8.2405,7.12,0.1319,22.9611,0.7477,1.5481,0.0192,4.5948,59.2957
09/05/2025 19:00,2,D,0.3564,81.7234,1.0495,2.0874,0.0525,5.2352,11.0515,2655.5806,32.1986,14.1239,1.7712,8.3704,14.6641,0.1552,18.837,0.2144,1.5049,0.0318,1.1607,208.3792,0.7666,55.3642,1.0178,8.3839,2.383,0.1524,21.7664,0.2133,0.467,0.0103,4.9241,62.0998
10/05/2025 07:00,1,C,0.7788,64.563,1.367,3.0211,0.0992,3.7649,13.714,1376.6089,35.2657,10.6481,3.011,8.1263,16.8016,0.2934,17.1186,0.2625,2.9093,0.0407,1.1937,123.9934,1.2244,49.8264,0.7385,10.9735,5.7772,0.338,19.4605,0.328,0.4663,0.0112,4.0008,59.1657
10/05/2025 19:00,2,D,0.2867,80.9555,0.8196,1.8195,0.0515,3.9132,7.472,2334.8171,37.3656,10.8316,1.8843,7.3617,15.3235,0.1359,16.1314,0.0901,1.5269,0.0198,0.8363,236.369,1.7801,54.3687,0.8738,10.0966,1.0998,0.1438,19.7417,0.1488,0.4185,0.0051,3.4437,52.2364
11/05/2025 07:00,1,B,0.3163,79.7654,0.5416,2.1861,0.1047,4.5047,9.4442,2994.7341,27.8758,14.2025,4.8586,9.1485,11.4989,0.134,13.1642,0.0661,1.698,0.0329,0.857,220.3468,1.49,51.1055,1.2825,9.3858,3.4311,0.1324,20.3142,0.1242,0.2483,0.0081,4.0092,53.0257
11/05/2025 19:00,2,A,0.2047,78.2592,0.637,1.3166,0.0388,4.5716,6.6848,2315.3674,26.7522,14.9072,1.7012,8.8654,20.2558,0.0655,14.354,0.0554,1.1532,0.0147,1.1022,325.082,1.0575,48.2316,0.7375,9.6208,4.3604,0.0929,18.6292,0.1017,0.1572,0.0003,3.9232,53.26
12/05/2025 07:00,1,B,0.6019,80.0586,0.9029,2.417,0.0716,5.2571,8.8653,2411.2188,34.0757,10.9987,2.5172,7.687,12.5661,0.2166,21.6576,0.1052,2.2362,0.0387,0.9369,263.4232,1.6324,51.5419,0.8917,9.606,2.3681,0.2468,24.6132,0.1576,0.3485,0.0134,4.3955,50.8181
12/05/2025 19:00,2,A,0.5105,72.0785,1.0298,2.7423,0.1264,4.3321,14.0744,2309.0982,37.845,9.4683,4.0862,8.2469,8.8574,0.1688,17.5706,0.173,1.9905,0.037,0.9777,231.5023,1.0479,54.4283,0.9802,9.8429,1.8689,0.201,22.3281,0.201,0.468,0.0107,4.0775,55.1198
13/05/2025 07:00,1,B,0.3833,66.0558,1.5733,3.6487,0.0869,5.0201,8.4868,1787.8814,37.6592,13.9265,2.1446,9.1495,13.0274,0.1344,16.6934,0.1487,3.9965,0.0333,0.7203,140.6115,1.4233,51.6177,0.7743,10.8922,2.9365,0.1598,18.82,0.2629,0.5062,0.0052,4.8737,55.6553
13/05/2025 19:00,2,A,0.4017,84.7949,1.1588,2.4411,0.1133,4.6524,10.2817,1924.555,31.954,14.1858,3.7991,8.1313,12.2975,0.1596,17.3521,0.1698,1.7937,0.0311,1.1356,203.3731,2.0918,53.3171,1.1481,9.2579,1.3688,0.168,21.9933,0.2162,0.3019,0.0119,4.3422,48.4046
14/05/2025 07:00,1,B,0.5027,52.7637,0.7876,2.0761,0.0837,4.1802,10.3296,2258.9503,33.5544,10.9845,2.4824,8.1625,19.454,0.1664,10.8996,0.0792,1.8273,0.033,0.9788,97.186,0.7422,52.3982,0.9966,8.4933,3.8628,0.2301,14.346,0.1283,0.2677,0.0044,3.5418,52.32
14/05/2025 19:00,2,A,0.2712,74.9533,1.2391,1.6665,0.047,5.1552,10.9999,3283.0546,42.1776,13.9987,1.7574,8.1284,7.6017,0.1584,20.4248,0.1437,1.7396,0.0227,1.2075,297.4345,2.286,50.5869,0.7054,10.6887,2.1355,0.1474,35.9879,0.2625,0.3375,0.0028,4.8854,
15/05/2025 07:00,1,D,0.3899,102.0248,0.991,2.0878,0.0873,5.3,7.5581,4199.1405,35.5102,12.2178,3.1857,8.3691,13.9633,0.2018,17.3756,0.1294,1.9347,0.0373,0.8445,352.5117,1.3119,49.6103,1.0173,9.6049,5.4099,0.199,24.3309,0.1981,0.328,0.0151,5.494,53.9759
15/05/2025 19:00,2,C,0.3374,73.9654,0.8042,2.7517,0.0726,4.0354,8.3407,3225.5981,35.3722,10.5088,2.2594,7.7935,17.3176,0.1487,15.4918,0.0915,3.0595,0.0357,0.7556,202.838,0.5553,51.3889,0.9406,9.8052,3.1205,0.1532,19.1588,0.1645,0.3117,0.0103,3.5373,56.5463
16/05/2025 07:00,1,D,0.2854,107.5603,1.1847,3.3537,0.0961,4.707,9.3277,3411.0862,35.0621,10.5202,2.7449,7.6746,10.3559,0.1379,30.4533,0.2321,3.1525,0.0456,0.8963,280.1938,1.6536,53.615,1.143,9.7354,1.6668,,,,,,,52.655
16/05/2025 19:00,2,C,0.4105,69.6337,1.4773,2.8562,0.0713,5.2962,11.5815,2053.1333,39.1605,11.1222,2.1473,7.3789,8.9562,0.1877,16.7353,0.2677,2.5053,0.0287,1.5712,271.8638,1.5663,49.8367,0.7717,9.3511,3.5572,0.1957,22.4598,0.3238,0.649,0.0101,5.115,65.3931
17/05/2025 07:00,1,D,0.2015,45.9958,0.4678,1.5793,0.0314,4.6007,6.3588,3075.548,35.1691,10.1975,0.8259,8.5647,15.1303,0.1045,25.2431,0.1208,1.4142,0.0303,0.9419,333.194,1.8759,54.7652,0.8361,9.0721,1.4679,0.1601,26.483,0.1107,0.2715,0.011,3.8757,54.1332
17/05/2025 19:00,2,C,0.3346,131.1626,1.16,3.2168,0.1051,5.668,8.6761,4024.8839,32.4298,16.7476,2.8791,9.6219,14.0223,0.0989,20.86,0.1178,3.0038,0.0479,0.8755,245.2253,0.8764,52.1365,0.9001,12.2769,2.4676,0.1401,26.5664,0.192,0.6341,0.0115,5.8705,58.5343
18/05/2025 07:00,1,A,0.2911,72.4443,1.2217,3.1606,0.1368,5.3108,9.0151,1850.6286,37.286,11.3363,3.3403,8.1713,16.4771,0.1106,10.31,0.1456,2.0647,0.0305,0.892,179.076,1.766,52.6377,0.9658,10.3417,2.367,0.1095,16.3275,0.2304,0.6194,0.0207,4.6758,51.2603
18/05/2025 19:00,2,B,0.2688,63.0363,0.9253,1.8013,0.087,4.6163,10.0799,2696.7269,37.982,7.8853,3.6967,8.6564,12.9933,0.1151,12.3768,0.1482,1.8534,0.0285,1.6368,329.6331,3.4153,50.313,0.9121,7.9964,3.5523,0.1219,14.196,0.2284,0.2683,0.009,3.9712,56.5771
19/05/2025 07:00,1,A,0.3396,88.4848,0.8089,1.78,0.0684,4.6955,8.0575,2747.635,30.3053,12.8794,2.3011,9.5319,25.0758,0.1532,17.6069,0.0658,1.6075,0.0429,1.2271,242.0277,1.3745,51.3828,1.0843,9.5871,1.7293,0.1576,25.4184,0.1466,0.2705,0.0034,4.2874,52.9827
19/05/2025 19:00,2,B,0.4457,71.5029,0.9962,2.5996,0.1309,5.111,11.4736,1572.3101,38.2248,13.183,3.4241,9.209,12.1203,0.1369,15.5899,0.2013,1.9303,0.058,0.8762,199.0107,1.2049,49.7571,0.811,10.2308,3.8161,0.168,20.5261,0.2459,0.4408,0.0303,4.2342,61.4646
20/05/2025 07:00,1,A,0.347,95.094,1.0351,2.993,0.1251,4.2553,7.8341,2853.9017,31.0749,13.8945,2.8924,9.653,12.6458,0.1782,21.455,0.0769,2.2895,0.0356,0.907,276.7734,2.1931,51.9664,1.06,8.3052,1.9349,0.1947,26.616,0.1195,0.5932,0.0167,4.0455,57.046
20/05/2025 19:00,2,B,0.2735,53.0074,0.9983,2.0021,0.1322,5.4147,9.0197,2528.269,35.9342,13.3717,3.4861,8.9023,8.3052,0.1142,10.4689,0.1593,2.1316,0.0341,0.6205,154.5354,1.5823,50.6468,0.9012,11.1073,3.7425,0.0956,12.7978,0.1821,0.2654,0.0019,4.9472,
21/05/2025 07:00,1,A,0.2629,74.8018,0.6253,2.056,0.0788,4.6168,12.0913,3337.4249,38.9389,11.3788,3.5082,7.4718,9.7791,0.1431,21.1708,0.1726,2.2115,0.0477,0.9316,299.6129,2.0537,49.4102,1.3377,11.8118,3.1423,0.1265,23.4035,0.196,0.2735,0.015,4.1304,52.4307
21/05/2025 19:00,2,B,0.2174,118.3729,0.9231,2.8859,0.083,4.9423,5.5943,3543.4297,33.5532,16.5321,1.6707,7.3895,9.4233,0.1252,20.2849,0.11,2.1203,0.0304,0.8774,249.7578,3.0711,48.7294,0.7431,9.429,4.699,0.1163,28.4505,0.1314,0.6602,0.0115,4.4861,60.238
22/05/2025 07:00,1,C,0.4148,116.7127,0.9599,2.3572,0.0717,5.2635,9.8888,3013.5225,33.6503,13.854,1.7173,8.212,14.0827,0.1359,21.3085,0.0313,1.522,0.0139,0.9731,194.256,1.0476,55.0179,0.6364,9.5703,1.3995,0.1638,35.1559,0.1174,0.4836,0.0011,4.5903,61.7438
22/05/2025 19:00,2,D,0.2644,68.8039,0.468,1.5901,0.0568,4.3024,5.5837,2521.3978,29.0597,13.0137,1.6417,7.6612,21.0924,0.1364,27.3322,0.133,1.5204,0.0157,1.2481,348.6523,1.1947,49.1669,0.8846,8.3024,3.9655,0.1483,24.5871,0.1144,0.3076,0.0094,4.171,59.0712
23/05/2025 07:00,1,C,0.2684,93.9628,1.5308,3.5358,0.1301,5.0294,6.3721,2041.2535,37.1279,16.7451,2.179,6.9283,9.8793,0.1261,15.2464,0.1895,2.9248,0.0407,0.3665,160.3464,1.1037,55.6825,0.6755,9.1928,1.4808,0.089,21.2828,0.2438,0.5357,0.003,4.3585,
23/05/2025 19:00,2,D,0.4936,84.4498,1.5986,6.0792,0.2804,5.6532,6.2873,1458.74,33.195,10.9177,4.5633,8.7721,15.5303,0.1394,14.0109,0.3423,5.0689,0.1219,0.3413,118.8674,1.228,51.4813,1.2577,9.7919,3.0454,0.1617,20.802,0.4045,1.3847,0.0335,4.6065,44.242
24/05/2025 07:00,1,C,0.4338,91.0872,1.274,3.6349,0.0882,4.1927,9.371,2071.7297,36.9167,14.1089,1.7529,8.1168,16.5125,0.1306,16.6542,0.2225,3.2702,0.0368,1.0421,179.0331,0.7789,55.4065,0.6746,7.7121,1.4788,0.1635,21.259,0.2245,0.5989,0.0021,3.8317,51.5482
24/05/2025 19:00,2,D,0.4092,65.3855,0.9789,2.7871,0.0753,5.373,8.2773,2265.517,40.4603,14.435,1.868,6.9226,12.9698,0.2112,15.4358,0.0764,2.2252,0.0374,0.869,165.0649,1.3156,52.0505,0.7906,9.1492,2.3698,0.2176,20.5733,0.1334,0.5511,0.0098,4.7652,60.6668
25/05/2025 07:00,1,B,0.2366,81.8091,1.0989,2.5906,0.0706,4.9731,5.659,1701.8765,33.559,12.6989,1.7391,8.8515,23.559,0.1186,13.1487,0.1404,2.4232,0.0383,0.712,238.0254,2.1171,49.0835,0.8982,9.2098,7.1121,0.1089,19.5324,0.1959,0.3751,0.0042,4.0701,62.3003
25/05/2025 19:00,2,A,0.3092,76.8006,0.794,1.988,0.1151,4.3586,6.0298,2557.4104,33.2473,13.2319,3.2368,9.043,13.2623,0.1104,14.9386,0.0796,1.7687,0.0495,1.0757,258.7072,3.5374,46.5928,0.914,10.4293,5.3446,0.1214,19.3157,0.1061,0.2339,0.0304,4.075,64.3133
26/05/2025 07:00,1,B,0.6156,37.2653,1.3925,3.2028,0.1707,4.7099,15.6551,1106.9372,37.8326,10.6781,3.8451,8.4767,12.9372,0.163,10.1279,0.1236,2.2384,0.0494,1.0966,129.6839,1.5993,47.4015,0.9181,10.6956,6.3794,0.1889,9.9517,0.1878,0.4767,0.017,3.9805,55.2142
26/05/2025 19:00,2,A,0.5927,77.7088,1.4616,2.5824,0.0875,5.3744,13.7075,2254.6027,41.3188,14.7383,2.3788,7.2993,8.9434,0.15,15.1373,0.2138,2.0102,0.0249,1.0803,141.2612,1.8016,51.8298,0.6953,9.4111,2.6225,0.1951,18.3806,0.2981,0.6578,0.0042,5.3162,51.6329
27/05/2025 07:00,1,B,0.2276,66.1539,0.5661,1.2308,0.0619,3.756,4.4718,2547.1097,33.7053,12.3179,2.977,9.6025,15.8272,0.1022,15.6597,0.1584,1.3128,0.0305,0.6818,259.7809,1.9526,53.0409,1.2411,9.2608,3.6624,0.1029,20.83,0.2263,0.1759,0.0096,3.0983,55.6801
27/05/2025 19:00,2,A,0.2447,79.8573,1.2753,2.6425,0.0849,5.2489,8.4422,2906.2058,37.8616,11.4895,1.4953,7.9882,13.0067,0.1157,19.461,0.2224,2.3154,0.0372,0.8763,281.5771,2.4143,55.5497,0.977,8.7445,1.2378,0.1038,25.119,0.3062,0.5985,0.0159,5.0715,49.0279
28/05/2025 07:00,1,B,0.4384,107.4995,1.111,1.997,0.0948,4.6148,8.9339,3207.1767,37.0524,12.5379,2.1346,7.5769,10.9609,0.1716,14.4409,0.0852,1.3429,0.0238,0.9918,170.0997,1.001,49.0595,0.8719,8.6247,2.5701,0.1892,21.3591,0.1735,0.2691,0.0017,4.2578,54.6783
28/05/2025 19:00,2,A,0.182,106.167,0.7167,2.5721,0.0893,5.1849,3.7493,2638.4589,32.0967,15.8431,2.3169,10.0561,12.6674,0.0992,21.5068,0.1059,2.0619,0.046,0.5436,220.0303,1.2408,51.4823,1.1758,10.7544,2.8691,0.0975,27.3445,0.1106,0.4973,0.0171,4.7546,56.522
29/05/2025 07:00,1,D,0.3569,71.2698,0.8239,1.9893,0.0989,4.5048,9.7346,1833.8389,34.7857,13.2928,4.2407,9.4817,10.8006,0.1016,11.9745,0.1517,2.1312,0.0284,1.0135,221.3332,1.3987,51.9188,1.2143,9.9262,2.0923,0.12,15.7604,0.1585,0.2881,0.0033,4.2378,60.8264
29/05/2025 19:00,2,C,0.2217,99.8337,1.2316,2.4164,0.0713,3.8083,3.3954,2124.5473,36.6876,11.044,1.261,7.1801,11.9094,0.1112,20.6889,0.2743,2.4348,0.0408,0.7611,416.1127,2.6932,50.2766,0.9617,10.7897,3.9255,0.1205,24.9068,0.337,0.4441,0.0082,3.7755,51.8109
30/05/2025 07:00,1,D,0.3685,94.2509,1.3762,3.0541,0.1053,4.582,8.3114,1817.15,37.9325,10.4287,2.1375,9.1144,15.78,0.1702,19.8604,0.2941,3.2467,0.0805,0.6309,186.5967,1.0974,50.4891,0.8613,9.9463,2.9379,0.176,26.9158,0.302,0.7941,0.0167,4.3159,57.5781
30/05/2025 19:00,2,C,0.349,67.3835,1.3649,3.4405,0.0987,5.4495,10.9785,2894.5227,40.3842,13.3298,2.8984,8.6047,10.9667,0.1536,15.259,0.1426,3.6318,0.0446,0.867,259.1553,2.1184,50.363,0.8426,8.4809,1.9349,0.1715,17.5759,0.2508,0.5691,0.0191,4.3462,58.9604
31/05/2025 07:00,1,D,0.1985,91.7702,0.8378,2.1196,0.0472,5.2369,5.1783,2322.1326,33.9168,11.5327,1.5375,7.171,15.5381,0.0788,17.0263,0.1369,1.9002,0.0177,0.7953,243.3211,2.0621,57.5727,0.5241,8.2793,1.2363,0.0852,26.5499,0.2009,0.3319,0.0007,4.4335,54.5591
31/05/2025 19:00,2,C,0.4236,83.0809,2.4428,5.6792,0.1215,6.262,5.0206,1617.2209,37.3122,15.8408,1.0788,6.603,18.0643,0.1701,17.9407,0.3203,4.2778,0.0398,0.7338,166.7081,0.9273,50.7295,0.7465,10.8444,2.8501,0.158,22.2246,0.4657,1.9549,0.0069,5.5263,55.5683
01/06/2025 07:00,1,A,0.2891,108.0083,0.9714,2.3136,0.1012,5.743,10.8641,3446.8812,40.8195,12.0011,1.723,8.4092,9.3682,0.1333,18.8377,0.0856,1.5396,0.0328,0.7712,311.4888,1.8285,51.5574,1.0062,8.4276,1.5746,0.149,29.0263,0.1648,0.4779,0.024,4.8463,65.9681
01/06/2025 19:00,2,B,0.4198,98.989,1.61,3.3396,0.1171,4.7796,8.8179,2643.8347,32.8313,10.5487,3.3999,9.0938,19.4683,0.1723,22.0657,0.3887,3.3247,0.0662,0.6583,234.4418,2.6426,50.2281,1.2914,10.2483,3.8692,0.1684,26.0883,0.4357,0.4798,0.0152,4.2882,
02/06/2025 07:00,1,A,0.2678,55.8877,1.4213,3.4837,0.1191,5.2053,7.1185,1641.0935,32.8519,11.9525,2.5992,8.0313,14.5096,0.1325,14.141,0.2524,2.5722,0.0316,0.7144,205.5098,2.6888,48.5341,0.8291,9.5411,2.9651,0.1464,17.212,0.3439,0.8791,0.0172,5.094,54.9645
02/06/2025 19:00,2,B,0.5145,70.0975,1.071,1.678,0.1135,5.5587,9.9383,1656.8652,35.4263,11.9814,4.3539,8.1796,16.9022,0.1699,9.6307,0.0886,1.6814,0.0493,1.0022,230.934,1.7336,51.1904,1.1735,10.6101,3.1136,0.1926,14.5484,0.1605,0.212,0.0231,4.6538,51.097
03/06/2025 07:00,1,A,1.0144,121.2134,1.6613,4.0636,0.1707,5.401,19.447,2620.8774,36.0639,15.1804,4.1508,8.3311,12.5928,0.2655,19.3015,0.1786,4.0019,0.0418,1.2016,167.1625,0.9372,48.1238,0.9609,13.1872,4.3681,0.3115,24.4615,0.2183,0.6252,0.0071,5.0906,48.8078
03/06/2025 19:00,2,B,0.2999,86.0477,1.2615,3.0122,0.0964,4.3978,6.6512,2426.9,36.5429,10.8943,3.1557,7.5609,8.8346,0.0941,11.4395,0.1628,2.2407,0.039,0.6248,168.8968,1.4623,46.0684,0.7403,10.067,7.7767,0.1117,17.9108,0.1943,0.5225,0.0249,4.11,55.0494
04/06/2025 07:00,1,A,0.3918,81.1985,1.1278,2.1982,0.0829,4.746,7.6783,1859.9632,37.0442,14.3089,2.6128,8.5751,15.1229,0.1383,12.9266,0.0779,1.9226,0.0185,0.8297,142.0158,1.9591,53.6745,0.7816,9.4676,1.9582,0.122,17.7964,0.1434,0.4379,0.0154,4.5334,57.935
04/06/2025 19:00,2,B,0.2972,113.4875,1.1492,2.6543,0.1247,3.7756,6.9745,2399.5748,38.4963,16.3285,2.3744,7.3229,10.1356,0.144,21.7751,0.1048,2.8893,0.0424,1.0331,182.5351,1.9375,54.475,0.7954,8.7533,1.7053,0.1294,27.4401,0.1832,0.4588,0.0242,3.5257,55.2043
05/06/2025 07:00,1,C,0.4478,71.8465,1.185,1.973,0.0996,4.7664,11.1132,1832.9883,31.4073,8.0624,2.9379,7.9342,18.1852,0.1553,12.0866,0.1317,1.7213,0.025,1.703,258.7932,3.4708,53.5543,0.8984,8.4733,1.8891,0.1588,15.9762,0.2115,0.3532,0.0082,4.2798,48.3466
05/06/2025 19:00,2,D,0.5906,97.0128,1.0871,2.3983,0.0759,4.4435,14.9925,3160.4762,44.6802,11.6407,2.2913,7.7711,8.5181,0.2389,18.6496,0.2395,2.1408,0.0438,1.4978,298.009,2.7447,52.0329,0.9249,8.6548,1.4802,0.2454,22.7116,0.2983,0.8475,0.0178,4.4367,60.2919
06/06/2025 07:00,1,C,0.5271,86.7737,1.285,2.7909,0.1579,4.6077,13.5078,1981.0381,35.067,11.9975,5.1792,8.2559,16.0375,0.1487,14.4421,0.3059,2.9892,0.0389,0.8667,218.9925,1.1086,48.4914,0.7753,8.718,2.9657,0.1702,18.6277,0.3765,0.2444,0.0026,4.1035,47.5286
06/06/2025 19:00,2,D,0.2061,83.9342,0.4429,2.0391,0.0549,4.3177,4.7976,2247.8546,33.7568,10.9192,1.8031,8.583,17.9098,0.0908,14.5545,0.1224,1.4677,0.0252,0.6298,251.7063,1.4691,48.5246,0.7504,10.1049,5.0498,0.1036,23.4607,0.082,0.4352,0.0079,3.6096,55.1903
07/06/2025 07:00,1,C,0.296,62.9664,0.8818,1.6075,0.0629,4.083,6.901,2239.9637,30.7642,14.8369,1.9632,9.3264,11.7736,0.1457,19.385,0.0848,1.2951,0.0305,0.9493,233.503,1.38,50.3601,0.9898,9.578,4.7374,0.1679,21.0779,0.1394,0.2362,0.0154,3.826,58.5387
07/06/2025 19:00,2,D,0.2507,83.3798,1.1837,2.5448,0.0714,4.9741,7.199,2511.4894,34.7458,9.5352,1.8371,7.536,17.3453,0.1383,14.8923,0.1093,1.9516,0.0228,0.933,356.6926,1.8149,52.383,1.1807,11.3241,2.6955,0.1596,18.9789,0.2088,0.2808,0.007,4.4381,57.4342
08/06/2025 07:00,1,B,0.2828,97.051,0.8094,1.586,0.0554,4.6899,8.3091,2930.433,40.3453,13.308,1.477,6.7087,14.1966,0.1082,12.8046,0.1065,1.5939,0.0152,1.1918,190.044,2.2004,52.0781,0.7138,9.0186,5.2438,0.131,21.7315,0.1383,0.2543,0.0116,4.337,52.7897
08/06/2025 19:00,2,A,0.5664,59.8968,1.2952,2.7612,0.093,4.7569,9.5674,1151.3828,36.8992,9.9051,1.2012,6.7633,14.9659,0.2189,13.0748,0.1017,1.8756,0.0306,1.4537,157.2048,1.5725,50.2851,0.5567,7.9545,3.5759,0.2632,16.7326,0.1422,0.6325,0.0044,4.4663,57.135
09/06/2025 07:00,1,B,0.3329,120.0226,0.8682,2.2572,0.0735,4.7937,9.1138,3651.3431,39.0081,10.3722,2.703,8.3647,12.8305,0.1215,22.2895,0.2322,2.4144,0.0323,0.8081,218.9895,1.4041,53.965,0.919,8.9917,1.8925,0.1459,27.3574,0.2838,0.3601,0.0237,4.7584,54.1844
09/06/2025 19:00,2,A,0.4935,80.6406,1.3416,2.5974,0.1112,5.3075,6.9244,2460.5757,33.5072,8.558,1.8771,7.4368,19.0729,0.1799,18.1404,0.1742,2.324,0.0431,0.8195,253.2813,1.287,49.769,0.7396,9.2708,3.2496,0.1903,20.65,0.2146,0.3714,0.0226,5.0234,61.2109
10/06/2025 07:00,1,B,0.5433,103.7916,1.2772,2.4595,0.1125,4.4094,7.9114,2355.8041,35.1257,12.2085,3.7012,8.2597,16.0938,0.1702,17.2977,0.166,2.038,0.0306,0.9767,240.7951,2.2102,51.9631,1.0059,8.9116,3.9234,0.1998,23.5113,0.221,0.331,0.008,4.5287,59.4492
10/06/2025 19:00,2,A,0.4969,112.6496,1.3943,4.0225,0.0941,5.0123,8.0388,3253.7919,38.025,12.803,2.3449,8.3023,10.1846,0.1679,25.9769,0.2483,3.23,0.0559,0.8843,245.2259,2.2702,48.5293,1.1267,9.4628,3.906,0.2029,30.3248,0.2957,0.8636,0.0189,4.6939,49.7219
11/06/2025 07:00,1,B,0.6274,68.689,2.6827,5.2533,0.189,5.7673,9.8974,1261.3781,41.3308,15.0627,2.8525,8.9338,11.3677,0.2484,14.7409,0.2502,4.0163,0.0601,0.5398,71.9655,1.1486,52.4094,0.7907,11.8878,2.7597,0.2679,19.476,0.4305,1.8024,0.0287,5.1378,55.3228
11/06/2025 19:00,2,A,0.6009,84.8437,1.7105,3.983,0.0818,5.1207,7.9518,1666.4365,39.813,11.8035,1.4367,5.9758,19.3184,0.2083,19.1791,0.2702,2.8217,0.0369,1.1392,149.8774,1.2945,48.7303,0.5199,9.1414,6.4128,0.2585,22.3287,0.3823,1.2799,0.0147,4.5721,60.6631
12/06/2025 07:00,1,D,0.4034,88.3253,1.2414,2.8661,0.0911,4.2108,5.9106,2199.9486,32.6113,16.57,2.1196,8.2144,17.3195,0.1327,16.0725,0.1462,2.1396,0.0325,1.3709,320.0665,1.7363,51.8198,0.6362,9.3654,3.0396,0.1549,21.2061,0.1635,0.5227,0.0148,3.8338,50.0008
12/06/2025 19:00,2,C,0.3149,87.2802,0.69,1.2737,0.0504,4.3021,8.7044,4177.4283,37.0954,11.4664,2.6873,8.4668,12.6602,0.0935,14.7673,0.0619,1.1447,0.0069,1.1624,366.5036,1.162,51.8992,0.7952,9.9258,2.2402,0.1249,20.8837,0.0976,0.1631,0.0,3.6525,49.3925
13/06/2025 07:00,1,D,0.3572,113.6253,0.824,2.8502,0.0799,4.8647,6.2674,4007.1892,36.4858,11.6823,2.3831,10.154,14.7964,0.0929,15.8694,0.1552,2.1073,0.0219,0.5661,278.2837,1.2814,53.3267,0.9249,10.7023,4.0318,0.1142,23.3663,0.1602,0.509,0.0197,4.2452,55.6511
13/06/2025 19:00,2,C,0.343,102.6204,0.8002,2.0198,0.0604,4.3721,10.7906,3693.5472,40.833,10.4232,2.3289,6.1537,9.7384,0.1664,21.7594,0.1426,1.6619,0.031,1.4445,315.9079,1.3647,49.5152,0.8663,10.5156,1.6907,0.1787,27.902,0.1572,0.3543,0.0092,3.9773,57.0857
14/06/2025 07:00,1,D,0.4374,87.6011,1.6418,3.1458,0.0865,5.4481,10.71,1490.3214,39.628,14.4137,2.404,8.3795,12.7854,0.1726,21.1567,0.2455,3.1508,0.0563,0.8652,145.4711,1.5083,53.2459,0.6168,11.7106,2.0555,0.2195,26.8579,0.349,0.5163,0.0169,4.5091,59.8899
14/06/2025 19:00,2,C,0.179,90.3517,0.8547,1.842,0.0584,5.2842,4.4588,2252.4162,36.1146,13.75,1.0885,8.1984,13.9708,0.1048,18.527,0.0623,1.4864,0.0227,0.9964,285.7149,2.3307,54.2392,0.7958,9.9734,1.6532,0.0861,24.2565,0.1197,0.2753,0.0023,4.5826,66.1483
15/06/2025 07:00,1,A,0.2337,88.3596,0.8784,2.3289,0.0478,4.8908,4.7195,3599.9769,35.5119,14.314,1.4551,8.3093,16.3771,0.1336,20.4247,0.1148,2.4546,0.0179,0.9732,404.0157,2.3912,50.0205,0.6968,9.2175,4.3191,0.1468,26.6215,0.1106,0.5312,0.0103,4.8873,59.8194
15/06/2025 19:00,2,B,0.4326,83.4388,1.198,1.8489,0.0747,4.2516,8.1556,2569.4645,38.7592,13.6958,1.9145,6.6553,12.1765,0.1908,14.6159,0.1503,1.6778,0.0239,1.0729,235.6473,1.6182,51.0515,0.6482,9.2511,2.5151,0.2026,22.3391,0.2143,0.6194,0.0216,3.7419,57.2134
16/06/2025 07:00,1,A,0.3177,81.6247,1.4868,3.8907,0.1292,5.0471,8.7734,2597.1019,43.0082,11.89,2.6856,7.861,9.2627,0.1205,14.5876,0.2144,3.2322,0.042,0.8888,225.2829,1.3624,47.8835,0.7026,10.6128,4.4976,0.1046,18.8851,0.2772,0.7513,0.0162,4.2243,59.5672
16/06/2025 19:00,2,B,0.6218,92.3948,1.4679,3.3012,0.1481,4.643,11.5024,2242.616,36.2176,11.8018,3.1777,6.5879,9.1819,0.1317,15.5864,0.1552,2.9347,0.0448,0.9023,187.0556,1.531,51.8248,0.5688,8.6256,3.2741,0.1752,21.8504,0.2299,0.5102,0.0306,4.1641,46.6718
17/06/2025 07:00,1,A,0.3462,68.292,1.5508,4.1931,0.0995,5.4805,8.6446,1451.3015,35.0294,15.2695,2.3448,10.2718,18.7828,0.1478,13.1494,0.459,3.7152,0.0692,0.6835,144.7205,1.1194,50.4718,0.6473,10.221,4.5746,0.1621,17.7095,0.4353,1.2169,0.0239,4.3791,58.7765
17/06/2025 19:00,2,B,0.2154,104.1655,0.5612,1.5491,0.0428,4.7742,6.5396,5011.0682,26.6871,12.1232,1.6319,7.8926,20.8126,0.1228,17.2199,0.0769,1.2601,0.0145,1.397,379.5707,0.9646,49.0937,0.5722,8.9402,4.989,0.1046,22.4007,0.0948,0.3084,0.0017,3.8601,55.4307
18/06/2025 07:00,1,A,0.3433,79.0578,1.379,2.9682,0.0923,4.381,8.205,3029.1077,37.9177,17.5273,2.2701,7.8988,10.3578,0.1428,16.1089,0.2009,2.6715,0.0289,0.6357,207.2767,2.2136,53.5646,0.6776,9.0874,2.7464,0.1372,19.3788,0.2803,0.6832,0.0162,3.8408,52.9916
18/06/2025 19:00,2,B,0.2198,90.5997,0.7448,2.902,0.0973,5.4323,8.9558,4179.7939,29.755,12.4606,2.8905,8.3462,15.3386,0.1025,20.6007,0.1345,2.7952,0.043,0.5341,223.7247,1.6684,49.1078,1.021,13.26,3.0877,0.1041,25.0091,0.1459,0.5713,0.023,4.8768,53.7942
19/06/2025 07:00,1,C,0.742,65.3163,1.7472,4.6224,0.229,5.2709,11.8628,1307.9011,40.0226,15.7841,3.6501,9.5596,13.0239,0.212,14.3484,0.2856,3.6496,0.074,0.8111,116.0426,1.9156,50.4192,0.9447,9.3141,2.5378,0.2381,15.9486,0.3345,1.0531,0.02,4.8301,
19/06/2025 19:00,2,D,0.1867,76.5207,0.4847,1.3459,0.025,4.2716,6.394,3298.4505,36.4415,8.6673,1.1693,6.8044,18.2437,0.0719,9.0653,0.0431,1.4912,0.02,1.2432,210.3014,0.8318,52.8183,0.4283,10.4233,2.0498,0.0962,16.5988,0.0698,0.2132,0.0,3.3366,56.483
20/06/2025 07:00,1,C,0.2777,124.7112,1.0276,2.633,0.1277,5.7569,7.1954,4485.0789,29.6854,15.0551,2.6789,9.4956,20.5684,0.144,25.1473,0.0824,2.1581,0.0603,0.7012,276.9402,1.0528,48.8773,0.6989,11.4835,5.2251,0.1293,32.2438,0.0955,0.2047,0.0153,5.0718,49.4599
20/06/2025 19:00,2,D,0.3259,79.0424,0.5591,1.5502,0.0269,4.4057,10.6215,4139.9512,33.0009,16.4737,2.1449,8.636,14.1904,0.1477,16.9134,0.0867,1.3755,0.0153,1.6989,273.5329,1.5647,51.7417,0.8579,9.2289,3.0879,0.1483,20.0649,0.108,0.2796,0.003,4.1407,58.1745
21/06/2025 07:00,1,C,0.328,119.267,1.0422,2.7031,0.0584,4.786,5.8056,3343.2093,30.2969,15.3341,0.942,7.3636,14.9615,0.1699,30.1154,0.0991,2.063,0.019,1.1604,331.4069,1.1076,49.1812,0.6124,9.365,5.737,0.1657,32.1442,0.1148,0.4771,0.0055,4.8894,62.6995
21/06/2025 19:00,2,D,0.2825,112.5515,1.6657,4.0363,0.1507,5.5117,6.1304,2824.1711,29.0459,12.4991,2.6371,8.8896,19.1711,0.1097,21.2642,0.1087,3.1177,0.0433,0.5545,202.5479,1.5301,49.1668,1.0542,9.9724,4.7159,0.1127,25.893,0.2259,0.4994,0.0139,4.7237,49.8471
22/06/2025 07:00,1,B,0.2654,116.817,0.9035,2.7313,0.0884,4.2255,5.7848,3036.6088,26.6299,11.144,2.748,9.5379,18.7353,0.1484,29.3655,0.207,2.7865,0.0775,0.4696,230.0442,0.7388,48.7416,0.6301,8.3402,5.0061,0.141,33.8539,0.2021,0.5065,0.0254,3.5208,67.5258
22/06/2025 19:00,2,A,0.2647,66.7211,1.2097,3.0704,0.0956,5.153,9.2541,2102.0367,40.512,13.0694,2.2476,7.4464,7.6765,0.1369,12.8924,0.122,2.4214,0.0273,0.766,157.0522,1.1318,51.4805,0.6661,10.4671,2.4119,0.1355,14.8095,0.207,1.0531,0.0184,4.6914,56.2661
23/06/2025 07:00,1,B,0.2139,123.8923,1.2996,3.215,0.13,4.8708,6.5743,3475.2743,36.3922,15.5519,1.9327,9.2299,11.5913,0.1024,26.0861,0.1521,2.6494,0.0648,0.331,227.0661,1.0248,49.5836,0.664,10.0342,6.3696,0.095,28.7024,0.1796,0.8885,0.0289,4.4006,56.1692
23/06/2025 19:00,2,A,0.3445,59.2031,0.7639,1.6685,0.093,4.9744,7.8573,2344.3252,29.5289,12.1872,3.2749,10.438,11.1948,0.1523,14.119,0.1596,1.5097,0.0238,0.6666,220.0964,1.8394,54.5416,1.0699,10.0263,1.7231,0.1506,17.5025,0.1959,0.2372,0.0067,4.393,54.8571
24/06/2025 07:00,1,B,0.2853,60.0465,0.7246,1.6847,0.0848,4.0666,9.7712,2432.4353,35.6471,10.4681,3.5744,8.7142,12.1417,0.0794,12.2976,0.0572,1.5459,0.0167,0.7172,198.6882,1.2459,47.7403,1.0045,11.1791,5.0233,0.1028,16.016,0.0984,0.192,0.0,3.8195,57.7644
24/06/2025 19:00,2,A,0.6256,116.7909,1.5635,3.0076,0.1156,6.247,10.3698,2888.9319,35.1925,15.2567,1.9857,7.6992,15.9759,0.2054,25.3075,0.1435,2.886,0.0482,1.5621,236.7961,1.7146,47.8742,0.8717,8.5661,4.2092,0.2205,32.4074,0.2464,0.4769,0.0113,5.5435,54.7954
25/06/2025 07:00,1,B,0.4608,75.9381,1.675,3.9599,0.3197,5.4881,7.8453,1673.7519,41.8037,15.8358,5.4453,9.4512,10.2032,0.173,18.0958,0.1507,2.7106,0.0507,0.7639,242.8503,3.022,49.8726,1.069,10.0567,4.4595,0.1874,23.1873,0.2098,0.5996,0.0228,4.837,53.7881
25/06/2025 19:00,2,A,0.2942,78.7811,0.6311,2.437,0.0849,4.5886,5.8768,2177.5651,31.4273,15.3278,1.7095,9.0933,13.4283,0.1104,17.0288,0.1501,1.8923,0.0368,0.9449,244.4954,1.6608,49.4189,0.8133,11.5073,5.7391,0.1225,20.5018,0.1265,0.5036,0.0112,4.612,60.1298
26/06/2025 07:00,1,D,0.2701,58.3672,0.8694,1.4246,0.0603,4.5893,7.3702,3065.1613,35.3573,14.6413,2.0984,9.1373,11.7312,0.1442,15.8168,0.1487,1.552,0.0253,0.9908,232.3234,2.5945,53.4756,0.9363,8.8941,1.8351,0.2116,24.0928,0.2037,0.1997,0.0126,4.4412,55.9351
26/06/2025 19:00,2,C,0.4592,88.8365,0.9832,2.914,0.0665,4.6803,10.7991,2753.2935,28.3977,15.1017,2.9697,9.2761,16.2969,0.1744,14.1531,0.0738,2.3285,0.0208,1.3399,304.8106,1.2318,49.9491,0.8,10.7752,2.407,0.1757,18.7562,0.1231,0.3808,0.0024,4.5367,59.9748
27/06/2025 07:00,1,D,0.2337,102.7825,1.3811,3.6994,0.1268,5.309,9.5587,2550.1161,37.0705,9.8623,2.3903,7.3421,12.2874,0.1139,18.4323,0.2911,2.8377,0.0598,0.9316,197.2222,1.2839,54.3892,0.5461,9.4183,1.4531,0.0907,23.7022,0.2605,0.4783,0.016,4.19,52.3352
27/06/2025 19:00,2,C,0.2269,79.8445,1.168,2.6943,0.0851,5.0914,7.8991,2949.0902,38.0893,16.3916,2.0282,8.8785,8.8254,0.1206,21.0049,0.1047,2.1772,0.0269,0.5883,204.1927,1.8663,52.2833,0.7606,10.7357,1.1504,0.1089,23.2225,0.2398,0.3001,0.0061,4.8301,51.1031
28/06/2025 07:00,1,D,,,,,,,5.1152,3386.1184,37.3649,10.6278,2.4688,8.5458,16.3086,0.1215,21.1595,0.1706,1.4434,0.0263,0.5865,297.4027,1.1864,52.9477,1.1215,10.3445,2.5154,0.1525,30.6143,0.201,0.2589,0.0111,4.7452,55.6734
28/06/2025 19:00,2,C,0.1735,90.9544,0.5051,2.1996,0.0678,4.2326,7.8798,2997.5491,31.9589,10.8454,2.7823,9.1429,13.477,0.0786,19.8257,0.124,1.7774,0.0443,0.5351,267.3282,1.582,51.1669,0.8396,8.1749,4.3137,0.0781,26.1105,0.1254,0.559,0.0055,3.6804,53.9193
29/06/2025 07:00,1,A,0.3368,82.7655,1.2811,3.5059,0.0902,4.6233,11.5194,2432.7445,38.7682,12.8164,2.8734,8.6897,14.9199,0.1332,14.2857,0.1565,3.1663,0.0362,0.4882,168.9977,0.9391,53.1646,0.7802,10.4896,2.6323,0.1289,22.1922,0.205,1.3124,0.0203,4.507,52.3076
29/06/2025 19:00,2,B,0.9597,67.5724,1.5407,3.2851,0.1173,5.1668,14.634,1201.7363,32.7463,14.1182,1.8177,8.0709,15.2284,0.313,19.0589,0.1392,3.1275,0.0583,0.9149,132.3255,1.557,50.9038,0.6916,9.9903,3.7331,0.3303,21.5585,0.2321,0.6013,0.0089,4.5119,52.6072
30/06/2025 07:00,1,A,0.3803,64.8385,0.7859,2.2766,0.0745,4.3581,11.4183,2820.3323,33.0424,11.9183,2.1779,8.0764,15.5773,0.1344,17.8806,0.0929,2.1292,0.0377,0.7553,238.8205,1.1246,53.5457,0.9385,9.7765,1.4711,0.1576,19.8945,0.1397,0.2325,0.0053,3.6956,53.0878
30/06/2025 19:00,2,B,0.2182,90.7353,0.8908,1.7367,0.0379,4.3477,5.9489,3716.4174,37.2614,12.4177,1.6353,7.5818,13.3886,0.1134,20.8804,0.1436,1.3946,0.0089,0.7246,300.2004,1.4804,52.3068,0.7943,10.5396,2.3117,0.1173,28.2568,0.1889,0.3184,0.0025,4.3147,60.3757
01/07/2025 07:00,1,A,0.6566,89.2348,0.9446,1.7691,0.1094,3.9453,12.3415,1969.004,36.1152,12.1936,2.9254,8.0624,12.8912,0.1608,18.1198,0.1427,1.387,0.0206,1.6862,376.6436,1.9743,48.0274,0.7366,9.4447,6.46,0.2045,27.1771,0.1652,0.3625,0.0193,3.257,56.01
01/07/2025 19:00,2,B,0.3354,103.3142,1.54,3.1209,0.0995,5.3967,4.87,1687.4741,33.6631,17.779,2.0072,9.0157,12.3702,0.1468,14.2194,0.2389,2.7691,0.0401,0.5438,129.8594,0.7027,54.7575,0.8188,9.8998,1.8035,0.1518,23.4188,0.2249,0.7016,0.0078,5.0146,54.7453
02/07/2025 07:00,1,A,0.2787,77.4092,0.6115,1.4251,0.0621,4.3513,7.1414,3320.3891,32.8544,14.3193,3.057,8.952,12.1143,0.1317,16.6913,0.0636,1.4137,0.0124,1.1454,285.0709,1.8977,53.3929,0.6594,9.4853,2.5462,0.146,20.0522,0.0797,0.1753,0.0,4.1556,58.5957
02/07/2025 19:00,2,B,0.2842,59.763,0.7381,2.2794,0.126,5.0368,11.7612,2839.7904,39.8974,15.0221,3.7574,9.1616,9.9658,0.125,18.817,0.1414,2.6592,0.0445,0.5968,222.4844,0.8334,51.1203,1.0269,10.2715,2.0782,0.1198,20.129,0.1382,0.2965,0.0,5.2265,56.0211
03/07/2025 07:00,1,C,0.1616,87.9955,0.8965,1.9484,0.0476,4.838,6.6971,3296.4396,32.1168,13.5283,2.5301,8.816,17.6957,0.1046,17.2578,0.1278,1.8317,0.0242,0.6876,207.1747,1.0578,46.812,0.8455,11.3009,8.4217,0.0765,22.5424,0.155,0.4476,0.0156,4.2254,55.0105
03/07/2025 19:00,2,D,0.3496,70.5931,1.0714,2.9981,0.0987,5.0614,11.7267,2387.0616,32.3308,13.4074,2.707,8.8449,15.676,0.1226,15.1572,0.2164,2.4607,0.0296,1.036,195.3491,1.115,53.768,0.9345,11.86,3.4761,0.1298,17.9236,0.2312,0.4585,0.0065,4.5309,54.0867
04/07/2025 07:00,1,C,0.3775,77.8598,0.8505,1.9761,0.1271,4.4651,9.4466,2089.7885,32.8438,14.7511,4.7306,9.37,14.7189,0.132,17.41,0.1295,2.2398,0.042,0.5311,164.6021,1.2853,52.8231,1.3688,10.4906,3.6733,0.1693,21.9327,0.2266,0.3588,0.0195,4.3357,48.5585
04/07/2025 19:00,2,D,0.3696,79.2515,1.4208,2.9855,0.185,5.2942,11.7523,2857.1868,38.511,11.5763,4.0706,9.1768,10.2917,0.095,15.9683,0.2501,1.9953,0.073,0.8858,256.3599,2.62,48.198,1.1438,10.8679,4.1827,0.1038,19.6426,0.2994,0.5559,0.0367,4.6396,53.3172
05/07/2025 07:00,1,C,0.2768,63.5516,1.0583,1.5048,0.0632,3.791,9.3977,1932.6378,33.6727,10.3357,2.6838,8.4545,18.5537,0.0978,10.7464,0.177,1.5786,0.0111,1.2808,291.2899,2.7152,51.4212,0.9764,8.5523,2.8772,0.1071,13.643,0.2307,0.182,0.0076,3.8601,51.7849
05/07/2025 19:00,2,D,0.2904,63.0427,1.3243,2.3703,0.0728,4.5959,8.0653,2642.9487,43.4754,7.2211,2.5089,6.7805,12.0514,0.0818,17.4394,0.2425,2.2711,0.0289,0.8084,327.681,1.9947,48.4449,0.9318,8.1475,4.129,0.1362,19.9713,0.2872,0.5047,0.0149,4.3,57.2497
06/07/2025 07:00,1,B,0.3577,86.4766,0.575,1.4255,0.0641,4.6837,9.3578,2951.3618,36.3907,16.7105,2.4371,9.593,7.8723,0.1238,19.113,0.0989,1.4785,0.0196,0.9709,244.5329,1.2365,52.3951,1.1077,10.2769,2.2175,0.1421,24.9531,0.1068,0.1456,0.0056,4.6362,57.3269
06/07/2025 19:00,2,A,0.6059,72.4722,0.6553,1.9358,0.1153,4.4932,16.2322,2847.1521,32.5999,14.0949,6.0877,9.5078,10.1994,0.1616,20.5523,0.189,1.7814,0.0436,1.4182,353.9731,2.6951,52.1227,1.1293,10.1305,1.3119,0.1976,23.0651,0.1764,0.3214,0.0171,4.4495,54.866
07/07/2025 07:00,1,C,0.257,79.835,0.8606,3.4657,0.0944,5.1794,5.069,2332.3624,37.1566,13.941,2.8147,6.8939,12.2794,0.1169,14.6131,0.1129,3.1542,0.0672,0.5905,171.393,1.6197,51.5393,0.7245,10.3096,2.4143,0.1239,19.5219,0.1272,0.6751,0.017,4.6313,60.0236
07/07/2025 19:00,2,D,0.3195,80.7669,1.124,2.4748,0.0673,4.9888,8.5951,3241.9108,39.3475,15.6235,2.2817,8.7719,9.6269,0.1633,19.2127,0.0854,1.8844,0.0358,1.0948,219.9987,2.0092,52.0176,0.8751,9.263,1.9612,0.1767,20.8415,0.1454,0.422,0.011,4.39,53.3134
08/07/2025 07:00,1,C,0.4529,92.8662,2.0797,4.5741,0.1643,4.6354,10.2151,2509.3532,43.6695,8.7529,3.7822,6.9894,11.6462,0.1318,17.5247,0.3412,3.5854,0.0436,0.8972,146.8111,2.7028,47.5991,0.7474,9.5445,4.1839,0.1587,23.6586,0.5168,0.5276,0.0132,4.0831,55.7429
08/07/2025 19:00,2,D,0.1915,87.7504,0.9227,2.6526,0.0992,5.7655,6.1882,2823.9461,34.8217,11.5736,2.7752,8.3683,10.4744,0.1083,19.1068,0.152,2.1688,0.0306,1.1363,309.8878,2.3155,49.9071,0.8379,9.6025,2.2389,0.0811,21.7098,0.1744,0.3772,0.0206,4.3741,46.9444
09/07/2025 07:00,1,C,0.156,97.6947,0.91,2.131,0.0451,4.6687,5.9028,4458.3337,34.4982,13.3255,1.5547,8.1898,12.9145,0.1177,30.6787,0.1245,1.9006,0.015,0.6308,355.7857,1.4795,52.0398,0.8544,9.4401,1.7028,0.0927,33.7941,0.2057,0.3842,0.0075,4.0411,58.9954
09/07/2025 19:00,2,D,0.2513,105.0229,0.9954,1.5344,0.0899,3.9233,7.2386,4806.777,36.8898,10.8934,1.9035,6.9162,12.3454,0.131,26.3248,0.0974,2.056,0.0212,1.3215,465.7999,2.6556,51.3499,1.0777,9.5467,2.8983,0.1199,33.0777,0.162,0.1937,0.0035,3.272,53.2239
10/07/2025 07:00,1,A,0.4553,67.9827,0.9446,1.828,0.0912,4.2967,7.3625,1991.539,34.3154,13.0429,2.6027,9.755,15.348,0.1518,16.6322,0.1537,2.5044,0.0528,1.2567,238.7418,1.7301,55.4408,0.7746,10.4253,1.1014,0.1893,20.4977,0.1912,0.1874,0.0076,4.6331,52.7887
10/07/2025 19:00,2,B,0.597,63.2471,1.4583,3.0555,0.2098,4.13,12.541,2010.2405,34.1114,11.6314,4.8796,9.1201,11.7153,0.1902,12.5569,0.2709,2.3635,0.0543,1.2641,152.7223,2.3922,46.7244,1.084,10.9084,3.0884,0.2142,17.0894,0.3006,0.3622,0.0252,3.8924,
11/07/2025 07:00,1,A,0.5301,127.0711,1.6709,4.6245,0.2057,4.9885,8.4413,1821.2417,36.3564,17.2453,4.014,10.0848,11.4284,0.1233,18.4479,0.2562,4.464,0.1093,0.5648,150.7316,2.0119,50.7885,1.1621,10.6168,3.4018,0.1626,26.2973,0.3815,0.9814,0.0249,4.5836,52.4943
11/07/2025 19:00,2,B,0.4164,83.0628,1.438,2.6887,0.0905,5.0323,9.1796,1940.2694,42.5024,12.4097,1.7321,7.239,9.5495,0.1961,17.7322,0.1241,2.7862,0.0336,0.7222,173.9279,1.08,51.8388,0.6355,9.4619,2.9455,0.2044,21.6766,0.2029,0.4047,0.0,4.2762,50.6529
12/07/2025 07:00,1,A,0.2783,98.7223,0.8303,2.026,0.081,4.6736,8.7481,3899.4038,34.2408,10.3049,3.809,8.7936,11.4239,0.123,18.3442,0.1447,1.7057,0.027,0.5666,286.6113,1.5253,52.4233,0.9267,8.64,1.964,0.1128,25.1306,0.2268,0.3719,0.0165,3.9221,54.5553
12/07/2025 19:00,2,B,0.6323,84.4713,1.4001,3.5759,0.1485,5.1948,11.3811,1666.1968,34.3647,13.9703,2.2188,8.1806,13.6701,0.2219,12.4035,0.2122,2.9384,0.0534,0.798,117.484,1.7256,50.8005,0.8468,9.6854,3.4621,0.2328,21.4488,0.2637,0.6583,0.0108,4.4489,56.0484
13/07/2025 07:00,1,C,0.2309,79.1128,0.6638,1.2601,0.0624,4.1484,7.3933,2813.5323,34.6118,12.6286,2.6798,8.5242,13.6437,0.0757,15.1006,0.1071,1.2275,0.0213,1.1205,231.3422,1.7421,51.0313,0.9688,6.9213,4.8991,0.0902,20.0067,0.1075,0.1625,0.0095,3.8496,53.1149
13/07/2025 19:00,2,D,0.5039,82.0419,0.8628,1.8581,0.1006,4.5651,11.8121,2344.4716,31.5523,4.9532,3.0317,6.9249,15.8436,0.1594,16.2284,0.1066,1.5864,0.0306,1.1031,289.1734,1.6962,51.0164,1.1213,8.2892,2.724,0.1656,20.2378,0.1619,0.361,0.014,4.2345,56.2934
14/07/2025 07:00,1,C,0.4974,82.6532,1.2953,2.1218,0.1017,5.0523,9.9264,2812.35,37.1594,10.4763,2.5841,7.7668,19.4956,0.167,14.2226,0.2185,1.7393,0.0252,1.3694,250.9266,1.0189,54.3436,0.9138,9.165,2.2655,0.2182,19.28,0.2444,0.4213,0.0129,4.997,53.1973
14/07/2025 19:00,2,D,0.4162,89.259,1.1208,2.0036,0.0616,4.4985,10.2453,2847.4115,30.2663,16.8665,2.2547,10.9315,13.7498,0.1578,18.2262,0.1651,1.5695,0.016,1.6418,310.0526,1.3416,49.6003,0.9661,7.9477,4.5407,0.1718,22.0256,0.2481,0.2332,0.005,4.2172,56.2405
15/07/2025 07:00,1,C,0.3143,94.76,1.2425,2.3144,0.0861,4.9357,6.8606,2035.2619,36.2757,13.9815,1.8852,6.002,7.1389,0.1301,13.6989,0.1484,1.7425,0.0125,0.9572,193.2961,2.4045,49.8939,0.7735,8.8339,4.3266,0.1237,22.2872,0.224,0.3649,0.0021,4.6292,57.8426
15/07/2025 19:00,2,D,0.2993,80.1547,0.9862,2.7871,0.1249,5.1795,8.2694,3201.2006,37.6795,10.3653,3.1802,7.3091,14.1184,0.0874,18.6594,0.2864,3.2915,0.0505,0.7531,291.9028,1.4139,49.9661,1.0261,9.3652,3.3081,0.1074,22.5844,0.2938,0.38,0.0129,4.6417,
16/07/2025 07:00,1,C,0.1847,66.7987,0.7783,2.6886,0.0978,5.0286,10.512,2920.8957,37.4797,15.3659,2.9557,8.5774,7.4564,0.0937,19.7925,0.1471,2.859,0.0295,0.669,248.5407,1.5038,49.7309,0.9425,9.3096,3.86,0.1004,24.942,0.1404,0.5738,0.0256,4.6532,54.1413
16/07/2025 19:00,2,D,0.3206,78.4109,1.057,2.5444,0.0762,5.1886,8.5941,3385.1565,34.6259,11.4397,3.6196,9.8901,11.8121,0.1224,23.9213,0.208,1.8881,0.0485,0.8053,338.2628,1.0499,52.3478,0.802,9.9087,2.4424,0.1519,30.4084,0.3296,0.5773,0.0163,4.4386,51.5377
17/07/2025 07:00,1,A,0.2411,82.9119,0.81,2.3639,0.0957,4.4093,7.1005,2715.6449,34.1393,15.3215,2.6955,8.8166,21.0716,0.1107,15.9509,0.0901,2.2675,0.0371,0.8934,230.8121,0.8034,52.4257,0.8396,9.0601,1.9934,0.084,24.5931,0.1572,0.2228,0.0019,4.0818,60.4967
17/07/2025 19:00,2,B,0.8553,82.9601,2.387,4.1648,0.2084,5.0378,8.2256,1762.7759,36.7122,13.2057,1.889,8.7164,19.291,0.2363,11.5478,0.2016,3.2787,0.0506,1.5915,137.075,2.5151,49.4558,0.7778,9.8475,3.0372,0.2864,15.4026,0.3542,0.5607,0.0149,4.2759,57.1332
18/07/2025 07:00,1,A,0.3407,79.297,1.3391,2.3432,0.1148,4.2758,5.0351,1654.1034,32.981,12.0434,1.8788,8.4528,16.1533,0.1485,18.7796,0.1753,2.9458,0.0451,0.8681,178.5897,0.8752,50.9255,0.7243,8.7826,3.3211,0.163,21.8181,0.2332,0.4424,0.0152,4.2941,48.0916
18/07/2025 19:00,2,B,0.2811,81.0933,0.5657,1.5291,0.0625,4.6363,7.9507,3658.3407,33.2689,10.952,2.4801,8.977,12.4444,0.1393,19.1408,0.1203,1.7093,0.0284,0.695,342.72,1.5228,54.2559,1.1277,8.0004,5.0369,0.1356,26.3291,0.1444,0.289,0.0041,4.277,53.5937
19/07/2025 07:00,1,A,0.4155,103.2829,0.8346,1.9991,0.0715,5.4965,8.6027,3029.4426,33.7072,12.5722,2.1126,8.0227,12.6618,0.1547,20.27,0.1304,1.4288,0.0159,0.889,281.3154,1.4676,50.9115,0.8145,11.059,2.5614,0.1739,23.2919,0.1247,0.1869,0.0127,4.8865,56.6516
19/07/2025 19:00,2,B,0.2565,75.4999,1.2977,2.8367,0.1269,4.8517,7.727,1826.704,31.3653,12.6682,2.5809,6.9101,17.228,0.108,16.1503,0.176,2.1088,0.0314,0.4707,175.8902,1.6123,51.3499,0.7746,8.7074,2.3747,0.0972,20.6128,0.1907,0.6386,0.0083,4.2562,53.1547
20/07/2025 07:00,1,D,0.3805,58.4245,0.7566,2.135,0.1357,5.25,12.6037,2662.6745,31.6989,8.5054,5.2143,11.0784,11.9585,0.1492,15.8462,0.1354,1.59,0.0341,1.5014,273.5578,2.9023,48.4377,1.1781,10.2115,4.2615,0.1503,16.5785,0.2202,0.3411,0.0147,4.384,58.2082
20/07/2025 19:00,2,C,0.6203,55.589,1.2586,2.0033,0.1444,4.4198,12.6564,1878.3661,43.6,10.4206,4.005,7.7109,9.8791,0.2606,11.9703,0.1763,1.8759,0.0319,1.5307,224.2245,2.6728,54.8113,0.8596,7.733,0.3554,0.3131,17.5864,0.2461,0.2311,0.0129,4.2526,55.6753
21/07/2025 07:00,1,D,0.2767,59.3263,0.9782,1.8128,0.0465,4.5504,4.6154,1630.8496,32.991,14.4585,0.9166,7.5793,16.9791,0.1054,17.8416,0.1179,2.0264,0.0245,0.7647,173.3889,0.8597,50.0368,0.6473,9.927,3.3515,0.1451,17.5754,0.1739,0.3571,0.0,4.6598,51.0444
21/07/2025 19:00,2,C,0.2723,55.9956,0.6017,1.9102,0.0728,4.8693,6.114,2297.546,35.7687,13.1458,1.8963,7.204,14.4995,0.1134,10.2625,0.1156,1.9095,0.0344,0.6854,127.3377,0.9228,54.2461,0.5186,10.4826,2.3734,0.1117,14.5763,0.1137,0.3126,0.0012,4.5673,48.6513
22/07/2025 07:00,1,D,0.316,79.4591,0.6553,1.5324,0.0871,3.7315,9.6991,3987.3937,37.9885,11.8219,2.2468,7.3891,11.1483,0.1241,19.5773,0.0592,1.373,0.0286,1.2949,358.7108,1.9317,55.9071,0.9152,7.8451,1.3434,0.1632,21.4721,0.1426,0.1898,0.0088,3.4819,62.8236
22/07/2025 19:00,2,C,0.3054,99.8316,1.5081,3.0915,0.16,5.7941,7.1328,3291.2257,43.5855,12.5796,3.3229,8.2911,6.7853,0.1154,21.1789,0.3348,3.4034,0.0817,0.899,271.3796,2.195,51.3025,1.1876,13.3658,1.0795,0.1393,28.7047,0.4035,0.4492,0.0148,5.2708,54.0362
23/07/2025 07:00,1,D,0.4298,92.5125,0.9567,2.8262,0.0904,4.3172,6.7573,3554.6774,36.904,14.9082,2.4719,8.6515,9.6008,0.1666,20.0746,0.163,2.4163,0.0607,0.8742,232.0561,1.6057,52.6263,0.6858,10.1066,3.2304,0.2127,25.9761,0.237,0.4506,0.0115,4.2703,52.182
23/07/2025 19:00,2,C,0.2234,81.4911,1.1442,2.6277,0.0923,4.7144,5.2992,2087.4978,32.8017,18.2891,2.7433,9.7768,11.598,0.1101,14.5,0.1667,2.6378,0.04,0.4551,193.929,1.3418,51.8768,0.9494,8.4548,2.9546,0.0906,19.7041,0.2217,0.4983,0.0151,4.6713,55.6382
24/07/2025 07:00,1,B,0.6107,113.8771,2.0485,3.823,0.1415,4.9619,9.594,2210.028,41.0646,9.1181,2.9686,8.1191,18.3365,0.1811,20.3925,0.2181,2.9549,0.0445,0.6908,185.2024,1.7005,50.8277,1.0707,10.4595,1.9567,0.2308,25.1419,0.3301,0.6822,0.0245,4.0119,50.6377
24/07/2025 19:00,2,A,0.2366,65.0007,1.1126,2.2569,0.0744,4.8929,7.9722,2672.5805,38.2878,8.4879,2.3651,7.0469,16.2038,0.1149,20.6411,0.2641,2.2898,0.0395,1.1106,246.8407,1.6478,56.8053,1.0686,9.603,1.9304,0.1202,24.5807,0.4397,0.7815,0.0151,4.5131,50.9297
25/07/2025 07:00,1,B,0.2791,79.1767,1.0883,2.2469,0.0901,4.7196,5.973,2192.9157,32.4471,9.6754,2.5119,8.4116,15.9041,0.0785,25.6932,0.1778,2.4105,0.0304,1.0035,260.4437,1.4026,51.3326,0.6922,9.0039,4.9397,0.1138,26.4802,0.2431,0.2806,0.0,4.2663,51.8934
25/07/2025 19:00,2,A,0.5737,57.4689,1.4854,3.424,0.1487,6.1557,10.2463,1280.0579,28.9426,13.7386,2.3102,9.457,18.9416,0.1294,13.8747,0.2595,3.2484,0.041,0.9172,167.2213,2.5803,48.8553,1.0624,10.9616,5.7642,0.1936,15.8944,0.2879,0.7085,0.0208,4.8829,58.5277
26/07/2025 07:00,1,B,0.3482,92.4295,1.5913,4.0441,0.1395,7.1115,6.5701,3698.386,31.4472,15.6029,3.3722,9.2623,11.2037,0.155,31.7916,0.1971,2.7808,0.0466,0.5736,230.9062,0.3881,52.5435,0.7348,9.3075,3.1821,0.1797,35.4346,0.2591,0.64,0.01,5.6727,59.1853
26/07/2025 19:00,2,A,0.2509,89.827,0.6166,2.0614,0.0911,4.5295,9.8192,4175.4108,36.2104,11.5196,5.5714,10.3418,9.2672,0.119,24.4952,0.1077,2.3408,0.0329,0.7703,275.6411,2.0068,53.5875,1.0489,11.1296,0.9305,0.1278,30.0249,0.1424,0.442,0.0115,4.8671,57.721
27/07/2025 07:00,1,C,0.2739,121.5751,1.0515,2.2339,0.0707,4.5017,5.0896,3305.0063,38.5391,10.9888,0.981,6.0075,19.5733,0.1499,25.8909,0.1752,1.8715,0.0283,0.7885,243.9403,1.5246,50.0462,0.7136,8.5667,5.9319,0.147,31.2531,0.2101,0.367,0.0145,4.2647,57.5266
27/07/2025 19:00,2,D,0.5289,124.6813,0.8946,1.8555,0.0732,5.3465,12.2521,4329.2615,34.4434,14.9391,2.3924,7.8965,9.5293,0.2081,28.2102,0.1432,1.5216,0.0253,1.1256,409.3314,1.6335,48.942,0.9122,10.3248,3.8297,0.1991,31.9575,0.1475,0.3561,0.0173,4.8866,56.6196
28/07/2025 07:00,1,C,0.231,83.6606,0.6035,1.0863,0.0453,3.8564,7.3506,2293.9047,27.2463,10.3789,1.1208,8.4716,26.8582,0.1274,14.9882,0.0366,1.2691,0.0188,1.3037,311.9629,1.6256,54.0361,0.7275,7.9421,2.3482,0.1227,20.633,0.0955,0.1087,0.0051,3.451,60.7365
28/07/2025 19:00,2,D,0.4781,93.7684,0.6797,1.9662,0.0529,4.1569,10.7228,3623.1485,33.7345,13.3352,3.3605,8.9398,11.9392,0.174,17.5696,0.1862,1.5627,0.0465,1.5312,277.9584,2.3793,48.5532,1.1705,11.631,3.3208,0.1655,21.9127,0.1641,0.4476,0.0196,3.7642,58.3096
29/07/2025 07:00,1,C,0.1726,61.1373,0.6313,1.7942,0.0469,3.8923,7.5851,3957.7268,36.2354,8.5091,3.7009,8.7494,19.8413,0.0792,16.3136,0.077,1.7103,0.018,0.7759,314.3743,1.3724,49.9357,1.1845,9.7092,4.1478,0.0942,19.3432,0.1382,0.3406,0.0052,3.477,54.3782
29/07/2025 19:00,2,D,0.1014,76.9838,0.6003,2.0005,0.0499,4.8379,5.4629,5148.3242,35.03,17.3063,2.2671,9.1648,6.6305,0.0685,13.3655,0.0203,1.2135,0.01,0.6771,302.3397,1.6022,51.9955,0.9142,9.631,2.353,0.0642,19.2722,0.0822,0.233,0.0,4.2301,66.05
30/07/2025 07:00,1,C,0.3884,65.0968,0.7738,2.6917,0.0701,4.5642,8.514,2138.6956,34.9261,8.0544,1.9936,7.0627,17.3231,0.1416,20.4808,0.0548,3.0695,0.0379,0.7512,234.5555,2.2326,48.3958,0.6865,11.2455,5.5,0.1843,24.3137,0.1016,0.2897,0.0022,3.7316,50.8125
30/07/2025 19:00,2,D,0.305,78.7851,0.8277,1.6905,0.062,4.2195,11.1187,3180.0791,34.2304,13.273,3.4109,9.5907,16.5492,0.132,15.4154,0.0726,1.7225,0.019,1.2165,254.0694,1.5918,55.1625,1.0566,9.5749,1.602,0.1344,20.3692,0.1368,0.2905,0.0126,4.297,56.5135
31/07/2025 07:00,1,A,0.2475,93.2009,0.4217,1.2921,0.0297,3.5899,5.7305,3076.5395,29.264,12.2388,1.4442,6.48,23.5933,0.1217,20.6631,0.1059,1.3691,0.0417,1.1544,286.9696,1.6208,47.8281,0.8316,10.3125,5.0338,0.1373,25.0168,0.1113,0.2305,0.0168,3.0191,53.9196
31/07/2025 19:00,2,B,0.4247,88.9861,1.3278,3.2453,0.1458,5.0777,9.813,2782.7735,35.4382,12.9623,3.6837,7.9084,9.1388,0.1224,15.8428,0.1871,2.6629,0.0309,0.8585,224.3446,0.5704,53.0095,0.9287,9.753,2.3686,0.1327,20.0546,0.241,0.3561,0.0136,4.8445,46.8619
01/08/2025 07:00,1,A,0.4387,76.8198,1.5048,3.5664,0.1196,5.0908,7.9864,1753.3611,40.2203,10.995,2.3943,7.8669,12.7168,0.1517,14.8443,0.108,3.265,0.0414,0.6877,103.1124,1.339,54.0238,0.9898,9.0481,0.7737,0.1771,19.0417,0.1714,0.5705,0.0062,4.3549,52.0491
01/08/2025 19:00,2,B,0.3744,55.5584,1.4858,3.3698,0.1072,5.7055,10.7629,1859.5701,37.5319,9.4815,2.4149,8.2816,13.5421,0.114,15.6832,0.3159,3.5817,0.053,0.6096,136.0727,1.2533,54.6956,0.8163,9.6866,1.4456,0.1471,17.4381,0.3862,0.494,0.018,4.9741,56.1304
02/08/2025 07:00,1,A,0.3089,50.9617,0.816,2.1766,0.1471,4.5002,8.0844,1838.0536,33.108,12.5976,6.6407,9.8901,12.6119,0.1044,15.0197,0.0991,2.0551,0.0507,0.7354,203.4369,1.7155,51.3448,1.2728,11.5895,3.1419,0.1177,14.2329,0.1532,0.1938,0.0054,4.0688,47.1115
02/08/2025 19:00,2,B,0.5769,59.0844,1.6086,4.2558,0.1909,5.3824,9.8365,1367.0291,35.6592,12.5988,3.9592,9.1562,12.4953,0.2094,11.8575,0.2846,3.7692,0.0802,0.7895,99.3964,1.6018,53.4048,0.9507,11.7013,1.4107,0.2321,15.3288,0.3698,0.7885,0.0241,5.2271,55.5091
03/08/2025 07:00,1,D,0.3534,65.417,0.9706,2.1545,0.0861,5.2716,9.2035,2408.3746,38.4081,9.2203,1.9747,6.7089,10.8957,0.1214,19.855,0.2464,1.8982,0.0355,0.6872,249.6503,2.0413,53.1132,0.8663,8.7508,2.0488,0.1474,23.3505,0.2736,0.3529,0.0134,5.0591,62.2014
03/08/2025 19:00,2,C,0.2527,77.4537,1.0674,3.3452,0.1102,4.0124,11.3836,1999.6846,42.3443,5.7148,2.1774,7.0358,12.0248,0.1568,18.7195,0.158,2.9044,0.0691,0.7217,145.8496,2.2996,52.3787,0.7364,9.4214,2.0669,0.1183,20.8327,0.1779,0.7094,0.0221,3.5818,63.6772
04/08/2025 07:00,1,D,0.3507,73.929,0.9882,3.0531,0.0701,5.7046,10.938,3547.3229,39.9931,11.2971,3.0112,7.7619,13.0668,0.1834,12.7451,0.1029,2.5129,0.0404,0.8886,197.1004,2.2129,50.0596,0.7939,11.1183,4.0068,0.1663,16.5962,0.187,0.4487,0.0047,4.554,56.5945
04/08/2025 19:00,2,C,0.8161,82.7702,1.9457,3.4116,0.0682,4.3121,9.4655,1265.558,46.5925,9.4004,1.6702,4.483,13.6624,0.2179,17.6688,0.2201,2.9859,0.0199,1.1477,168.0332,2.0705,53.5511,0.6367,8.6151,1.682,0.2516,22.3336,0.3465,0.6261,0.0132,4.4028,53.6445
05/08/2025 07:00,1,D,0.5892,128.5829,0.8531,1.8274,0.0795,5.3464,9.3749,4718.4743,34.514,15.2906,2.2649,7.7609,10.1879,0.2576,29.9643,0.1729,2.2043,0.0264,1.0575,266.2836,1.1452,51.3786,0.6524,9.8324,1.8835,0.2382,32.7355,0.2155,0.3086,0.011,4.7511,53.4303
05/08/2025 19:00,2,C,0.4147,89.3802,1.7199,5.3293,0.1549,4.4938,10.6793,2129.4232,38.8932,9.6895,2.9794,7.5175,9.8867,0.1886,24.0607,0.2075,4.4429,0.0436,0.9064,192.903,0.8866,51.3893,0.6554,8.1142,2.0621,0.1772,29.9565,0.2792,0.6334,0.0101,3.6697,57.552
06/08/2025 07:00,1,D,0.3336,83.6535,0.4274,1.7507,0.0778,3.9846,11.4685,2844.1437,34.4503,13.0598,3.0609,8.6746,14.4174,0.1393,15.0489,0.1134,1.6406,0.0374,0.6869,274.9146,1.4838,52.3615,1.059,10.494,4.6514,0.1353,21.9534,0.1168,0.2433,0.0131,3.5723,45.9041
06/08/2025 19:00,2,C,0.3576,96.6529,1.6723,3.8718,0.1201,4.6231,7.1771,2166.1112,39.8765,12.8595,2.1672,7.023,10.5643,0.0948,18.4581,0.3455,3.3659,0.0495,0.6433,195.9934,1.8118,52.0179,0.7931,8.6043,2.293,0.1249,22.4777,0.3813,0.6463,0.0134,4.1597,56.9216
07/08/2025 07:00,1,B,0.35,102.7317,1.3951,3.6263,0.1022,5.1271,6.7279,2107.9396,30.6525,15.8497,2.1837,8.9012,23.063,0.1188,13.373,0.2007,2.8815,0.0297,0.6562,145.2563,1.4008,50.4542,0.5072,11.0103,3.9997,0.1206,19.8294,0.2539,0.434,0.0105,4.3059,52.3202
07/08/2025 19:00,2,A,0.3131,89.5518,0.8202,1.6476,0.0727,3.657,14.3635,2901.4498,33.1235,14.002,2.6346,8.8155,13.6209,0.1273,16.8602,0.1637,2.1211,0.0296,0.8051,151.5148,0.6767,53.745,0.8057,9.7272,1.8899,0.1167,19.3688,0.2204,0.278,0.0155,3.7525,52.0033
08/08/2025 07:00,1,B,0.6994,53.9976,1.2143,4.0868,0.1119,4.9034,13.7887,1713.7556,40.4226,11.5967,3.3674,7.9058,10.3627,0.2284,14.1813,0.2573,4.0031,0.0445,0.9317,210.8725,1.5187,50.3573,0.8453,9.0769,2.2252,0.2848,16.912,0.2797,0.7931,0.0185,4.5812,48.1838
08/08/2025 19:00,2,A,0.3059,100.0405,0.9514,2.0235,0.0826,4.4356,5.1743,3311.3114,35.7074,12.5707,2.1673,8.9063,11.9351,0.0791,16.7893,0.0992,1.4129,0.0368,0.5219,204.9618,1.34,53.3209,1.0356,11.0092,2.5582,0.1404,24.4977,0.1472,0.3729,0.0202,4.2037,55.5256
09/08/2025 07:00,1,B,0.3672,89.9665,1.4987,3.5889,0.1021,4.949,6.4795,3036.5818,36.2185,17.5016,3.0895,9.3577,11.017,0.1336,17.62,0.1919,2.9597,0.0406,0.883,174.9664,1.7763,48.9068,0.9023,10.8319,7.0104,0.1804,22.8575,0.3104,0.5666,0.0076,4.419,50.9041
09/08/2025 19:00,2,A,0.3616,88.3147,1.285,3.59,0.2024,5.1355,9.8329,2553.4319,35.8202,8.772,2.5905,6.3146,15.9148,0.1078,12.4111,0.163,2.8575,0.0412,0.6591,181.1611,1.78,48.9955,0.9875,10.3935,3.2817,0.1225,16.6538,0.2232,0.4971,0.0203,4.2888,49.4705
10/08/2025 07:00,1,C,0.3964,96.5995,0.8961,2.6339,0.0762,4.8142,6.7137,3707.2056,24.2105,12.8727,2.6713,10.2039,23.3247,0.1295,20.6249,0.1109,2.282,0.0395,0.9977,253.4223,1.6223,50.1452,1.0925,11.2656,3.7491,0.1727,26.6135,0.1697,0.4346,0.0119,4.5254,59.8802
10/08/2025 19:00,2,D,0.4259,61.9849,1.092,2.7781,0.1847,4.2039,11.2969,2398.1848,29.5237,15.6187,4.0041,10.7891,14.1869,0.1478,14.7498,0.2412,2.761,0.0705,1.1253,236.5384,2.2901,50.4212,1.129,10.4113,3.0344,0.1529,18.4749,0.2682,0.6392,0.0344,4.482,49.0073
11/08/2025 07:00,1,C,0.3495,78.6942,0.8461,1.8214,0.0671,4.5542,5.9935,2516.8707,32.9164,11.7344,1.8962,9.0695,11.8793,0.1179,13.8161,0.183,1.3825,0.0271,0.6769,170.6612,1.3848,51.3825,0.7662,9.0881,2.7372,0.1665,20.8792,0.2246,0.2947,0.0104,4.054,50.5686
11/08/2025 19:00,2,D,0.8929,109.3845,1.8359,3.0313,0.1039,5.5891,9.2658,2498.2348,39.7916,14.4807,1.3053,7.5443,13.1724,0.2294,16.3819,0.1419,1.907,0.032,0.9819,198.6176,1.6985,51.6201,0.8406,9.4944,2.489,0.3153,24.2502,0.2499,0.4412,0.0144,5.5905,50.6246
12/08/2025 07:00,1,C,0.9199,71.9189,1.7174,3.6307,0.118,5.1034,11.2892,1567.4406,40.9898,11.5199,2.233,6.9678,11.3632,0.1864,10.8681,0.2948,3.6202,0.0438,1.1606,142.8251,2.0674,51.3486,0.7132,8.9911,2.4952,0.243,18.7608,0.3919,0.6771,0.0124,4.8119,54.0244
12/08/2025 19:00,2,D,0.2962,77.1226,0.8343,1.8811,0.0967,4.327,11.3752,3413.5909,37.7626,11.826,4.8843,9.4241,8.9309,0.1214,13.3612,0.1399,1.5676,0.0265,0.978,273.4659,1.6109,47.9662,1.1233,10.1891,4.0949,0.1109,17.4695,0.2037,0.2997,0.0258,4.051,54.3087
13/08/2025 07:00,1,C,0.4003,72.5816,1.398,2.511,0.0856,5.2813,8.1777,1629.9501,37.5994,15.2573,1.6867,9.4827,17.1938,0.1651,14.5095,0.1901,2.6583,0.0468,1.2571,217.2027,1.4876,49.6282,0.487,9.6961,5.2606,0.1819,21.6444,0.3639,0.2993,0.0079,4.6039,52.8414
13/08/2025 19:00,2,D,0.2519,79.588,0.8907,2.0806,0.0622,4.7976,10.2125,4041.7203,37.5222,10.992,3.4891,7.9125,11.0503,0.1325,17.2282,0.096,1.4898,0.0233,0.9973,268.7468,1.3137,50.2879,0.9959,10.4722,3.1992,0.1461,22.4398,0.1424,0.4545,0.002,4.0945,61.957
14/08/2025 07:00,1,A,0.7894,90.7351,0.9848,1.9229,0.1443,4.4214,21.5807,2559.5608,31.3227,13.5487,5.3924,8.6514,12.9113,0.167,12.3823,0.1989,1.539,0.0332,1.52,265.4518,2.1876,50.3416,0.8742,11.6155,4.7275,0.1744,16.3693,0.244,0.2299,0.0097,3.4639,52.617
14/08/2025 19:00,2,B,0.4284,86.2861,1.322,3.3092,0.0856,4.4161,13.2785,3071.7951,34.6989,13.4862,2.0664,7.8678,10.6905,0.1587,20.5199,0.1921,2.6353,0.0258,1.0989,259.3366,1.1422,51.7536,0.5861,7.5268,2.4939,0.1759,26.5373,0.2317,0.6134,0.0097,3.8891,57.3171
15/08/2025 07:00,1,A,0.2394,113.8235,0.9308,2.2782,0.0711,4.249,7.5679,2880.2232,33.2056,14.0635,1.6846,7.8313,10.1083,0.1243,21.1488,0.1169,2.0618,0.0232,0.9343,195.3266,1.5776,50.0265,0.7545,10.2892,3.4705,0.1141,29.2849,0.1991,0.4612,0.0157,3.8509,54.5874
15/08/2025 19:00,2,B,0.1931,94.72,0.5892,1.699,0.0521,5.0543,8.5578,5461.0369,36.0583,11.1812,2.3663,7.887,15.2402,0.0866,12.5837,0.0936,1.0926,0.0059,0.6716,287.3954,1.8006,50.436,0.6826,9.8748,2.2111,0.0823,16.2755,0.075,0.2255,0.0141,4.1767,54.5702
16/08/2025 07:00,1,A,0.4623,88.8363,1.5343,4.5397,0.1805,4.9583,12.6745,2531.2095,42.8691,12.1583,4.3966,9.917,9.8136,0.2116,23.7867,0.4581,3.7198,0.1101,0.7919,251.7536,2.1166,48.6297,1.2315,11.6454,3.7957,0.1889,25.9566,0.5308,0.569,0.019,5.3376,53.1726
16/08/2025 19:00,2,B,0.4013,90.9212,1.129,1.915,0.0672,4.4234,8.885,2604.1732,36.156,15.1399,1.5992,7.5582,18.0169,0.1311,21.0938,0.1698,1.5612,0.0127,1.2236,332.0022,2.7395,49.2045,0.6879,7.9318,5.8646,0.178,22.3329,0.2113,0.1995,0.0,4.1984,50.2669
17/08/2025 07:00,1,D,0.2728,107.1531,1.2269,2.4368,0.1031,4.6925,7.523,2744.7239,40.7701,16.2749,2.7645,8.4311,9.0603,0.0802,21.2988,0.1136,1.8981,0.0269,0.9197,302.0342,1.7261,51.4456,0.9424,9.9935,2.7745,0.1098,29.0361,0.2094,0.8058,0.0104,3.8027,50.7039
17/08/2025 19:00,2,C,0.311,74.2385,0.8232,2.1413,0.0607,4.7145,4.873,3259.1557,33.8939,15.5535,1.154,8.4254,16.8226,0.1363,16.6703,0.1351,2.3516,0.0221,1.0916,252.0059,1.7302,52.1183,0.7141,8.9702,3.7162,0.1295,20.2155,0.1432,0.3906,0.0096,4.9064,59.7863
18/08/2025 07:00,1,D,0.1979,65.8737,0.5713,1.6769,0.0206,4.2426,7.0894,3882.1311,34.4333,12.7034,2.6292,8.7689,15.9326,0.0918,16.3815,0.1989,0.9322,0.0202,0.6364,314.878,2.3291,51.8014,1.0753,9.2074,2.1939,0.0914,18.2483,0.2584,0.376,0.01,3.7402,51.0695
18/08/2025 19:00,2,C,0.4676,48.8422,1.0957,2.8567,0.1245,5.302,11.1278,2343.9531,41.5115,10.7137,3.696,8.1228,9.699,0.1886,15.7546,0.1625,2.3913,0.0448,0.9391,205.0576,2.2725,50.6646,0.9877,10.8449,3.37,0.2212,18.3126,0.2322,0.351,0.0132,4.8972,53.1243
19/08/2025 07:00,1,D,0.2802,78.3733,1.4564,2.3483,0.1124,5.2332,11.1109,2196.5164,37.9071,8.9685,3.3145,7.8536,10.7263,0.1171,16.4593,0.1421,2.1898,0.0499,0.8428,204.7325,1.6549,48.7083,1.0812,10.9844,2.2269,0.1167,23.6049,0.2298,0.3511,0.0142,4.5811,
19/08/2025 19:00,2,C,0.4223,87.2375,0.5044,2.0872,0.0538,4.3521,10.2866,2355.5458,25.5384,13.2657,2.6049,9.5647,20.4002,0.139,11.3684,0.1639,1.4089,0.0335,1.2147,155.1024,1.2833,51.886,0.9018,9.3174,3.0041,0.1432,15.1311,0.1338,0.3623,0.0168,3.9947,63.0975
20/08/2025 07:00,1,D,0.4798,92.9757,0.826,2.4262,0.1069,4.7352,11.3492,3468.4968,34.5007,12.7647,3.7267,10.2568,10.7774,0.1599,16.8853,0.1841,2.4427,0.0347,1.1172,229.981,1.8484,52.0427,0.866,9.5636,2.8487,0.177,21.6122,0.2217,0.4598,0.0215,4.4257,55.8619
20/08/2025 19:00,2,C,0.5849,94.2422,1.3723,2.7488,0.1315,5.0719,9.555,2199.1589,35.1386,17.7408,4.3675,8.2724,10.6442,0.1568,20.0675,0.2147,1.8368,0.0302,1.0176,193.0492,2.1394,52.417,1.1772,10.8998,2.2348,0.1749,23.5933,0.286,0.4404,0.0149,4.4351,51.8799
21/08/2025 07:00,1,B,0.5545,60.1087,0.8869,2.2714,0.0816,5.0868,11.2335,1447.2473,34.0632,13.6159,3.2244,9.876,10.9759,0.1331,9.1153,0.0645,1.8397,0.041,1.2139,143.609,0.9852,50.0043,0.9728,11.0109,3.7125,0.1733,14.0698,0.1347,0.2487,0.0226,4.8483,57.2347
21/08/2025 19:00,2,A,0.5346,85.4767,2.3123,5.2797,0.1679,4.9782,7.7255,1523.805,40.0972,12.1243,2.7581,7.3105,10.4736,0.2385,16.2749,0.5639,4.5114,0.0726,0.6159,132.364,2.1407,53.7931,0.8939,9.818,2.0223,0.2114,21.1844,0.5295,2.0021,0.0202,4.4971,52.3117
22/08/2025 07:00,1,B,0.3277,99.4314,1.1311,2.7202,0.0985,5.0821,7.7541,2806.1051,34.2311,14.6541,2.4128,8.6589,10.9237,0.1398,21.5184,0.1178,2.4724,0.0462,0.7538,221.4831,1.3834,51.9334,0.8944,10.4595,1.9618,0.1527,26.8176,0.1696,0.3894,0.0128,4.5009,54.2404
22/08/2025 19:00,2,A,0.6444,70.7665,0.9774,3.214,0.1065,5.4643,9.5391,2400.3765,33.0474,12.2247,3.2889,10.32,19.8918,0.1768,12.7653,0.109,2.342,0.0226,1.7127,140.2226,1.1733,52.3155,0.8197,8.9695,1.9349,0.2349,17.0857,0.1422,0.7792,0.0079,4.9441,57.6062
23/08/2025 07:00,1,B,0.5929,65.9139,1.0689,2.1279,0.0791,5.0794,10.5549,1486.218,37.4702,12.7329,2.5933,7.7236,12.272,0.203,9.1494,0.0654,1.9743,0.0182,1.5898,213.3787,2.2126,53.3335,0.7345,9.1201,2.2433,0.2591,13.4511,0.1228,0.266,0.0109,4.2886,55.8647
23/08/2025 19:00,2,A,0.3976,70.0959,0.7618,1.2214,0.0539,4.0372,11.2983,2876.4318,38.6244,14.8324,2.1539,7.3632,14.3209,0.1326,18.1189,0.072,1.1475,0.0175,1.0326,174.1964,1.7111,49.5038,0.4516,9.6393,5.8128,0.1489,19.0702,0.1154,0.3099,0.0094,4.0916,59.6266
24/08/2025 07:00,1,C,0.3078,80.4777,1.0973,2.2988,0.0823,4.4896,9.2001,2519.4417,30.9074,11.7049,1.9263,9.7303,19.7792,0.1153,12.2151,0.1555,2.3093,0.0319,0.8175,164.3841,0.7678,54.2722,0.667,9.2404,1.2615,0.1168,16.1034,0.2209,0.2653,0.0138,3.9906,58.5088
24/08/2025 19:00,2,D,0.3611,99.0406,1.8906,2.8805,0.0867,5.1623,5.4486,3176.7922,38.3152,15.607,1.1141,8.0133,13.8918,0.1497,17.0521,0.2024,3.0255,0.0424,0.7328,278.3845,1.2478,48.0638,0.8209,10.6821,4.2152,0.1539,24.1681,0.2977,0.5341,0.0172,4.4674,55.626
25/08/2025 07:00,1,C,0.3555,100.6322,0.7278,2.1106,0.0495,5.0135,10.8929,3861.0774,39.3876,10.6689,2.6094,7.6904,6.6829,0.1554,21.3866,0.2192,1.4773,0.0385,1.3739,319.6365,2.4241,50.4535,0.8794,9.749,3.7244,0.1552,27.8468,0.1948,0.4539,0.0189,4.9995,55.9315
25/08/2025 19:00,2,D,0.6441,88.5287,1.905,3.5996,0.123,4.9181,11.6012,2012.3728,32.4286,8.5005,1.5776,7.9845,27.893,0.2847,20.2909,0.3015,3.0081,0.0289,1.8317,243.846,2.638,51.8937,0.7813,9.7602,4.2495,0.2575,22.4858,0.3798,0.5889,0.0085,3.9717,49.6614
26/08/2025 07:00,1,C,0.3168,83.3552,1.1268,2.5969,0.1249,4.5884,11.664,2770.0954,38.142,13.9675,3.3422,8.7589,10.8483,0.1047,19.3709,0.2052,2.0007,0.0373,0.6744,225.7534,1.1865,49.9725,0.8685,8.1854,4.6204,0.1201,25.4007,0.29,0.433,0.0221,4.5495,58.3468
26/08/2025 19:00,2,D,0.2494,81.4997,1.1488,2.2963,0.0437,4.7285,7.7304,2732.7803,35.027,12.1998,1.1383,7.3294,19.8973,0.1376,16.7419,0.2295,1.9887,0.017,0.8698,263.4665,1.3432,53.1275,0.4621,9.4143,1.8385,0.1217,20.2337,0.2908,0.4562,0.0,4.4346,57.8635
27/08/2025 07:00,1,C,0.2556,71.1366,0.924,2.7702,0.1106,4.8461,9.6831,2219.9144,27.456,15.8472,3.0407,10.9642,14.1693,0.1017,10.789,0.1267,2.3705,0.0364,0.8079,286.1774,1.4988,51.3115,1.2163,10.9027,5.141,0.1125,16.1306,0.1715,0.2963,0.0042,4.1542,
27/08/2025 19:00,2,D,0.4498,68.9779,1.713,3.824,0.1499,5.4013,10.6194,1944.7007,35.3666,13.1495,3.2626,7.0978,9.7463,0.1329,11.4228,0.0944,2.956,0.0455,0.5197,135.4201,1.9265,48.7475,0.8468,11.492,4.2568,0.1651,15.1844,0.2703,0.6886,0.0171,4.8281,58.7134
28/08/2025 07:00,1,A,0.4632,82.1487,1.7661,3.9095,0.1269,5.449,8.7313,1547.4859,39.3942,11.2957,1.7943,7.7327,12.5835,0.1754,16.5633,0.2712,3.7848,0.0544,0.5668,155.8202,0.8978,51.9213,0.6736,9.6923,2.591,0.188,20.3609,0.3401,0.6224,0.0066,5.1417,60.6651
28/08/2025 19:00,2,B,0.3239,80.2905,1.2618,2.3003,0.0932,5.2731,8.3463,3070.2747,38.1665,14.3724,2.6097,7.1474,16.7639,0.1135,16.7188,0.1099,2.1361,0.0352,0.9978,223.8854,1.5313,50.3446,0.6599,10.1218,3.1122,0.1279,21.0585,0.1957,0.3385,0.0099,4.659,59.895
29/08/2025 07:00,1,A,0.3895,76.3713,1.152,2.2912,0.0983,4.5835,11.6551,1676.6489,30.0625,14.3507,2.7145,9.7506,19.2577,0.1387,15.5318,0.1602,2.3641,0.0212,0.6767,189.4007,1.4332,52.6499,0.8481,9.7273,3.5905,0.1289,18.32,0.2246,0.3483,0.0041,4.288,53.8505
29/08/2025 19:00,2,B,0.6223,92.1417,1.6489,3.6705,0.1237,4.9961,12.3146,2497.8831,40.129,12.4848,3.0725,6.4559,11.9277,0.1657,18.6184,0.201,3.3897,0.0577,1.1163,211.0989,1.7423,52.7833,0.88,9.1522,1.7661,0.2362,21.9835,0.2996,0.5908,0.0216,4.3796,55.7497
30/08/2025 07:00,1,A,0.2225,52.0749,1.0922,2.2624,0.0783,4.5816,9.3554,1974.443,37.5456,9.9008,2.0358,8.2519,13.049,0.1015,11.2791,0.1658,2.4068,0.0308,0.7075,156.6186,1.2035,51.0623,0.768,9.4346,2.602,0.1025,13.0291,0.2085,0.5849,0.0169,3.8765,61.4884
30/08/2025 19:00,2,B,,,,,,,10.5011,3705.3811,36.8205,9.4623,4.5516,8.4014,12.1256,0.1529,18.6431,0.1015,1.9592,0.0464,1.4458,281.239,1.3603,51.2628,0.7967,8.1662,2.2381,0.1768,26.2374,0.1936,0.3681,0.012,4.33,56.09
31/08/2025 07:00,1,D,0.2186,87.4121,1.389,3.1958,0.113,5.988,4.9863,2259.5472,37.2009,19.3932,1.8246,10.0436,9.8886,0.1012,23.3767,0.1729,3.1606,0.0502,0.5254,178.4216,1.6736,53.8811,0.7977,10.3568,1.7921,0.0973,26.02,0.2345,0.6622,0.0182,5.2173,56.9773
31/08/2025 19:00,2,C,0.2021,90.7011,0.8342,2.3106,0.0742,4.5819,6.2475,2882.9183,34.6443,16.5055,1.8484,10.1697,13.3115,0.0811,21.8553,0.2627,1.8867,0.0329,0.5252,217.3812,2.0436,50.1318,0.8702,8.8649,3.7781,0.1103,27.4404,0.2413,0.446,0.0039,3.5265,57.1296
01/09/2025 07:00,1,D,0.6476,103.4535,1.9359,5.4357,0.2155,5.5149,11.6459,1695.6062,36.2412,12.6031,2.8208,8.1833,12.0183,0.1784,17.2704,0.3294,5.3842,0.1101,0.8156,152.1369,1.4514,51.086,0.8055,9.2848,3.0243,0.2122,23.5752,0.3824,1.2188,0.0347,4.955,53.8077
01/09/2025 19:00,2,C,0.614,81.4037,1.1558,2.0208,0.081,4.4166,8.2995,1760.1771,31.4553,14.3143,1.8088,7.6771,14.096,0.1801,15.5971,0.1087,1.4627,0.0226,1.3567,143.7086,1.4756,51.47,0.6983,9.6359,3.4122,0.1921,22.1759,0.144,0.2441,0.0017,4.1612,58.9106
02/09/2025 07:00,1,D,0.3696,97.0808,1.0107,3.0154,0.0939,4.4499,8.6819,2897.3171,43.332,9.6135,3.2079,8.283,9.2233,0.1644,20.1673,0.2716,2.1869,0.028,0.7155,216.8649,1.4526,51.9135,1.0095,9.3976,3.0772,0.1548,30.0231,0.2447,0.6564,0.0119,4.0414,51.3438
02/09/2025 19:00,2,C,0.285,55.0513,0.719,1.5408,0.074,4.1158,7.8833,1595.2696,33.5178,10.3722,3.0914,7.3718,14.8002,0.1569,14.0547,0.1461,1.9688,0.0386,0.7593,140.6786,0.9594,52.1151,0.7249,9.1063,3.129,0.137,14.6079,0.1344,0.2381,0.017,3.8626,51.3529
03/09/2025 07:00,1,D,0.3258,59.3822,1.3095,2.9051,0.0942,5.6667,3.4634,1082.2135,28.8272,18.0428,2.2284,8.3571,23.8483,0.1182,9.5283,0.0922,1.775,0.0293,0.7403,134.1456,1.5277,52.1358,0.5449,11.227,2.9991,0.1291,13.7051,0.1716,0.4339,0.0179,4.6769,57.6263
03/09/2025 19:00,2,C,0.2504,83.5449,0.7377,3.0185,0.0815,4.4695,5.2079,3422.7255,32.2149,13.7744,1.8873,8.9426,14.6068,0.0986,22.0692,0.1346,2.5812,0.0398,0.6686,201.212,1.3768,54.331,0.6934,8.1716,2.1021,0.1308,22.2497,0.1788,0.4071,0.0257,3.76,56.2183
04/09/2025 07:00,1,B,0.307,90.5381,1.373,2.2603,0.0877,4.8453,7.2788,3034.4907,43.7604,11.449,1.7829,7.1047,13.3758,0.1277,17.6513,0.2672,1.9555,0.0211,0.9374,257.0946,3.7496,52.5194,0.8031,10.3764,3.1143,0.123,23.6814,0.2757,0.398,0.0145,5.0054,54.7124
04/09/2025 19:00,2,A,0.3814,103.0815,1.0526,2.5948,0.0894,4.3265,9.6097,2214.8901,38.8985,10.4277,1.3267,6.5362,11.9408,0.1169,12.8171,0.058,2.2469,0.0191,0.8626,154.4799,0.6625,51.8822,0.6937,8.9604,3.4742,0.1398,22.5724,0.1494,0.3299,0.0048,3.2569,61.3542
05/09/2025 07:00,1,B,0.3114,62.8097,1.5159,3.4411,0.0809,6.0492,10.1785,1868.9358,31.968,16.0039,1.1545,8.9118,15.6075,0.1316,12.4165,0.2431,2.7733,0.0351,0.6647,143.131,1.5708,50.94,0.5853,11.3919,2.7729,0.1475,15.9407,0.2899,0.6447,0.0207,5.2574,
05/09/2025 19:00,2,A,0.4332,71.1991,1.0958,2.7975,0.0839,4.6195,11.7731,2422.0477,40.418,8.2668,1.9996,7.7543,13.3754,0.2056,17.0062,0.1504,2.7697,0.0322,1.0489,143.7994,1.2725,55.001,0.8967,8.438,2.3001,0.204,24.6965,0.1887,0.4511,0.0134,4.0502,52.504
06/09/2025 07:00,1,B,0.2539,124.3308,1.5945,2.8599,0.0729,3.9901,3.6341,3210.1063,40.1027,7.8337,1.608,6.7384,17.3577,0.0992,34.433,0.1642,3.7431,0.0602,0.3696,213.8461,1.3475,48.9826,0.6562,9.5871,4.3534,0.1343,42.3174,0.2474,0.3233,0.0156,4.2501,55.4669
06/09/2025 19:00,2,A,0.2045,60.5994,0.6505,1.688,0.0532,4.9777,5.0806,2940.4988,30.7761,13.7281,1.8356,9.5523,22.2425,0.0638,13.7259,0.1031,1.8855,0.0147,0.7641,283.6765,2.3024,48.0647,0.7061,11.8154,6.53,0.0989,14.4251,0.1628,0.2927,0.0054,4.867,60.0202
07/09/2025 07:00,1,C,0.1943,100.5203,1.0858,2.7837,0.0843,3.9925,7.8605,2211.8277,35.2466,10.2032,1.864,8.1902,16.1939,0.0901,21.0232,0.2026,2.6507,0.0429,0.6756,243.7923,1.5119,51.5364,1.2033,10.0125,2.3499,0.0822,24.4728,0.2459,0.649,0.0179,3.5944,49.4465
07/09/2025 19:00,2,D,0.2353,74.5683,1.0145,2.2851,0.0521,4.3562,4.6765,2074.8469,37.3212,12.8992,1.9138,8.1369,14.983,0.1225,10.6052,0.2395,2.0377,0.0331,0.7941,236.1365,1.4625,48.9068,0.5761,11.272,6.1439,0.1346,19.0477,0.2072,0.3047,0.0114,4.1067,56.4764
08/09/2025 07:00,1,C,0.3575,109.8805,1.7788,3.3719,0.0947,4.8897,4.5304,2725.2008,35.824,8.0771,1.6006,6.726,17.3396,0.1041,19.8566,0.1817,3.0889,0.0419,0.4982,143.776,1.682,46.317,1.002,10.788,3.5114,0.1461,22.7491,0.2925,0.4194,0.0139,4.6385,51.3257
08/09/2025 19:00,2,D,0.2799,116.2554,1.0609,2.1268,0.0649,5.5496,7.8652,3744.5405,39.267,11.7526,1.8295,7.4287,9.1658,0.1596,24.6388,0.2046,1.9131,0.0349,1.1658,300.1723,2.4056,51.6215,0.7734,10.1856,3.4714,0.1436,28.7076,0.2655,0.3586,0.0,4.5904,55.8612
09/09/2025 07:00,1,C,0.2861,69.8701,1.1629,2.3704,0.115,4.5726,6.6191,2069.7041,33.3463,12.6296,2.0961,8.2839,11.0255,0.0963,13.8447,0.0986,1.8528,0.0376,0.7514,200.0827,2.3344,49.09,0.8677,9.5625,3.2653,0.1143,14.3591,0.1699,0.3142,0.0166,3.9441,55.9898
09/09/2025 19:00,2,D,0.4113,82.68,1.2914,3.291,0.1415,5.1532,7.6425,2578.7923,34.1697,11.6452,3.1527,9.1931,12.8483,0.1634,17.3372,0.2299,2.5597,0.0363,0.6403,176.9458,2.1911,52.0199,0.8931,10.1666,3.6462,0.1495,23.6672,0.3153,0.5366,0.0265,5.1068,
10/09/2025 07:00,1,C,0.3729,98.5225,1.5354,3.461,0.1002,5.1719,5.5963,2879.409,35.128,17.0148,1.7146,8.5042,17.5502,0.1048,15.5033,0.1538,3.1314,0.0451,0.596,254.3741,1.7112,51.7808,0.7271,10.0343,2.7901,0.1486,21.5471,0.2637,0.6156,0.0043,4.9107,52.6833
10/09/2025 19:00,2,D,0.1367,91.8924,1.2857,1.9072,0.0418,3.6588,4.3914,2517.7908,36.8131,6.7864,1.2348,7.0028,24.6252,0.1087,18.3962,0.1842,1.3171,0.0163,0.8004,206.3024,2.9915,50.4485,0.7732,10.0022,5.759,0.0682,24.7996,0.2798,0.7663,0.0169,3.497,63.0115
11/09/2025 07:00,1,A,0.2984,56.314,1.1439,2.8158,0.1098,4.7947,10.6174,2116.9054,39.7054,13.0146,3.4428,10.4444,10.9306,0.1207,15.0158,0.1923,2.565,0.0381,0.8774,227.4514,2.9234,48.216,0.8574,10.459,3.9886,0.1391,19.3294,0.3117,0.4039,0.018,3.9926,58.6281
11/09/2025 19:00,2,B,0.4183,96.2067,1.155,2.676,0.0895,5.5055,12.2275,2207.37,41.1052,13.5471,3.1611,7.3626,11.3153,0.1824,17.7119,0.1121,3.0486,0.0496,0.6231,160.2813,1.0595,51.1242,0.8959,10.6482,5.2521,0.1622,23.5647,0.1794,0.3458,0.0165,4.5796,51.3729
12/09/2025 07:00,1,A,0.4072,99.3446,1.6517,2.6796,0.1177,4.9093,5.6649,2079.0337,35.1513,14.2252,3.0708,9.3109,21.6301,0.1445,31.5684,0.1851,2.1738,0.0572,0.7952,246.7211,1.322,47.3219,0.8981,9.1353,4.2119,0.1855,33.1258,0.2796,0.4251,0.0183,4.2906,55.7144
12/09/2025 19:00,2,B,0.2066,68.5118,1.0353,2.7753,0.14,4.3885,6.3198,2015.1432,27.8809,12.6567,4.8448,8.9518,14.2367,0.0546,15.0729,0.2172,2.584,0.052,0.4939,202.8183,1.0378,51.3866,0.9618,10.1097,2.7782,0.0776,16.4715,0.231,0.3727,0.0221,4.4473,52.7733
13/09/2025 07:00,1,A,0.225,69.8602,0.8317,2.1337,0.0617,3.8605,8.1733,2267.3758,35.7718,12.3275,1.5635,8.194,12.5123,0.1015,18.2751,0.2114,1.7271,0.0386,0.7355,259.8974,2.7815,51.7009,0.8466,9.5528,2.0041,0.1164,24.0008,0.2501,0.5522,0.0301,3.6974,57.267
13/09/2025 19:00,2,B,0.3717,69.6637,1.1316,2.181,0.1557,5.1672,13.6452,2039.5244,32.5884,16.0852,5.3636,9.2977,9.8665,0.1384,13.0971,0.1818,2.4838,0.0545,1.0729,248.296,1.4434,50.7727,1.2938,9.241,2.0956,0.1344,16.6044,0.2775,0.2978,0.0154,5.3207,54.0133
14/09/2025 07:00,1,D,0.5597,94.7673,1.3895,3.0862,0.1121,5.2694,8.7963,2232.0816,36.2502,10.6581,2.7166,7.5139,16.0766,0.1803,18.3163,0.2146,2.3743,0.0429,0.9171,176.3399,2.2662,47.8978,0.8509,9.8138,4.5745,0.2205,22.999,0.2981,0.4757,0.0215,4.8911,51.5074
14/09/2025 19:00,2,C,0.1945,79.2769,1.0032,2.2343,0.0177,5.2765,3.1019,3849.3573,38.8707,8.1938,1.1529,6.7488,11.3949,0.0687,17.5518,0.1539,1.8512,0.023,0.6447,387.1857,1.7752,56.6971,0.8135,8.503,1.371,0.0757,21.4404,0.2186,0.3343,0.0059,4.2023,54.3436
15/09/2025 07:00,1,D,0.2591,99.5011,1.0359,2.2014,0.0767,4.0815,4.3354,3264.74,36.9966,14.8237,1.9526,8.7585,9.715,0.1546,26.7672,0.2362,2.3519,0.0514,1.1382,329.4679,1.6988,49.3082,0.8017,8.8387,5.6982,0.1346,31.8807,0.2699,0.3675,0.0064,3.8272,56.2329
15/09/2025 19:00,2,C,0.3276,45.8469,0.7906,2.1443,0.096,4.6662,10.0256,1479.3044,41.1775,13.1434,3.502,6.7561,10.7794,0.097,9.747,0.0729,2.2912,0.0391,0.6023,127.0156,0.9159,55.1789,1.0189,9.2086,1.2605,0.1012,11.5146,0.0956,0.3512,0.0099,4.339,61.9568
16/09/2025 07:00,1,D,0.4004,71.5763,0.5626,2.0858,0.0741,4.1541,10.9353,3820.287,35.1399,16.0455,3.5126,10.0734,8.0057,0.1395,15.7277,0.0795,1.6343,0.0178,0.9052,350.9883,1.6351,52.2926,1.0668,9.9563,1.9838,0.1636,19.7669,0.0899,0.2386,0.0,3.5528,53.5413
16/09/2025 19:00,2,C,0.3137,77.5556,0.8392,1.4119,0.0718,4.1265,9.8484,2973.8924,43.9976,7.9339,2.4285,7.9097,8.3152,0.1234,15.3967,0.0966,1.0136,0.0271,1.3136,291.7269,3.1826,51.0782,1.019,9.5004,3.2644,0.1433,19.3167,0.131,0.2126,0.0044,3.5525,57.5428
17/09/2025 07:00,1,D,0.2732,84.58,0.7713,1.6948,0.0752,5.4839,5.0863,3499.6789,35.33,13.9991,2.6032,9.6494,10.5406,0.1103,22.0446,0.1058,1.8689,0.0314,0.6548,276.961,1.7673,50.4561,0.932,11.7775,4.4411,0.1441,27.1798,0.1628,0.1846,0.0161,5.2979,62.694
17/09/2025 19:00,2,C,0.4067,109.6649,1.2053,3.3514,0.0596,5.1764,7.4397,2950.3902,29.4171,14.6606,1.8481,8.3806,15.3826,0.1516,23.9055,0.1446,3.2716,0.0284,0.5156,201.9008,0.9209,52.5344,0.7983,11.6427,2.4905,0.1545,29.0642,0.1822,0.2492,0.0,4.292,51.7399
18/09/2025 07:00,1,B,0.4542,85.211,1.5531,3.545,0.1428,5.7146,11.571,1835.2579,40.9185,10.5954,4.5333,8.1804,9.8066,0.2052,22.488,0.2881,2.8039,0.0562,1.1406,181.6979,1.6725,49.5234,0.8745,10.8257,3.2219,0.1827,23.8878,0.2942,0.7975,0.0258,5.3006,52.1545
18/09/2025 19:00,2,A,0.2501,100.6742,0.9892,2.4504,0.038,5.4938,5.1703,2540.8629,33.1315,15.471,1.8633,8.8883,17.6764,0.1035,17.9324,0.2388,2.2935,0.0302,0.3518,171.239,1.0342,49.5999,0.7069,10.5992,5.441,0.1059,26.0909,0.2212,0.7326,0.0246,5.0625,54.3277
19/09/2025 07:00,1,B,0.5676,62.0327,1.4136,2.2168,0.1543,5.3797,12.8506,1571.1909,38.9429,11.9602,2.7459,9.1875,14.3031,0.1694,15.4601,0.095,1.9522,0.0413,0.8593,198.3892,1.24,49.5053,1.0098,8.8207,4.4977,0.1945,19.7023,0.2168,0.3078,0.0132,5.5511,53.6865
19/09/2025 19:00,2,A,0.5722,132.7321,0.9613,1.9561,0.0598,4.229,7.6071,3047.6185,30.7585,11.6703,1.9796,7.4536,20.6191,0.1953,12.6827,0.077,0.9366,0.0142,1.9203,326.1327,2.5762,51.0348,0.6372,9.2662,5.5642,0.2109,22.4945,0.1334,0.2108,0.0022,3.455,54.5812
20/09/2025 07:00,1,B,0.2696,53.6428,1.1572,3.7606,0.1123,4.8033,7.2708,1859.6257,33.8164,11.4272,1.6694,8.7449,15.9511,0.056,11.1655,0.323,3.4281,0.0469,0.8448,182.8166,1.7424,51.4617,0.7865,9.3343,4.2958,0.1013,14.6094,0.3385,0.6796,0.0181,3.9653,
20/09/2025 19:00,2,A,0.3968,59.8261,0.6006,2.2548,0.0506,4.7773,13.0672,2219.5089,36.5091,10.892,2.6446,8.3168,15.616,0.1413,11.5526,0.098,2.3278,0.0343,0.8432,149.8285,0.7367,52.8474,0.6704,12.1239,4.6646,0.1767,15.5202,0.0896,0.2078,0.0073,4.5026,57.8319
21/09/2025 07:00,1,C,0.3101,101.9801,0.904,3.0121,0.1135,5.0181,5.7123,2991.6484,35.8642,13.3595,3.9232,10.5945,14.4583,0.1113,12.6179,0.3805,4.0309,0.0808,0.8314,137.2116,1.1159,54.3765,1.2202,12.3969,2.3621,0.1386,23.0063,0.305,0.8132,0.0153,4.6796,52.6376
21/09/2025 19:00,2,D,0.4146,98.0995,0.7701,2.1262,0.0955,4.3431,7.8036,2941.8095,33.6318,8.8674,2.7628,9.1533,15.0784,0.1565,20.5567,0.1313,1.6189,0.0213,1.2989,249.9555,1.8042,48.2015,1.2321,9.6374,4.1512,0.1916,26.6937,0.148,0.2997,0.0144,4.1095,57.9138
22/09/2025 07:00,1,C,0.1292,58.756,0.7724,2.4386,0.0907,4.8078,6.8474,2744.1592,32.8535,11.392,2.3107,8.3555,12.982,0.1001,22.3533,0.2068,2.3081,0.0648,0.4975,226.6427,1.7818,47.6967,0.7535,10.696,4.9465,0.1061,21.6832,0.1999,0.3398,0.0251,3.8222,60.7465
22/09/2025 19:00,2,D,0.5532,87.5178,1.801,4.7882,0.1351,4.9823,6.1808,1431.0072,36.2697,13.271,2.4027,8.5979,13.6529,0.1641,15.5689,0.259,3.4256,0.0423,0.9316,101.185,1.3165,49.9667,0.923,10.323,6.7517,0.175,19.1556,0.2791,0.6049,0.0145,3.7815,57.1429
23/09/2025 07:00,1,C,0.3458,65.0373,1.0264,2.7314,0.0814,4.6134,6.121,1947.2342,35.4119,8.714,1.8895,6.4059,15.1256,0.118,9.3331,0.1923,2.0427,0.0491,0.8649,263.8535,2.2285,51.531,1.1874,9.5694,2.2913,0.1483,15.0321,0.2077,0.4156,0.0068,3.6951,53.1558
23/09/2025 19:00,2,D,0.3698,72.5354,0.7777,1.768,0.1055,3.8416,9.6046,2201.1405,35.0808,10.2818,3.6357,7.9497,18.2451,0.1328,14.2329,0.0786,1.4113,0.0391,1.4153,256.4576,2.2527,50.1795,0.7157,8.791,1.6623,0.147,14.3961,0.1234,0.2573,0.0271,3.7377,58.4133
24/09/2025 07:00,1,C,0.5205,70.6583,3.4373,4.1929,0.1137,5.4771,11.6457,1156.5669,41.7985,11.8494,1.1738,6.8215,22.5637,0.1336,12.0184,0.3823,3.2322,0.0436,0.6815,136.7628,1.7544,53.0667,0.7697,9.4214,3.0214,0.1289,15.9192,0.6138,0.8602,0.0199,4.9133,56.7246
24/09/2025 19:00,2,D,0.4681,66.4623,1.0422,2.6527,0.0654,5.0833,13.2228,2396.9507,38.3751,15.4904,2.6208,10.354,9.2903,0.1537,15.2132,0.1275,1.4792,0.028,1.1745,215.6862,2.0883,47.5483,0.7872,11.0974,7.0698,0.1679,17.5259,0.1139,0.3055,0.0021,4.3014,57.3723
25/09/2025 07:00,1,A,0.2128,63.8161,1.3952,3.4196,0.0828,4.5667,5.4391,1823.2601,39.5853,12.5017,1.2651,6.8039,10.3859,0.0628,16.9717,0.2432,3.0911,0.0352,0.6539,171.9306,1.6406,49.5771,0.6356,9.4926,3.9497,0.0899,19.936,0.2711,0.7869,0.0001,4.4071,63.4334
25/09/2025 19:00,2,B,0.2759,74.9617,0.7881,1.921,0.0501,4.9082,8.2412,3744.1897,40.7908,15.0398,1.593,8.8485,9.5708,0.135,23.8412,0.204,1.5321,0.0249,1.0451,345.2033,1.5312,52.9423,0.9491,9.9969,1.35,0.1319,26.1704,0.2131,0.3945,0.0089,3.9595,60.3722
26/09/2025 07:00,1,A,0.3078,88.1795,0.9039,2.707,0.1024,4.5118,5.1298,2570.5559,35.7428,13.9002,2.2991,7.4246,11.1769,0.0934,12.4341,0.1074,2.726,0.0257,0.4442,129.5463,0.841,48.5273,0.8261,9.2339,2.7051,0.1051,18.8776,0.1279,0.4487,0.0143,3.8708,60.7225
26/09/2025 19:00,2,B,0.3108,92.3424,0.6433,1.2316,0.0581,4.2136,9.2876,3576.9566,38.0206,13.3729,2.2001,7.2539,8.4545,0.0769,13.541,0.0927,1.5982,0.0321,0.9875,280.3671,1.0318,55.37,0.6766,7.9574,0.9126,0.1029,20.0484,0.1399,0.1655,0.0176,3.8549,51.5966
27/09/2025 07:00,1,A,0.5698,59.7047,1.3171,3.2157,0.1712,5.3413,10.4786,1355.3953,32.7388,13.7604,3.0079,9.0596,19.4673,0.163,9.8307,0.174,1.9439,0.0373,1.1443,175.7381,0.8867,51.4893,0.887,9.8951,3.7664,0.1764,14.1187,0.239,0.4863,0.0138,4.4863,49.1002
27/09/2025 19:00,2,B,0.4241,75.4731,1.0586,3.5077,0.1006,5.5661,10.2802,2334.5881,38.0496,11.549,2.6288,8.9809,8.8138,0.1435,18.0738,0.1136,2.7606,0.0319,0.681,241.1822,1.034,47.972,0.8254,9.3077,4.6203,0.1975,19.5208,0.1393,0.3432,0.0009,4.9218,53.0396
28/09/2025 07:00,1,D,0.3661,85.8389,0.7368,2.3499,0.0581,4.6702,9.5774,3845.9787,31.5345,15.5276,2.8979,8.6782,12.4121,0.164,17.2645,0.1466,1.9511,0.0162,1.0242,196.4338,1.1355,53.2854,0.7793,9.1826,3.2718,0.1739,22.7055,0.1702,0.4167,0.0,4.1708,51.6296
28/09/2025 19:00,2,C,0.382,62.4501,1.3199,3.0444,0.1721,4.7495,9.7614,1625.4847,32.1778,14.2961,3.8785,9.7972,15.3406,0.1082,12.3998,0.146,1.9608,0.031,0.8792,186.1823,2.9174,48.8109,1.3958,11.7714,8.2232,0.1323,14.9259,0.2371,0.7405,0.0133,4.4844,43.423
29/09/2025 07:00,1,A,0.5121,90.0169,2.6469,7.0197,0.2134,6.8453,6.783,1495.0705,37.1749,12.7588,1.7763,6.6122,16.3252,0.1592,24.5401,0.2081,5.8516,0.0931,0.3897,121.7374,1.0065,51.6186,0.6601,10.298,2.3437,0.184,26.436,0.3374,0.4655,0.0055,5.5667,54.7243
29/09/2025 19:00,2,B,0.6732,67.461,1.4159,2.999,0.1494,5.4515,13.5394,2109.3127,39.0792,17.9553,3.7535,8.4563,7.7142,0.2688,12.5752,0.3536,2.4926,0.0607,1.1452,201.7284,1.7112,56.1949,1.1297,10.571,2.0745,0.2629,15.7896,0.3579,0.5695,0.0113,4.6363,46.9402
30/09/2025 07:00,1,A,0.5164,87.1111,1.5683,4.3747,0.1113,4.334,6.9528,2146.5554,39.094,12.3675,2.3574,7.7829,12.7165,0.1589,14.7561,0.1817,3.8011,0.0569,0.7885,178.4938,1.3008,50.9431,0.7842,10.5699,4.5782,0.1912,21.1436,0.2913,0.6177,0.0222,4.0522,53.8468
30/09/2025 19:00,2,B,0.239,81.8257,1.1931,2.4568,0.0591,4.0232,4.3705,3374.7648,35.2386,11.947,2.0951,8.2818,15.3513,0.0972,11.8196,0.0466,1.6944,0.0191,0.7729,172.8043,1.0743,51.4938,0.9431,11.5836,3.7833,0.115,15.432,0.1399,0.2445,0.0,3.9577,58.3778
01/10/2025 07:00,1,A,0.2509,96.4806,0.9919,1.9846,0.0569,4.745,6.0887,3260.619,33.5819,14.0598,1.8078,9.364,13.1907,0.1234,24.6362,0.2707,2.1521,0.0279,0.6627,330.1385,2.1019,49.8046,0.8886,10.2098,3.044,0.1475,30.8937,0.3993,0.4579,0.0198,4.4333,55.8459
01/10/2025 19:00,2,B,0.5022,81.8215,0.9682,2.6081,0.1148,5.3093,7.7707,2272.7657,28.8996,12.4835,3.744,9.9652,16.8206,0.1578,18.9163,0.1135,2.5273,0.0512,0.9828,224.29,1.4579,49.2913,1.0119,10.4465,2.8707,0.1894,20.8164,0.1692,0.2585,0.0006,4.4423,46.6243
02/10/2025 07:00,1,C,0.5059,101.7365,1.4391,3.4555,0.0966,4.6619,6.7925,1805.9465,41.948,12.6888,2.0314,7.1829,15.3632,0.1741,14.3238,0.2577,3.4556,0.0509,0.9367,191.5848,1.5705,52.2602,0.7248,10.8481,1.7102,0.2002,25.0894,0.3012,0.675,0.0106,4.0818,55.5173
02/10/2025 19:00,2,D,0.5284,101.4845,1.193,3.421,0.1457,5.795,8.9127,2473.5127,38.0593,14.524,2.7411,7.6092,9.2765,0.2397,22.9332,0.2162,2.521,0.0431,1.2997,265.5926,2.2044,50.1661,0.8162,10.2645,2.7008,0.266,27.8081,0.2414,0.4763,0.0123,4.8038,53.2948
03/10/2025 07:00,1,C,0.4808,86.769,1.1567,3.798,0.0806,4.1259,9.989,2361.0226,35.4447,10.3827,2.1043,7.7129,15.8709,0.1808,22.7979,0.2148,2.8711,0.0357,0.7694,234.7627,1.6528,51.8901,0.6183,8.2517,1.7942,0.206,29.206,0.2236,0.8827,0.0238,3.8101,49.0369
03/10/2025 19:00,2,D,0.2808,86.11,0.8582,2.9026,0.1177,5.4321,5.7824,2534.6469,39.3862,13.8817,2.7475,7.884,9.6475,,,,,,0.8254,222.9301,2.812,50.8609,1.2134,9.9497,3.5837,0.1355,19.9915,0.3001,0.6488,0.0148,4.7254,56.8948
04/10/2025 07:00,1,C,0.4287,67.7868,1.1656,3.0281,0.1017,4.6835,8.6918,2513.0486,35.8458,15.9521,3.1603,9.6755,8.691,0.1402,13.3345,0.131,2.5335,0.0417,0.8094,237.4578,1.6104,49.0311,0.7814,9.2795,3.4183,0.1822,18.4113,0.209,0.3757,0.0038,4.3118,56.2481
04/10/2025 19:00,2,D,0.3936,67.4567,0.83,1.9975,0.055,4.6461,10.2149,2067.0983,31.77,15.4662,2.005,8.4431,21.8473,0.1642,11.2411,0.1054,1.7093,0.0136,0.9068,172.5548,1.6809,52.5986,0.6082,11.1064,3.0013,0.1657,14.3222,0.1399,0.3578,0.0057,4.2824,54.6133
05/10/2025 07:00,1,A,0.4179,56.9491,1.2724,2.7961,0.1477,4.7179,11.7459,1854.0743,40.5514,12.1919,3.7898,8.2029,9.6542,0.1612,14.2835,0.1536,2.3013,0.0391,1.3849,194.33,1.2696,47.3756,0.8941,10.1514,4.8815,0.1841,17.7362,0.2295,0.2418,0.0104,3.8934,52.2395
05/10/2025 19:00,2,B,0.507,93.7789,0.6731,2.0161,0.0762,4.5225,13.0704,3365.5606,29.2395,13.7947,2.4806,8.4995,16.9276,0.2075,15.5124,0.1643,1.2705,0.0347,1.3692,269.3879,1.4416,51.1179,0.7829,9.4356,4.1053,0.2187,22.8461,0.161,0.2519,0.0156,4.4334,59.6356
06/10/2025 07:00,1,A,0.239,77.3988,0.6519,1.2863,0.0231,4.0176,8.2325,3956.5768,32.4806,8.9978,2.0534,7.2584,22.552,0.0944,20.0862,0.1722,1.5143,0.023,1.0178,234.5571,1.3521,49.2484,0.6551,8.2919,5.2059,0.1014,22.5854,0.1919,0.1794,0.0021,3.8636,54.2298
06/10/2025 19:00,2,B,0.3771,101.4387,0.8049,1.9203,0.0748,4.2166,10.3323,3263.0307,34.1213,11.7065,2.5497,6.2569,18.6868,0.1269,24.8067,0.2032,2.3485,0.0172,1.1275,272.6072,1.2373,53.5238,0.7108,8.9499,1.8214,0.152,28.933,0.1888,0.3092,0.0102,4.0133,48.2886
07/10/2025 07:00,1,A,0.4036,79.527,0.9681,3.6172,0.0826,5.0505,8.013,2280.5702,34.5703,13.7814,2.7232,8.3827,17.6729,0.1583,19.7725,0.2529,3.2964,0.039,0.9714,188.9439,1.2186,53.2823,0.6804,8.909,3.3004,0.1844,23.274,0.2387,0.5981,0.0081,4.8244,51.0329
07/10/2025 19:00,2,B,0.4654,83.7107,2.1612,4.7334,0.1185,5.205,7.7655,1765.2887,38.2584,11.4022,1.1992,5.9298,18.6859,0.2236,16.9303,0.2784,4.5176,0.0519,0.8618,143.7598,0.7199,54.3332,0.573,9.6433,1.5232,0.2228,22.6563,0.378,1.0371,0.0205,4.4574,54.4808
08/10/2025 07:00,1,A,0.3379,126.155,1.3309,2.8272,0.1279,6.7232,7.9908,3597.5215,34.5709,16.1718,2.4318,8.3114,10.3063,0.139,21.9782,0.1832,2.5625,0.0368,0.4962,270.9292,1.2858,51.4127,0.917,12.0806,1.8678,0.1673,31.2227,0.2376,0.6185,0.0188,5.7486,54.9837
08/10/2025 19:00,2,B,0.1303,79.27,0.8108,2.7401,0.0874,4.5573,5.8377,3425.9113,37.3006,11.1415,1.8335,8.8107,15.4864,0.0804,23.0225,0.1241,2.5498,0.0386,0.6897,286.5259,2.6109,51.7416,0.9503,9.7385,2.5834,0.0755,24.2883,0.1773,0.4862,0.0081,4.6192,57.6368
09/10/2025 07:00,1,C,0.4241,78.6219,1.4316,2.7672,0.1071,3.8776,6.9527,2264.3837,35.2107,12.9727,2.9062,9.7087,11.1764,0.179,17.6892,0.2197,2.7822,0.0319,0.5268,148.9591,1.1894,52.9768,0.9347,9.9044,2.3079,0.1939,19.9765,0.3536,0.5825,0.0118,3.7564,56.4152
09/10/2025 19:00,2,D,0.3005,84.6115,1.3599,2.6354,0.1022,4.7295,7.9113,2124.3645,31.0351,13.6819,2.6744,7.8065,13.0673,0.1433,15.7359,0.219,2.5836,0.0318,0.7289,249.1728,1.6072,45.0675,0.701,10.9505,5.9749,0.1514,19.528,0.2554,0.5421,0.0163,4.5589,51.2989
10/10/2025 07:00,1,C,0.1641,85.1379,0.701,2.0016,0.0613,3.7441,10.2019,4828.9808,35.5035,9.4784,3.4978,8.9811,14.3655,0.0989,24.9146,0.21,1.7543,0.0548,0.9537,340.2242,1.4911,50.3305,1.0976,9.7907,2.0548,0.0828,29.5742,0.2475,0.3666,0.0135,3.6567,53.5832
10/10/2025 19:00,2,D,0.206,88.3544,0.6983,2.8236,0.0838,4.8362,6.4944,4431.924,35.1047,12.6283,2.2772,10.4837,15.1037,0.1162,24.5142,0.1951,2.5144,0.0329,0.6643,343.483,1.4191,49.5472,0.842,9.6839,4.3533,0.1184,28.9697,0.2249,0.4096,0.0075,4.5958,52.7869
11/10/2025 07:00,1,C,0.2451,52.3702,1.329,2.4681,0.0862,5.2219,10.8782,2039.1556,45.8078,13.0451,2.5846,6.883,6.3593,0.0872,9.514,0.1703,1.9538,0.0232,0.8859,215.8772,1.7502,53.7941,0.838,9.1285,1.4758,0.0788,13.2129,0.1933,0.3043,0.0,4.385,54.815
11/10/2025 19:00,2,D,0.5102,65.8653,1.3141,3.4366,0.1179,4.31,10.5515,1600.9419,41.9041,9.8071,3.0395,8.6552,11.0776,0.1467,11.2455,0.2214,3.7555,0.0517,0.6132,132.7114,2.2249,54.0121,1.3817,11.967,1.5268,0.2016,14.3682,0.3178,0.7798,0.0178,4.0129,52.3368
12/10/2025 07:00,1,B,0.2968,128.7822,0.828,2.4841,0.0594,4.647,6.1895,2863.4221,30.5684,9.5847,1.3689,7.0588,20.467,0.1412,17.5412,0.038,2.7584,0.0304,0.6634,166.4484,1.9473,51.936,0.7108,8.2983,2.9534,0.1396,30.361,0.1134,0.5182,0.0123,4.2459,56.1646
12/10/2025 19:00,2,A,0.3986,50.7571,0.8153,1.3742,0.0843,4.5187,8.2031,1545.8383,32.9651,11.1593,2.5928,8.6876,19.1278,0.1068,8.6215,0.0353,1.2682,0.0109,0.8306,153.6302,0.7209,51.1893,1.1569,9.8535,3.4625,0.114,11.783,0.1106,0.1344,0.0038,3.763,56.5783
13/10/2025 07:00,1,B,0.4664,78.7881,2.0598,4.2224,0.1696,4.9163,10.0889,823.4141,35.5943,15.0727,2.8419,8.3417,9.6731,0.1264,8.3013,0.3221,3.9433,0.0489,0.4531,119.4474,0.8911,52.3718,0.9496,9.4793,2.4724,0.1379,17.4352,0.4097,1.1176,0.02,4.0058,44.9122
13/10/2025 19:00,2,A,0.7635,149.3262,2.6034,6.5121,0.231,5.9437,8.0404,1895.4338,35.6065,15.4247,3.1176,8.6409,14.1765,0.2226,13.8211,0.2409,5.9091,0.1154,0.5948,69.4221,1.0196,48.6069,0.8275,11.2063,4.9524,0.2794,26.7606,0.362,1.1585,0.0227,5.2241,53.7723
14/10/2025 07:00,1,B,0.3237,83.752,0.9561,1.888,0.0479,4.4735,12.3838,2796.1332,37.4974,11.3826,1.9619,6.4654,13.7898,0.1536,23.6704,0.2135,1.9239,0.0299,1.202,378.3976,2.3288,48.3088,0.7726,10.7927,6.9439,0.1717,29.9268,0.2046,0.2814,0.0138,4.2924,56.5194
14/10/2025 19:00,2,A,0.3408,87.2738,1.321,2.3889,0.1233,5.3831,5.4927,2718.2856,41.8188,10.6096,2.3434,5.8739,8.5728,0.1299,20.4859,0.0973,2.3137,0.0346,1.0303,336.945,1.6085,55.7412,0.6435,6.6212,1.4025,0.1764,23.7556,0.1899,0.5004,0.0135,5.0432,54.9501
15/10/2025 07:00,1,B,0.5539,80.8803,0.95,2.1843,0.0898,4.3501,11.688,2982.9648,33.0699,9.5602,2.3215,8.9718,13.0336,0.2388,20.6487,0.0748,2.2591,0.0373,0.8511,186.0733,1.1003,51.7826,0.7235,8.6089,4.6189,0.2399,24.6619,0.1471,0.2069,0.0121,4.1333,51.3852
15/10/2025 19:00,2,A,0.2695,97.7651,0.9368,3.5735,0.0852,4.9096,10.1035,2851.7833,35.7665,10.6422,2.5288,8.0379,14.1307,0.1143,21.6097,0.1884,3.524,0.0558,0.527,260.2505,0.999,53.7864,0.7832,7.791,3.0498,0.1052,30.0663,0.1797,0.9012,0.0226,4.9537,52.5588
16/10/2025 07:00,1,D,0.2135,71.235,1.0582,2.8524,0.0849,5.3365,7.2628,2111.7273,31.9222,14.7146,1.5488,8.2288,14.4771,0.0695,13.2903,0.081,1.5797,0.0175,0.8522,315.2874,1.7173,48.3997,0.7428,8.3048,3.5484,0.0915,17.5571,0.1209,0.6103,0.0067,4.6565,55.8788
16/10/2025 19:00,2,C,0.5173,106.0647,1.6605,4.284,0.0749,4.6912,10.374,2499.2317,35.4276,15.3156,1.7369,7.4217,11.1417,0.1913,24.0643,0.1803,3.4728,0.0281,1.2827,198.5916,1.4268,52.524,0.6741,9.085,2.7824,0.206,33.0956,0.3109,0.6299,0.0104,4.298,
17/10/2025 07:00,1,D,0.2726,57.6161,1.505,3.6799,0.1459,4.0092,8.243,1696.1395,35.4073,15.0476,3.241,8.0004,15.3418,0.0979,13.7908,0.1955,3.8744,0.0519,0.7784,177.8921,1.2206,51.1264,0.7191,9.9099,4.3718,0.0914,16.7431,0.2677,0.6999,0.0139,3.6208,58.4816
17/10/2025 19:00,2,C,0.5829,72.0984,1.5238,3.4896,0.1259,5.1183,13.2744,2085.1923,43.5127,9.3983,2.4022,7.3366,8.6485,0.1389,16.7895,0.0947,2.8615,0.0366,1.3571,155.1773,1.0862,51.2148,0.6306,9.9489,2.1004,0.189,20.6222,0.1621,0.4878,0.0127,4.2301,51.5305
18/10/2025 07:00,1,D,0.236,107.8695,1.0919,1.9915,0.0655,5.2766,5.5503,3128.7788,38.1918,11.1499,1.7793,8.736,11.7,0.1303,28.1629,0.1438,1.3444,0.0274,0.985,429.6404,3.4403,55.9771,0.7784,7.9209,2.8117,0.1296,33.8114,0.2603,0.3662,0.0072,4.6458,68.2781
18/10/2025 19:00,2,C,0.1935,111.7996,0.6523,1.1256,0.0322,4.8844,5.6476,6074.0831,31.1386,11.2462,1.3619,7.6802,20.3597,0.0966,25.1129,0.1095,1.1705,0.0128,1.01,435.3923,1.8895,51.0516,0.9753,10.015,4.7062,0.0883,33.0234,0.1212,0.2258,0.0,4.6963,55.3514
19/10/2025 07:00,1,A,0.4021,76.9005,0.6654,1.1667,0.0369,4.6717,12.23,4566.7474,35.489,12.7725,1.9491,9.4087,13.377,0.1758,22.0575,0.0843,1.2656,0.0136,1.8946,476.3279,1.7033,47.6626,0.3954,9.1911,6.1342,0.2217,22.998,0.1131,0.1999,0.004,4.6578,64.674
19/10/2025 19:00,2,B,0.405,115.5064,1.3204,2.2913,0.0989,5.0006,7.3389,3228.2212,33.1528,11.749,1.6139,6.9403,14.6033,0.1805,20.3513,0.1481,1.762,0.0369,0.8616,213.7466,1.76,50.8708,0.7394,9.8797,4.1743,0.1965,29.0408,0.2418,0.6349,0.0202,3.7988,
20/10/2025 07:00,1,A,0.4717,59.9208,0.8879,2.0845,0.0621,4.8744,15.5472,2291.2158,36.8967,13.1101,2.7007,8.7697,10.2235,0.1839,13.9537,0.1864,1.7922,0.0295,1.2126,150.738,1.123,49.6593,0.7312,9.7549,2.9155,0.1949,15.2498,0.2045,0.7405,0.0168,4.3282,57.6425
20/10/2025 19:00,2,B,0.4213,55.1728,1.1958,3.6488,0.1493,5.449,10.3943,1845.9103,39.311,14.0456,2.7145,9.7837,11.4658,0.144,14.9784,0.2364,2.796,0.0434,0.6933,202.6945,1.7838,54.1249,0.7798,8.4685,1.6449,0.1763,16.0798,0.2948,0.7643,0.0159,5.0312,63.0773
21/10/2025 07:00,1,A,0.3203,107.4858,1.0789,2.4869,0.0989,5.0903,6.4467,3060.8791,39.8978,11.313,2.2817,8.2037,12.9318,0.1501,25.9759,0.087,1.9881,0.0283,0.8843,305.9574,1.8207,53.1975,0.9957,8.7225,2.5179,0.1655,35.7278,0.173,0.3292,0.0256,4.2738,53.2456
21/10/2025 19:00,2,B,0.3741,85.0623,1.1895,1.8381,0.1576,4.884,5.0818,1774.7174,35.1542,10.2144,3.5937,10.0209,17.7268,0.1603,13.7007,0.2202,1.7693,0.0393,0.6678,144.879,1.4508,48.1986,0.8019,10.8046,3.6607,0.186,22.0614,0.2418,0.2755,0.0193,4.0731,54.9504
22/10/2025 07:00,1,A,0.5937,104.2396,0.969,1.8256,0.1083,4.7227,15.932,3802.6572,44.2537,14.5111,2.3101,8.9985,10.3115,0.2286,23.929,0.0997,1.2938,0.0368,1.1862,383.4436,3.1433,48.5825,0.7527,9.7859,3.9307,0.268,27.9595,0.136,0.3219,0.0198,4.1506,54.9806
22/10/2025 19:00,2,B,0.2319,84.4255,0.5004,1.9514,0.0724,4.8186,8.6605,3701.1428,34.5287,11.541,3.932,8.5498,13.1066,0.1426,22.5846,0.1503,1.3873,0.0362,1.0312,324.0955,1.6794,48.1068,0.9613,11.0933,2.2599,0.1291,25.2181,0.1246,0.2433,0.0113,4.4734,52.7281
23/10/2025 07:00,1,C,0.6492,103.7432,0.9445,1.341,0.0609,5.1086,14.5498,3898.1851,37.1818,8.955,2.6904,7.6696,18.9113,0.2718,28.5251,0.0923,1.4865,0.0173,2.1277,381.7839,1.7513,52.5827,1.0459,7.5748,3.4236,0.316,34.6189,0.1823,0.1852,0.0063,4.4023,48.5203
23/10/2025 19:00,2,D,0.3001,70.4939,1.1188,1.9656,0.05,5.2857,8.8132,1326.9532,31.8223,15.2227,1.6494,6.9187,14.2986,0.1136,17.1411,0.1269,1.6534,0.0144,1.319,207.7949,1.6553,53.8946,0.5114,7.8778,4.8428,0.1229,19.3165,0.2005,0.3732,0.0068,4.8294,55.4125
24/10/2025 07:00,1,C,0.6486,77.0613,1.4638,2.6773,0.1079,4.5522,11.4968,1871.009,38.0816,16.6023,1.8204,8.3726,12.5136,0.2822,20.3912,0.2184,2.4086,0.0608,1.1427,202.6054,1.9829,53.1869,1.0249,10.6168,2.8357,0.3029,23.3551,0.2537,0.458,0.0267,4.5521,
24/10/2025 19:00,2,D,0.3169,75.336,1.1821,3.5319,0.0913,4.9348,7.4497,1453.4792,34.8342,13.7999,2.0118,7.5669,13.6021,0.0983,16.9302,0.1311,3.0245,0.0423,0.5385,142.7012,0.7542,52.9309,0.6401,9.6165,1.8434,0.1378,20.6676,0.1934,0.6664,0.0154,4.3136,59.6517
25/10/2025 07:00,1,C,0.2489,77.9728,0.801,1.8978,0.0968,5.2826,6.721,2899.0558,30.3639,9.6393,1.9741,9.0515,16.4641,0.0985,14.9945,0.1653,1.3841,0.0293,1.0511,281.1136,1.4262,50.2454,0.9295,9.1352,2.6704,0.0952,20.3849,0.152,0.3551,0.0068,5.2725,51.9707
25/10/2025 19:00,2,D,0.1612,83.6895,1.1983,2.4386,0.0861,5.0834,5.1467,2444.4592,36.7323,9.9866,2.0743,6.856,18.83,0.0713,21.6622,0.1664,2.1026,0.0496,0.4322,255.9758,1.4371,52.0494,0.8368,9.8435,3.4703,0.0759,27.1473,0.2385,0.627,0.0206,4.7379,60.0527
26/10/2025 07:00,1,B,0.3926,80.7282,1.217,2.4029,0.0799,4.1544,6.6256,1970.6242,35.5997,7.8072,1.8573,6.7104,23.2706,0.1313,15.4306,0.1141,2.64,0.0319,0.627,123.8923,1.2877,50.332,0.5261,9.3305,4.6695,0.1674,18.4627,0.1592,0.2485,0.0125,3.3632,58.1613
26/10/2025 19:00,2,A,0.6319,76.8605,2.3706,7.0177,0.2772,5.0305,13.1294,1620.0011,39.7408,12.555,4.4306,5.9069,11.263,0.1882,14.0257,0.2937,6.8357,0.119,0.9346,110.1003,1.0849,53.4569,1.2557,10.1658,2.4577,0.1965,19.916,0.3606,1.1316,0.0228,4.3358,52.1553
27/10/2025 07:00,1,B,0.2058,91.709,1.3048,3.6647,0.1065,4.468,6.2183,3106.8688,35.7251,10.0098,3.8142,9.3097,16.3569,0.1012,14.4236,0.2097,3.0342,0.0443,0.802,195.1596,1.2177,54.202,1.2998,9.5774,2.1604,0.0981,19.5559,0.2955,0.5546,0.0197,4.0706,57.6129
27/10/2025 19:00,2,A,0.1626,47.0983,0.6757,1.9328,0.0552,4.6774,5.0198,2003.1163,30.8456,10.8477,2.9538,9.0899,19.2075,0.0968,13.5489,0.1003,1.6579,0.0376,0.5922,198.6308,1.3099,51.837,0.7818,8.1923,1.7175,0.088,15.946,0.1903,0.226,0.0081,4.6002,59.2832
28/10/2025 07:00,1,B,0.1942,132.7742,0.5559,1.6783,0.0756,4.9545,9.2921,5799.8002,32.7372,12.5272,3.3586,12.008,11.7347,0.1056,34.9921,0.1061,1.5175,0.0358,0.8364,546.7275,3.7625,47.9081,1.3644,10.7954,3.2498,0.0905,44.5736,0.1204,0.3789,0.0128,4.4083,60.9494
28/10/2025 19:00,2,A,0.4649,100.5308,1.6352,4.0197,0.0872,4.6275,5.264,1607.3737,40.0523,12.6806,2.4897,8.1961,11.1744,0.1577,19.3354,0.1762,3.9248,0.0396,0.5063,137.8192,1.1426,50.8512,0.7991,9.3904,3.5712,0.1718,25.374,0.2895,0.5455,0.0009,3.8985,52.206
29/10/2025 07:00,1,B,0.3199,94.3789,0.7128,2.1783,0.0883,3.9641,7.5025,3241.9372,32.3303,11.9131,3.0441,8.6689,15.4802,0.1207,15.3383,0.056,1.6016,0.0317,0.671,212.7385,0.8191,50.4123,0.8759,10.3691,3.7029,0.1335,20.1282,0.11,0.254,0.0014,3.3276,53.4013
29/10/2025 19:00,2,A,0.3053,97.1457,1.1878,3.5148,0.1252,4.6159,5.9978,2614.5744,36.2288,13.8639,3.8552,9.4153,11.1567,0.126,24.8714,0.1488,2.7461,0.0784,0.8122,224.7858,2.29,45.2903,1.039,11.6385,4.4795,0.1347,30.3716,0.1589,0.4811,0.0182,3.9856,57.4572
30/10/2025 07:00,1,D,0.3294,64.18,0.687,1.523,0.069,4.6846,11.8953,1969.7925,32.984,15.6176,2.4806,8.0787,13.1951,0.1323,13.9808,0.1018,1.3559,0.0159,1.4653,345.2749,1.924,47.0931,0.6908,9.6102,5.6081,0.1394,17.468,0.1089,0.2092,0.0026,4.1892,56.5057
30/10/2025 19:00,2,C,0.3238,93.621,1.2509,1.7535,0.0696,5.4909,7.6128,3248.4434,36.5682,13.3488,1.4009,8.7184,12.9448,0.1389,17.7623,0.1959,1.6678,0.027,0.8421,247.367,2.4497,51.3955,0.6331,10.1311,4.122,0.1529,23.7277,0.2258,0.8017,0.0185,4.5523,55.2182
31/10/2025 07:00,1,D,0.2336,85.0858,0.8176,1.2693,0.0653,4.3209,6.8354,3367.1181,31.9429,13.228,1.7336,8.0759,12.5193,0.1069,15.627,0.1682,1.706,0.0078,1.07,340.7483,2.0856,51.4726,0.8623,7.8323,3.6568,0.1135,20.2535,0.1915,0.2702,0.0049,3.8489,50.8484
31/10/2025 19:00,2,C,0.3184,101.121,1.0184,2.2247,0.0709,4.4998,6.3242,3160.3202,38.2684,11.098,2.1613,6.3467,12.8075,0.1101,14.7677,0.2258,1.8832,0.0446,0.697,224.0717,1.1813,51.1779,0.6774,7.966,7.2588,0.1265,22.5805,0.2462,0.2811,0.0171,4.0542,49.2976
01/11/2025 07:00,1,D,0.2984,83.5422,0.8014,2.083,0.0454,3.7849,5.274,3207.0394,32.2423,12.3687,2.492,8.5741,15.3939,0.1714,16.1779,0.1632,2.0547,0.0385,0.9102,234.6636,2.0177,50.9745,1.001,10.0272,2.1713,0.1612,20.7026,0.2054,0.5471,0.0178,3.2628,52.5627
01/11/2025 19:00,2,C,0.251,61.6069,1.0319,2.515,0.0435,3.7187,6.3704,2197.072,35.2715,9.8746,1.2434,9.0387,22.2158,0.1576,15.4383,0.071,2.7838,0.0412,0.8004,220.1485,1.3964,48.7153,0.6222,10.6173,6.8912,0.1258,15.8321,0.1026,0.262,0.0072,3.719,54.872
02/11/2025 07:00,1,A,0.4089,86.3039,1.2838,3.6837,0.1411,4.463,8.262,1223.8811,35.5872,11.813,2.075,8.2666,14.8947,0.1364,13.8755,0.1811,2.6445,0.0627,0.8758,179.7878,0.8422,52.1339,0.6219,9.4941,2.1392,0.157,20.4108,0.1979,0.7751,0.0199,4.0384,50.4257
02/11/2025 19:00,2,B,0.1998,102.1771,0.605,0.973,0.0301,3.9143,7.6817,3819.6282,36.099,13.4483,1.6629,6.3215,13.5224,0.0999,23.1843,0.1326,1.4341,0.0199,1.2324,353.431,2.2617,54.4593,0.7821,7.5434,2.4329,0.1094,29.7175,0.1635,0.1919,0.0141,4.121,54.8614
03/11/2025 07:00,1,A,0.2826,82.0311,1.2737,2.8323,0.0853,5.4192,7.4183,2665.7603,40.0433,12.8013,1.868,7.9496,15.3541,0.1544,16.2339,0.0657,2.4149,0.0299,0.5788,164.0686,0.6,54.6011,0.6886,9.1499,3.388,0.1423,21.8761,0.1915,0.542,0.014,4.3961,57.0666
03/11/2025 19:00,2,B,,,,,,,5.1671,4011.4038,27.0868,18.3529,3.7291,9.307,13.1643,0.0933,21.79,0.0442,2.2616,0.0176,0.6586,325.6987,0.9136,52.9841,1.3091,11.1519,1.702,0.0891,28.3414,0.0892,0.1465,0.0015,4.3492,51.4215
04/11/2025 07:00,1,A,0.2836,84.531,0.7759,2.3359,0.0607,4.2007,6.8922,2589.0331,32.9,13.2002,2.0288,7.2865,22.3495,0.0827,15.1707,0.1453,1.419,0.0161,0.6063,196.4104,0.7898,50.68,0.7191,10.8521,3.8391,0.1103,20.1108,0.1674,0.3159,0.0183,3.8443,52.5979
04/11/2025 19:00,2,B,0.5106,88.9082,2.0016,5.3038,0.1759,5.7039,9.8615,1813.4231,40.7208,13.1573,2.2726,8.3653,11.7501,0.1661,18.3721,0.2274,4.7773,0.1038,0.8251,151.7203,1.8114,51.6854,1.2474,9.572,1.2453,0.1905,21.4149,0.3509,0.7836,0.0262,4.822,53.8796
05/11/2025 07:00,1,A,0.5049,101.7951,1.2394,3.1875,0.13,5.8239,10.5293,2877.6214,39.8524,16.3628,4.1618,9.1713,8.722,0.2271,15.1672,0.1826,2.5957,0.0397,0.8597,197.2146,1.0994,54.9591,1.07,10.6097,2.234,0.2109,23.16,0.237,0.5747,0.0106,5.0152,55.1152
05/11/2025 19:00,2,B,0.4146,107.0118,1.233,3.7975,0.1211,4.2426,11.7468,3247.8923,43.1729,10.789,3.5348,8.0548,7.7088,0.1715,20.4257,0.1959,2.8057,0.056,0.7252,183.9348,1.0343,51.5829,0.7784,9.8928,1.9697,0.1887,30.0605,0.2455,0.6859,0.0145,3.779,53.4154
06/11/2025 07:00,1,C,0.2784,119.1138,0.771,2.3382,0.054,4.3197,8.182,3956.7806,43.2875,9.9126,1.2211,6.8613,17.4782,0.1319,34.3884,0.1756,1.9898,0.0393,1.1296,307.4937,1.8177,51.2256,0.8362,10.2139,3.8649,0.1364,37.2636,0.1565,0.4224,0.0136,4.1133,51.3437
06/11/2025 19:00,2,D,0.3027,59.7146,1.4123,2.7186,0.0987,4.0824,7.4879,1481.8338,38.202,12.5909,1.9092,8.7405,10.0623,0.1056,13.3449,0.1951,2.3708,0.0339,1.0795,193.0782,2.5923,51.5685,0.6968,9.9398,1.297,0.1195,19.261,0.276,0.2973,0.0004,3.9653,61.4225
07/11/2025 07:00,1,C,0.4331,107.3669,1.4481,3.1884,0.0506,4.1967,9.6896,2961.2886,37.552,15.0281,0.902,7.0099,15.5813,0.1748,19.3039,0.2033,3.2984,0.027,1.0984,200.4213,1.0012,51.9658,0.6939,10.7467,6.0559,0.2115,26.799,0.2413,0.3748,0.0074,4.2642,59.3608
07/11/2025 19:00,2,D,0.2471,104.7877,0.6846,1.8995,0.0831,4.5217,7.1971,4079.5612,30.4003,10.044,2.0239,7.7784,15.2962,0.1199,21.2025,0.1837,1.8343,0.0438,0.799,457.5984,2.0082,48.603,0.8869,9.2486,10.8862,0.1208,26.8675,0.1952,0.2769,0.0078,4.0378,52.2508
08/11/2025 07:00,1,C,0.5685,104.7722,2.074,3.5024,0.1478,5.7894,11.747,1816.3095,39.4303,13.9449,2.1693,7.138,16.3071,0.217,15.3981,0.2335,3.1373,0.0516,1.0075,217.7526,1.9663,52.3252,0.6684,9.0974,2.5412,0.2322,22.9851,0.3221,0.747,0.0154,5.1052,58.4716
08/11/2025 19:00,2,D,0.3164,107.9265,0.9565,2.9508,0.1184,5.1263,4.9696,3154.1233,35.3114,12.9051,2.3803,7.3407,11.5296,0.1238,41.4556,0.1747,2.9987,0.0819,0.3416,158.1707,0.6475,54.561,0.9143,9.4814,2.0447,0.1533,47.2416,0.1869,0.4868,0.0233,5.13,51.4827
09/11/2025 07:00,1,B,0.1935,50.0404,0.8668,2.0738,0.0504,4.6365,6.7259,2359.6004,34.6896,14.2719,1.8349,7.4563,14.7148,0.1367,12.1622,0.2527,2.4369,0.0388,0.8482,212.5544,1.3677,59.0373,0.6529,9.1508,0.4802,0.1032,14.4518,0.236,0.4206,0.0125,4.4374,47.074
09/11/2025 19:00,2,A,0.3452,59.587,0.7953,1.9593,0.1054,4.1594,15.3417,3065.1228,35.9894,6.7038,5.2878,9.4293,11.1667,0.1577,15.7614,0.2099,1.8187,0.0309,1.4907,404.5663,3.7064,50.8182,1.2052,10.1993,1.7809,0.1636,19.1807,0.265,0.2624,0.0062,3.7087,56.2198
10/11/2025 07:00,1,B,0.1827,132.001,0.6424,1.9088,0.0719,4.2344,7.2835,4158.7981,29.4351,16.8223,1.8425,8.3062,18.183,0.1069,16.0524,0.0579,1.7096,0.0191,1.1174,328.0914,1.2806,49.0013,0.7297,8.8677,7.7468,0.0896,20.9278,0.0699,0.2234,0.0015,3.3421,50.2213
10/11/2025 19:00,2,A,0.3698,56.8427,0.6644,1.3569,0.08,3.7966,9.5311,2343.9558,31.7394,10.2012,2.1337,9.3967,13.8185,0.1328,12.2016,0.079,1.4738,0.0303,0.7649,152.5563,1.7099,52.4694,0.8034,10.9881,2.4543,0.1574,17.4809,0.107,0.1539,0.0222,3.5601,56.6332
11/11/2025 07:00,1,B,0.218,73.6218,0.4139,0.9372,0.0524,3.795,6.3677,5256.6795,35.144,15.6729,1.7156,8.7401,11.3473,0.1103,22.2667,0.1158,1.0179,0.0259,1.0045,387.3848,2.4273,51.6784,0.7231,8.6378,3.8115,0.1136,26.0218,0.1237,0.329,0.0214,4.5117,62.4648
11/11/2025 19:00,2,A,0.3522,80.1752,1.2295,4.2801,0.121,5.9162,7.2133,2080.7085,33.537,17.6555,3.2773,9.8724,8.8399,0.16,17.0641,0.1594,3.3452,0.0343,0.9794,206.8477,1.2735,52.7929,1.2984,11.3087,1.9244,0.1648,23.5463,0.2223,0.436,0.0014,5.2189,46.8851
12/11/2025 07:00,1,B,0.2763,84.8091,1.4671,2.8674,0.08,4.7752,8.7189,1655.6324,37.5712,13.566,1.7783,6.5577,15.4309,0.1494,16.711,0.2163,2.8063,0.0545,0.5485,194.4686,1.6197,51.4089,0.6581,8.8291,4.2609,0.1139,19.986,0.3227,0.3861,0.0182,4.3549,56.5896
12/11/2025 19:00,2,A,0.3116,75.6294,1.2419,2.7922,0.142,4.4673,6.5234,1695.3289,31.6925,12.7744,3.3911,10.5377,18.265,0.0914,16.4844,0.2166,1.9587,0.0498,0.6821,165.1247,2.4885,50.1712,1.0543,10.8216,3.7695,0.1297,20.4697,0.2907,0.5425,0.024,3.2139,49.506
13/11/2025 07:00,1,D,0.2637,106.956,1.066,1.9479,0.072,4.5258,9.3484,3268.9209,39.696,14.2739,2.2373,8.3181,10.442,0.1014,14.2844,0.0928,1.8567,0.0241,1.0349,287.385,1.2364,52.8572,1.0243,8.428,3.7596,0.1088,23.8115,0.1436,0.3661,0.0162,4.297,52.6319
13/11/2025 19:00,2,C,0.3249,101.5959,1.0168,1.9129,0.0422,4.8373,6.7598,3393.2161,32.8228,15.4359,0.7587,7.4825,14.2685,0.1136,14.9796,0.1688,1.2795,0.0135,1.1015,306.9347,1.9517,52.4311,0.7805,7.6677,3.508,0.1359,23.369,0.2328,0.2585,0.0,4.3379,60.3314
14/11/2025 07:00,1,D,0.4864,121.4599,1.0182,1.8978,0.0568,4.2387,10.0223,3390.7346,36.2273,10.9443,1.7467,6.6034,17.28,0.291,24.8694,0.2261,1.7138,0.0222,1.5547,302.3237,1.9397,50.3595,0.6186,8.6602,3.2628,0.2584,33.0664,0.21,0.2648,0.0086,3.976,54.8355
14/11/2025 19:00,2,C,0.553,67.4894,2.1451,4.2283,0.2968,5.3794,11.1393,1530.7013,38.17,11.0495,4.771,9.1319,14.1203,0.187,11.2243,0.2995,3.0128,0.1011,0.6792,153.0874,2.892,50.9525,1.0371,10.1884,2.572,0.184,17.927,0.3908,0.6333,0.0339,3.9639,51.4882
15/11/2025 07:00,1,D,0.4908,74.7927,1.2271,2.1639,0.1324,5.013,12.2264,2016.3481,37.4927,12.8897,2.4015,8.9084,10.0748,0.1865,14.6611,0.1796,2.3479,0.028,0.9907,189.6461,1.1475,51.1782,0.5512,10.5806,3.5607,0.1968,20.8885,0.2135,0.2924,0.0049,4.9929,57.5796
15/11/2025 19:00,2,C,0.2766,89.2284,0.8417,0.9211,0.07,4.1696,12.3018,4213.9998,32.5463,10.6629,4.6411,11.4862,12.7353,0.1326,13.1924,0.0882,1.114,0.0108,1.6235,397.4375,2.5234,51.1583,1.6362,9.3783,2.321,0.1077,17.7325,0.1296,0.0941,0.0043,4.4466,54.7468
16/11/2025 07:00,1,A,0.6134,71.5053,1.9861,3.2619,0.1424,5.1589,15.24,2031.6842,41.0665,10.7852,1.4413,7.8711,9.0666,0.1363,16.0479,0.293,2.1075,0.0391,1.3853,186.3095,3.011,50.5346,0.7679,8.9458,3.4731,0.1939,17.1309,0.3718,0.4691,0.02,4.5146,57.5335
16/11/2025 19:00,2,B,0.3276,73.16,1.2423,2.3727,0.096,5.8767,10.7814,2707.4186,42.4201,12.0509,2.2688,6.8308,9.4505,0.1366,16.4441,0.1758,1.7988,0.0362,1.1132,265.8156,2.0872,53.4929,0.8435,9.9353,2.8022,0.1422,19.0109,0.1835,0.3697,0.012,5.2343,
17/11/2025 07:00,1,A,0.4224,69.8452,0.5241,1.4425,0.0737,4.1004,7.1334,2202.8601,28.5306,13.0714,2.0723,9.45,18.1439,0.1145,13.3917,0.1203,1.4242,0.0314,1.0429,215.8492,2.2414,47.4122,0.7615,9.6216,5.5776,0.1445,18.2643,0.0873,0.1833,0.0,3.6416,57.4463
17/11/2025 19:00,2,B,0.4039,85.3101,0.9869,2.7795,0.0731,5.1804,9.3618,2435.5004,35.8047,12.9407,2.0643,7.9695,14.8183,0.1489,14.5898,0.203,2.8152,0.0369,1.1285,270.4851,1.5748,50.025,0.6786,9.0755,3.9029,0.1426,19.8351,0.205,0.7942,0.0208,4.2135,55.0439
18/11/2025 07:00,1,A,0.1971,86.7923,0.8293,2.1678,0.0623,4.638,5.0595,2724.4208,35.0111,13.5895,3.085,10.8556,11.8772,0.0809,14.8224,0.1953,1.7052,0.0247,0.5649,219.8501,1.3228,51.8783,0.9794,9.1048,2.7746,0.0781,20.0046,0.1966,0.3069,0.0056,3.8656,58.069
18/11/2025 19:00,2,B,0.2608,97.6848,0.8902,3.1283,0.0891,4.4201,6.8956,3744.6939,37.8707,10.3895,3.3482,11.1931,11.9057,0.1357,21.4727,0.1323,2.3724,0.0289,0.865,262.6244,1.5048,49.5166,0.9937,9.3291,3.5744,0.1212,27.2626,0.1465,0.5076,0.0165,3.6104,52.5258
19/11/2025 07:00,1,A,0.3497,113.4937,0.9248,1.5079,0.0813,5.1259,3.7851,2828.1689,35.7095,16.3126,1.4572,8.1875,16.1488,0.1237,24.3543,0.1552,1.4221,0.0204,1.1496,436.7773,1.7035,52.0721,0.665,8.91,1.5455,0.1487,30.29,0.1748,0.2637,0.0102,5.0031,49.6265
19/11/2025 19:00,2,B,0.8205,87.7543,1.5268,2.5619,0.1742,5.0243,16.9152,2181.7067,40.0872,11.3478,5.9124,9.1963,11.1334,0.2144,13.9353,0.2192,2.1579,0.0387,1.8738,286.9497,3.2643,50.1092,1.7488,10.6475,3.6351,0.2641,20.0333,0.2844,0.3692,0.0259,4.4105,53.217
20/11/2025 07:00,1,C,0.4801,71.4307,1.2821,3.0759,0.1813,5.0029,8.7718,1544.5832,31.6154,10.9045,4.2279,7.7962,15.8465,0.1745,10.8093,0.2194,2.7009,0.039,1.0773,179.6969,1.5122,50.0641,0.8805,10.0926,3.8519,0.1718,14.8648,0.2926,0.5183,0.0195,4.4913,48.4642
20/11/2025 19:00,2,D,0.2136,81.7436,0.6342,1.6572,0.0714,5.0006,7.2133,3061.4428,35.6207,12.1119,3.2399,6.6864,10.6363,0.0892,21.7604,0.1405,1.5454,0.0273,0.5081,295.5669,0.8577,51.2065,0.8555,7.0577,2.4524,0.112,26.9991,0.1551,0.5488,0.0305,4.0474,51.9221
21/11/2025 07:00,1,C,0.4299,101.4781,1.861,4.3914,0.1058,4.812,7.581,2479.7494,40.8849,9.5308,2.1038,6.8924,13.0438,0.1541,30.4412,0.1949,3.6742,0.0386,0.6632,183.6065,0.6905,52.4878,0.5468,9.3673,3.1132,0.1655,38.1439,0.3171,0.5784,0.0026,4.3197,55.0644
21/11/2025 19:00,2,D,0.2118,86.3043,0.6206,2.2768,0.0622,5.4413,7.2409,4693.4467,34.0714,13.7303,2.1233,8.8272,16.2085,0.0831,18.4269,0.0818,1.5141,0.0278,0.7495,395.476,1.6557,50.0872,0.8903,9.5224,6.0583,0.089,23.4802,0.0956,0.3452,0.0104,4.8109,52.7019
22/11/2025 07:00,1,C,0.3334,139.493,0.9915,2.3996,0.0938,4.6849,6.1253,3047.492,41.6741,12.2952,2.7454,8.1249,12.0857,0.158,20.0938,0.0973,1.9468,0.0327,0.7953,253.6949,0.9821,51.5237,0.8238,10.5119,2.7126,0.1651,30.6299,0.1402,0.3606,0.0155,4.177,57.9638
22/11/2025 19:00,2,D,0.4104,83.174,1.2719,1.8708,0.0444,3.9538,9.3544,2266.4693,39.9655,9.6303,1.8213,6.1961,13.6317,0.2254,18.3755,0.2333,2.2039,0.0245,1.3574,180.7421,1.1393,50.7985,0.6276,9.5031,4.6574,0.1768,22.714,0.2763,0.2485,0.0144,3.6647,
23/11/2025 07:00,1,B,0.4825,65.0505,0.9815,2.8515,0.1978,4.9847,9.5894,1555.7276,24.663,14.7302,4.8255,10.7708,14.7268,0.128,10.1728,0.0741,2.5674,0.0421,0.8323,147.3939,1.2905,51.5175,1.2192,8.7351,5.5581,0.1659,12.8882,0.1441,0.3089,0.0164,4.5944,60.266
23/11/2025 19:00,2,A,0.5162,125.9326,1.4393,3.4144,0.1221,3.8585,9.1213,1931.7822,40.1275,11.4751,2.5663,7.6285,17.6045,0.185,21.3644,0.2003,2.9478,0.0601,0.8665,158.1378,1.7563,49.2091,0.7309,9.7795,4.537,0.187,30.1734,0.2799,0.4889,0.0238,3.4353,51.8757
24/11/2025 07:00,1,B,0.5051,79.6585,1.0212,3.0523,0.1065,4.5587,11.589,3200.6257,35.9182,15.0869,3.7707,8.982,10.2666,0.246,18.4,0.0867,2.9138,0.053,1.3366,206.8334,1.3481,51.2388,0.8329,9.3881,2.3918,0.2239,19.5676,0.1396,0.4677,0.0071,3.7702,52.3436
24/11/2025 19:00,2,A,0.3409,141.6338,0.9383,2.5177,0.1185,4.7249,7.3006,4143.1689,35.5159,11.6093,2.8287,8.2448,11.8504,0.1788,28.325,0.1292,2.2762,0.0391,1.0881,334.6862,1.8732,51.0759,0.7734,9.747,3.2035,0.1649,35.4673,0.1662,0.4874,0.0167,3.7541,53.3053
25/11/2025 07:00,1,B,0.2076,89.7686,1.0113,2.2461,0.0831,5.2504,4.5866,2229.626,30.4875,11.4225,1.9843,8.4158,24.3361,0.1146,19.7268,0.0671,2.3191,0.0293,0.6377,171.3103,1.3941,47.86,0.7132,10.5041,5.5583,0.1136,25.6118,0.1372,0.2243,0.0135,4.1315,55.386
25/11/2025 19:00,2,A,0.5764,112.3554,1.8947,3.9025,0.0797,5.5876,11.6909,2158.6859,48.547,7.9928,1.3718,4.0285,16.3283,0.1654,13.4834,0.1987,3.7817,0.0398,0.7541,140.8401,0.9503,53.2711,0.7532,8.6283,0.7541,0.18,21.3611,0.2567,0.4838,0.0155,4.8469,56.7343
26/11/2025 07:00,1,B,0.2498,98.8969,1.0075,2.2132,0.0856,4.7986,8.8543,3242.8339,40.2528,11.8109,2.6645,7.3418,9.05,0.1029,24.0217,0.0509,1.609,0.0297,0.6656,341.6137,0.8969,49.3015,0.8992,8.5348,2.0662,0.1105,32.5712,0.1519,0.6568,0.0202,3.9899,49.068
26/11/2025 19:00,2,A,0.8222,73.1591,1.3413,2.0713,0.09,4.5993,15.5735,1533.1004,38.2324,8.7507,1.1507,6.3411,17.8468,0.2291,10.3554,0.1549,1.1549,0.0182,2.1292,194.1222,1.4411,49.093,0.7134,8.3434,3.0834,0.2365,15.2031,0.1856,0.3711,0.0,3.9074,60.5041
27/11/2025 07:00,1,D,0.3503,47.3727,0.6968,2.051,0.1019,4.9445,7.1516,1833.4568,34.1067,14.2909,2.9619,8.7262,9.3857,0.1056,8.992,0.0773,1.6829,0.026,1.0413,256.1852,1.9785,49.1622,0.8484,9.3616,6.5871,0.145,11.1838,0.0869,0.2943,0.0061,4.3553,59.7569
27/11/2025 19:00,2,C,0.3217,82.1643,0.9923,2.8076,0.0999,4.7379,8.8189,2808.0284,36.5979,12.5145,1.7861,8.2267,10.2527,0.0901,15.1818,0.1236,2.0344,0.0292,1.4692,282.0564,2.1658,51.7395,0.7521,9.8619,3.4844,0.108,19.6457,0.1534,0.5616,0.0146,4.375,64.8082
28/11/2025 07:00,1,D,0.2568,74.3619,1.155,3.3482,0.1159,4.0478,7.159,1732.682,43.356,13.254,4.2389,9.1841,8.2713,0.1363,21.0025,0.2876,3.5227,0.0925,0.5406,194.9028,1.7524,50.5267,1.0102,9.7801,2.7155,0.1437,23.3588,0.2975,1.0098,0.0229,3.6027,56.1668
28/11/2025 19:00,2,C,0.3706,75.9458,1.5692,4.7421,0.1868,5.2333,8.3611,2115.5209,44.5693,12.1396,3.5789,6.7553,9.7198,0.1135,16.0653,0.281,4.253,0.046,0.5912,137.3562,0.669,50.4055,0.8772,9.2187,4.9203,0.127,20.0299,0.3559,0.7146,0.015,4.6789,54.4836
29/11/2025 07:00,1,D,0.5172,91.9108,1.015,2.2714,0.103,3.8351,8.7876,2574.2737,34.9466,18.9108,3.5127,9.5863,11.9776,0.1873,17.2644,0.0863,2.1458,0.0288,0.9079,183.7688,1.2486,47.9402,1.0312,12.8468,6.2802,0.2076,21.1728,0.1334,0.2636,0.0136,3.7666,59.8397
29/11/2025 19:00,2,C,0.3822,97.0054,0.9443,4.0538,0.2501,5.2221,8.0403,2867.6636,26.7778,14.7474,5.1545,10.0239,12.7121,0.1158,18.8805,0.1487,3.8489,0.1235,0.5109,134.8155,0.7612,48.7653,1.1471,11.38,4.223,0.1332,23.7131,0.2112,0.6735,0.0172,4.5081,53.8236
30/11/2025 07:00,1,A,0.2797,82.4101,1.0657,2.0033,0.0695,4.2628,9.0198,2741.2296,34.3116,17.8832,3.3449,9.6254,9.7735,0.1252,16.2439,0.0533,1.6146,0.0212,0.9233,272.9643,2.364,49.7068,0.9641,9.0589,6.1015,0.1311,20.1294,0.1476,0.3487,0.0143,3.8006,63.6548
30/11/2025 19:00,2,B,0.3256,100.2715,1.267,3.291,0.0971,5.3589,8.5475,2968.8871,34.1769,11.7487,2.2019,8.3523,10.9639,0.1287,26.166,0.2526,3.045,0.0314,0.8036,288.4911,1.646,51.5734,0.7715,10.121,3.0889,0.1441,32.1867,0.2405,0.8174,0.0178,4.8304,59.7443
01/12/2025 07:00,1,A,0.7245,91.1987,2.2217,3.9675,0.1671,5.0033,8.5115,1828.1929,35.6112,16.8226,2.9845,9.1593,11.7604,0.1664,12.1736,0.2124,3.1113,0.0275,0.8391,143.7436,1.7632,52.6823,0.9191,9.0539,4.524,0.1965,16.6865,0.3564,0.5533,0.0125,4.5202,52.931
01/12/2025 19:00,2,B,0.4034,86.3453,1.366,3.2348,0.1102,4.3563,7.9192,1632.8812,36.8783,12.8292,1.9667,8.1938,18.1802,0.1422,21.5603,0.2811,2.9899,0.0657,0.9427,203.6729,1.6909,51.0795,0.8339,9.193,5.2307,0.1538,26.3593,0.3437,0.6217,0.0149,3.8145,57.9875
02/12/2025 07:00,1,A,0.5856,88.3751,1.5816,3.3574,0.1288,4.1318,16.5876,1641.058,40.4916,10.2534,2.6606,5.9645,12.7538,0.1408,11.3237,0.1359,2.4602,0.028,1.0112,123.149,1.5882,51.7219,0.6876,8.346,3.3864,0.1593,19.0931,0.2113,0.3274,0.005,3.4136,49.1957
02/12/2025 19:00,2,B,0.3341,96.0762,1.3857,2.6564,0.1587,4.3713,6.9182,1773.7899,25.7981,10.6511,2.6122,7.1652,18.5024,0.1232,13.8905,0.0712,2.1236,0.0275,0.7387,234.5096,1.6431,50.6846,0.8339,7.8867,2.9921,0.1226,20.618,0.133,0.3098,0.0132,3.8509,53.2926
03/12/2025 07:00,1,A,0.3526,60.53,0.9747,2.5618,0.06,4.462,7.2818,2019.5295,38.2831,10.9605,1.539,7.7041,11.9922,0.1302,15.9347,0.1876,2.0009,0.029,1.0609,193.1671,1.9099,50.8547,0.717,9.5528,2.2727,0.1658,18.9367,0.2234,0.7817,0.0222,3.7292,59.1443
03/12/2025 19:00,2,B,0.4644,78.5596,1.2844,3.5025,0.1501,4.1747,14.2751,1783.807,34.3946,12.904,2.7272,8.4044,12.8166,0.1464,12.6419,0.2648,2.6603,0.0707,1.3758,195.1675,1.9372,48.8851,0.6254,10.3117,3.2212,0.1549,18.2709,0.3374,0.4236,0.0088,4.2626,52.052
04/12/2025 07:00,1,C,0.3846,107.6358,2.1881,4.1688,0.1184,6.2061,7.272,1978.2466,35.3809,15.3182,1.9468,8.5368,13.2662,0.1212,23.177,0.2601,3.491,0.0539,0.6623,198.6827,1.2593,53.2488,0.8452,9.7994,6.0269,0.1347,30.1034,0.3389,0.4882,0.021,6.0,59.9253
04/12/2025 19:00,2,D,0.5375,61.6736,1.6801,4.6196,0.1191,5.3998,7.9995,1359.2604,42.5325,13.1575,2.7721,7.2014,9.457,0.1468,15.1777,0.222,3.4439,0.0462,0.4787,90.8228,1.1501,55.3483,0.6887,9.5661,1.6652,0.211,18.1077,0.2666,0.7174,0.0204,4.7261,54.9399
05/12/2025 07:00,1,C,0.4039,47.9887,0.7344,2.1159,0.0859,4.4785,9.0697,1930.1148,31.4713,10.7276,2.7688,8.2659,13.5362,0.1061,7.9606,0.0885,1.6669,0.0094,0.8329,195.4482,1.0749,53.7285,0.8547,9.2726,2.9981,0.1411,9.6602,0.1323,0.2867,0.0059,4.0322,55.5429
05/12/2025 19:00,2,D,0.2859,79.9244,1.0054,2.4282,0.0797,4.2075,4.9567,2757.5425,26.7929,14.5183,2.0715,8.7182,20.0295,0.1028,15.3093,0.0661,1.6332,0.0212,1.0452,233.7943,0.8356,51.496,0.74,10.3779,3.2099,0.096,20.4129,0.1393,0.2451,0.0052,3.9936,58.9249
06/12/2025 07:00,1,C,0.395,55.686,1.0322,2.3675,0.0686,4.889,5.9726,1815.1913,39.9201,12.5693,1.701,6.811,11.7447,0.1119,14.5582,0.1762,2.009,0.0334,0.917,194.1532,1.4504,53.4383,0.6351,9.95,4.2393,0.1377,17.663,0.2231,0.6321,0.0156,4.2277,56.6287
06/12/2025 19:00,2,D,0.4157,62.194,1.3657,2.6857,0.1865,4.7353,9.6918,1993.2308,35.3089,14.0399,3.8083,9.2388,12.7653,0.1489,13.7019,0.0729,2.5916,0.0337,1.0479,171.485,1.4048,50.1253,0.9709,12.4021,5.4183,0.1875,16.369,0.1542,0.2558,0.0003,3.8702,54.283
07/12/2025 07:00,1,B,0.3044,113.1648,1.1574,2.6086,0.0896,4.3955,6.7007,1854.7001,33.2496,15.1804,2.365,9.6204,18.4826,0.1266,20.6535,0.1054,2.0494,0.0324,1.0382,242.7038,1.1909,52.8542,1.2245,10.9349,1.644,0.1414,26.6482,0.1709,0.4168,0.0097,4.8587,50.567
07/12/2025 19:00,2,A,0.2958,86.928,1.6001,3.3334,0.1424,5.4051,5.1587,1754.5387,30.3707,16.0957,2.5698,10.7661,13.9938,0.1187,21.7896,0.4026,3.0642,0.0724,0.4311,160.6678,1.0353,53.3826,0.8717,10.1354,1.6776,0.1041,22.4425,0.4647,0.3336,0.028,4.7785,50.4545
08/12/2025 07:00,1,B,0.5259,116.4723,1.0382,2.4457,0.0919,5.253,10.0,2895.7857,37.4301,11.3263,2.6013,8.9389,12.101,0.1715,22.9957,0.0983,1.8871,0.0292,0.8712,268.5525,1.2027,49.8265,0.6727,10.3775,2.6661,0.1742,30.4985,0.129,0.5957,0.0074,4.7217,56.1088
08/12/2025 19:00,2,A,0.2491,151.8345,1.0208,1.9553,0.0517,5.0781,7.2575,4097.3048,31.3672,12.1841,1.6518,9.5694,19.8808,0.0815,24.7956,0.1347,1.2478,0.0144,1.1184,417.2599,1.2981,50.5925,0.7561,9.7546,3.9755,0.0875,34.2037,0.1789,0.302,0.0023,3.9506,53.8762
09/12/2025 07:00,1,B,0.3568,79.0675,1.667,3.249,0.0874,5.4907,4.7464,1770.5133,38.1346,17.8267,1.2757,7.4599,12.8156,0.2202,22.7105,0.1017,3.0125,0.0322,1.0287,242.2744,1.695,50.3558,0.7086,10.4566,4.9107,0.1995,30.8652,0.1687,0.5712,0.0106,4.3603,60.844
09/12/2025 19:00,2,A,0.296,112.2002,1.1565,2.6931,0.0868,5.4785,9.0983,4773.6776,39.2078,14.4422,3.6962,10.3787,8.753,0.1145,22.8262,0.2402,2.0908,0.0509,0.8726,247.3719,1.5581,52.442,0.7979,9.4982,1.2654,0.1315,27.96,0.2694,0.5423,0.0105,4.7446,53.8643
10/12/2025 07:00,1,B,0.5435,115.9292,1.6423,4.9234,0.112,4.8732,8.7201,1951.1814,34.6648,11.0011,0.9887,6.3118,15.7707,0.1729,21.4946,0.2859,4.234,0.0453,0.7875,125.1096,0.7382,51.0917,0.5438,10.8187,1.5969,0.1982,26.9663,0.3287,0.8696,0.0036,4.215,50.29
10/12/2025 19:00,2,A,0.5169,103.3258,1.2185,2.5793,0.1591,4.7545,9.955,2887.2596,41.1609,12.5424,3.1453,6.4096,11.5949,0.1533,16.228,0.2601,2.4642,0.0423,0.8549,245.8441,1.6999,52.3892,1.4281,9.2353,2.2947,0.1619,22.2493,0.3249,0.5379,0.014,4.6999,48.685
11/12/2025 07:00,1,D,0.4457,120.0345,1.0212,1.867,0.0833,5.135,10.3125,4637.624,35.8805,8.804,2.2283,9.3021,13.0362,0.2117,28.5669,0.1633,2.1131,0.0301,0.8394,266.4499,1.2308,51.3534,0.9284,8.9289,2.8205,0.2241,35.5269,0.2307,0.3401,0.0,4.551,59.8545
11/12/2025 19:00,2,C,0.6103,67.1386,1.2121,2.8604,0.1685,4.5312,9.4448,1674.1425,32.7987,13.1596,2.7471,9.9361,12.7119,0.1961,10.7168,0.1311,2.0585,0.0639,1.0178,178.7574,2.0431,49.5923,0.997,10.16,1.6666,0.2318,14.3952,0.2248,0.4085,0.0172,4.2279,53.8867
12/12/2025 07:00,1,D,0.3657,62.4193,0.7339,2.135,0.0962,4.3954,6.0207,1361.5039,33.1673,11.9513,3.6253,9.5837,16.5552,0.1091,10.3669,0.1387,1.1712,0.022,0.9121,216.7165,1.4945,50.9758,0.9687,10.0606,3.4907,0.1239,15.5836,0.1699,0.2688,0.0102,3.435,52.614
12/12/2025 19:00,2,C,0.5652,89.1387,1.3764,2.4349,0.095,5.4049,10.0663,2414.6526,37.8881,13.3586,2.5011,8.4176,16.3548,0.2114,19.2315,0.1465,1.7457,0.0316,0.8216,190.9131,1.4435,50.7876,0.6598,9.9008,2.4988,0.2222,21.5137,0.1697,0.4069,0.0057,5.1688,59.5754
13/12/2025 07:00,1,D,0.2484,95.2553,1.0774,2.2365,0.1071,4.6718,7.7828,2924.3864,39.894,11.8058,1.6695,7.5348,11.3654,0.0901,22.3358,0.2185,2.109,0.0395,0.8171,314.1043,1.763,50.009,1.0621,10.6416,2.6253,0.1161,27.5503,0.2312,0.3808,0.0162,4.6968,56.3569
13/12/2025 19:00,2,C,0.5158,94.1094,1.0318,2.4928,0.123,5.5722,11.2675,2717.8155,34.9345,15.0651,3.1911,7.9804,13.6204,0.1853,26.8889,0.2161,2.6719,0.0567,0.7528,220.3957,1.6419,51.6644,1.0333,10.1678,4.2542,0.1938,30.4666,0.2625,0.3027,0.0292,5.3627,55.0533
14/12/2025 07:00,1,A,0.327,70.8877,0.952,1.8085,0.0923,5.0612,8.3035,2380.6901,31.5199,16.907,2.4859,10.5342,14.3115,0.1418,15.0435,0.1409,1.2392,0.0263,1.2774,256.2006,1.9285,52.3995,0.8063,9.8568,3.4697,0.1618,17.0086,0.1707,0.293,0.0135,4.0779,61.8381
14/12/2025 19:00,2,B,0.3096,93.479,1.0568,1.6833,0.086,4.2245,9.4308,2806.9721,40.9348,9.2573,2.5306,8.3074,12.1272,0.1863,21.433,0.1271,1.4352,0.0328,0.8495,239.3984,1.5835,51.7015,0.8705,9.7219,1.9028,0.1395,23.4212,0.169,0.2865,0.0114,4.3821,55.052
15/12/2025 07:00,1,A,0.2292,77.8046,0.559,1.5672,0.0679,4.108,6.0345,3081.667,32.0426,12.8622,1.3574,7.037,17.2817,0.085,15.8052,0.0711,1.2298,0.0359,0.8325,271.8381,1.4589,54.2091,0.7972,7.5934,1.7746,0.0988,20.3519,0.1174,0.3014,0.0079,4.6458,55.6371
15/12/2025 19:00,2,B,0.2305,78.4874,1.1222,2.984,0.0657,4.9745,5.6449,2613.0219,33.9911,11.316,1.3371,7.8762,17.2689,0.0879,23.5779,0.1888,2.0845,0.0418,0.4977,321.4006,2.9873,49.5802,0.8808,7.8502,4.0809,0.0968,26.7024,0.2387,0.5217,0.0263,4.8432,55.9983
16/12/2025 07:00,1,A,0.2964,73.666,0.7266,1.8176,0.1111,4.9889,9.865,2061.6084,36.51,14.8572,4.4999,10.8506,10.0544,0.1384,17.2871,0.0517,2.2195,0.0246,0.8502,178.541,1.3207,53.6862,1.0662,9.1292,2.3066,0.138,19.4885,0.0978,0.187,0.0075,3.8274,54.4215
16/12/2025 19:00,2,B,0.2584,70.8691,0.8286,2.5587,0.065,4.9509,8.5807,2721.7831,30.7429,11.2725,2.3441,9.5586,20.3207,0.1176,14.43,0.0792,1.8765,0.0214,1.0191,209.7076,0.856,51.0495,0.6242,8.5967,5.2884,0.1025,20.6381,0.1418,0.3469,0.005,4.2003,58.9422
17/12/2025 07:00,1,A,0.2744,120.5862,0.5668,1.6914,0.0557,4.6213,7.3732,4680.1189,37.8628,11.1404,2.617,7.7046,8.8268,0.0921,28.6704,0.076,1.6565,0.015,0.6833,361.5047,1.4823,50.8003,0.82,8.4892,2.4231,0.107,35.0739,0.1129,0.3037,0.0148,4.5056,56.1306
17/12/2025 19:00,2,B,0.4306,69.9777,0.8436,3.5188,0.138,5.6224,7.3453,1899.2783,33.0682,13.6314,3.1057,9.2957,16.9369,0.1925,15.1982,0.212,3.2163,0.0548,0.8007,170.9033,1.8642,50.8058,1.3209,8.5953,4.7834,0.2144,20.3171,0.2075,0.6667,0.0172,4.8074,54.9912
18/12/2025 07:00,1,C,0.4501,89.4419,0.7542,2.0195,0.0705,3.7485,15.1383,2248.1576,31.9493,8.7101,1.5047,6.6773,20.4512,0.1971,16.0595,0.1215,1.7177,0.0257,1.0096,190.2158,0.7578,52.5104,0.5097,9.1095,3.1761,0.2097,19.6003,0.153,0.2677,0.0043,2.8146,56.325
18/12/2025 19:00,2,D,0.486,84.8198,1.4137,2.733,0.1158,4.9075,8.7712,1989.3677,30.5988,13.6838,2.1447,8.9402,18.7888,0.1244,12.5962,0.2004,2.3663,0.0257,0.9306,270.9177,1.7269,52.2932,0.7744,9.4314,2.6864,0.1671,21.6989,0.2975,0.2821,0.0049,4.4074,49.5948
19/12/2025 07:00,1,C,0.4548,60.8898,0.9382,2.4756,0.1227,4.3498,9.3723,1779.5663,35.7203,13.0423,2.5146,9.0457,13.1085,0.152,10.186,0.1614,1.6419,0.0301,1.5125,207.6948,1.8866,51.3439,0.6736,7.5388,2.2805,0.2137,13.0378,0.1908,0.3603,0.0142,4.3067,60.9108
19/12/2025 19:00,2,D,0.4486,78.0322,2.1178,5.3648,0.1329,6.2004,7.4586,1327.8091,41.0686,11.8257,1.857,6.3624,13.8488,0.2175,21.4322,0.2716,5.8106,0.055,0.5507,90.8512,0.5797,49.7646,0.5481,10.9975,5.3894,0.2339,21.8728,0.3317,0.8732,0.0118,5.1174,54.5283
20/12/2025 07:00,1,C,0.3872,86.2872,1.0169,2.6062,0.0761,5.6017,9.3232,2451.95,35.4649,16.4158,1.4161,9.4013,15.1022,0.155,16.9878,0.0706,1.8867,0.0443,0.9797,221.256,1.0173,52.0679,0.5945,10.9181,1.4336,0.1807,22.3424,0.1181,0.4095,0.0111,5.4546,67.0032
20/12/2025 19:00,2,D,0.8599,65.9419,1.8647,3.9172,0.1695,5.2598,18.4095,1618.4693,36.2812,11.5356,5.7055,10.4295,13.7276,0.19,13.7454,0.3568,3.8071,0.067,1.5729,158.1519,2.0878,51.8627,1.2315,10.1118,1.9562,0.2226,14.3925,0.384,0.4796,0.0085,4.7849,53.5522
21/12/2025 07:00,1,B,0.3619,90.7677,0.9701,2.0254,0.095,4.1146,12.6756,2825.2089,35.8425,13.7613,2.1383,7.869,11.3508,0.1516,19.9037,0.1695,1.8401,0.0353,1.2909,271.7404,1.9605,50.3167,0.8009,9.6868,3.1506,0.1922,26.8576,0.2297,0.5034,0.0151,3.6019,46.0859
21/12/2025 19:00,2,A,0.3422,61.7622,0.9444,2.3154,0.083,4.369,9.9322,2343.7376,40.8721,10.8103,2.3918,7.4067,13.182,0.1034,9.3184,0.1302,1.303,0.0197,1.1351,219.0725,1.0836,52.7492,0.6639,8.2398,2.591,0.1158,13.5072,0.1366,0.3533,0.0025,3.6369,60.3372
22/12/2025 07:00,1,C,0.5811,76.382,0.959,2.7269,0.1418,4.6492,15.7614,1999.2129,35.8079,16.6485,3.3219,7.6573,10.9726,0.218,18.0737,0.0406,2.3554,0.0484,0.7548,210.0947,1.1946,54.204,0.7633,8.556,1.7123,0.228,22.1529,0.1345,0.3466,0.0096,4.4004,49.2338
22/12/2025 19:00,2,D,0.369,74.721,1.5907,2.8148,0.0717,5.3936,6.1349,1907.3814,35.1157,17.4554,1.925,9.4295,12.702,0.1092,12.7779,0.157,2.5419,0.0465,0.6723,249.0606,1.8837,51.7197,0.652,11.7347,3.7755,0.1061,17.8603,0.2061,0.4612,0.0155,4.7647,56.6589
23/12/2025 07:00,1,C,0.2661,88.4368,0.5599,1.1075,0.0653,4.3867,9.5536,3617.0184,32.8121,9.0435,2.0067,6.4167,17.9998,0.1087,15.3005,0.0882,1.0268,0.0162,1.4032,314.1319,1.9428,47.3676,0.9314,10.2143,4.504,0.1258,19.8497,0.0925,0.1624,0.0034,3.7379,62.1317
23/12/2025 19:00,2,D,0.4471,106.7226,1.2895,3.8648,0.12,5.3122,7.0943,2202.6302,33.5767,12.6707,1.4168,7.1142,14.6421,0.1403,24.3988,0.1837,3.2129,0.0482,0.4925,132.5871,0.5729,52.7379,0.543,10.3739,1.703,0.1723,26.7157,0.2281,0.7983,0.016,4.6957,51.5019
24/12/2025 07:00,1,C,0.2507,57.4366,0.8906,2.6764,0.0421,5.5241,9.1707,2529.2888,31.645,12.9015,1.0299,7.9734,16.0256,0.1185,14.4831,0.1503,2.0626,0.0328,0.8338,179.3629,2.2208,53.1108,0.5473,10.7486,1.6815,0.1175,19.1531,0.1548,0.4923,0.0103,4.8434,56.1078
24/12/2025 19:00,2,D,0.357,90.7444,1.1728,3.1985,0.0986,4.4804,6.3807,2106.8931,38.4117,11.2002,2.5296,8.1898,14.9129,0.1177,19.8577,0.2197,2.792,0.0429,0.7142,240.6997,1.382,52.1764,0.8043,9.8893,2.2861,0.132,24.3725,0.2415,0.8407,0.0249,4.2242,
25/12/2025 07:00,1,A,0.2815,92.3989,1.7202,3.7809,0.1409,4.203,5.3248,2107.843,37.7123,16.0249,2.2821,7.5741,14.895,0.1196,15.8351,0.1405,3.2845,0.051,0.9428,201.5776,1.7119,52.4011,0.5888,9.4862,2.5412,0.1227,22.079,0.2323,0.4926,0.014,3.4619,55.7628
25/12/2025 19:00,2,B,0.2907,70.5875,0.6821,2.6006,0.1001,4.8378,10.1986,4812.0072,36.2454,13.779,6.3642,10.3626,8.3105,0.0872,17.0242,0.1459,1.9015,0.0635,1.0731,369.4571,1.889,53.3082,1.7018,9.9237,2.8239,0.1348,20.2437,0.1604,0.3462,0.0177,4.3681,55.1207
26/12/2025 07:00,1,A,0.2401,88.9624,0.9976,2.5014,0.0694,5.2801,3.0518,2153.8055,35.3863,16.0463,1.1517,7.8411,13.623,0.1218,15.7259,0.1142,2.0583,0.0254,0.7729,213.781,1.8978,50.923,0.5825,9.1839,4.4666,0.1203,20.792,0.1657,0.6942,0.0074,4.6143,53.4842
26/12/2025 19:00,2,B,0.528,96.6781,0.8698,3.5012,0.1309,4.7868,9.2022,3052.6527,36.9362,9.2132,4.5673,7.5182,8.2444,0.152,22.3495,0.1614,3.0161,0.0684,0.676,242.8298,1.6211,49.4265,1.0322,11.3035,2.5065,0.1685,28.7447,0.181,0.3682,0.0119,4.3142,50.5296
27/12/2025 07:00,1,A,0.3406,58.222,0.8742,1.833,0.0914,4.4895,10.5009,2563.6455,36.5463,11.4822,2.6052,8.3136,13.7919,0.1466,17.4132,0.3246,1.5085,0.0244,1.6059,305.5513,4.0645,47.5205,0.9833,8.884,5.387,0.1731,19.9307,0.3628,0.2737,0.0096,4.3606,54.4948
27/12/2025 19:00,2,B,0.246,65.3973,1.1257,1.9432,0.0708,5.6474,8.8445,2587.3506,37.4677,11.9994,2.4365,9.1847,17.3366,0.1126,13.1671,0.1904,1.42,0.0522,1.0085,210.5945,1.33,52.3141,0.8582,10.4089,2.7016,0.0971,15.2436,0.215,0.3313,0.0137,4.7259,56.7936
28/12/2025 07:00,1,C,0.3746,105.5714,1.1956,2.16,0.1229,4.2396,7.299,2366.6827,36.612,11.7839,4.2047,7.2536,11.5158,0.0935,16.0579,0.132,1.7508,0.0256,0.6093,152.7505,1.1847,52.7276,0.8542,9.1499,2.7936,0.1226,21.1779,0.1943,0.2857,0.0089,3.9128,
28/12/2025 19:00,2,D,0.3221,103.3781,0.9667,2.8039,0.0851,4.5934,4.6764,2349.8805,31.5298,12.9742,2.0511,7.5122,12.4902,0.1615,14.211,0.2007,2.3786,0.0284,0.8599,255.7509,2.3108,51.9391,0.6471,9.3815,2.7106,0.1657,24.281,0.1768,0.5715,0.001,3.7781,54.6465
29/12/2025 07:00,1,C,0.5116,89.67,1.0537,2.358,0.1039,5.2756,6.6909,2786.6401,31.5821,14.1553,2.0076,9.9408,14.4448,0.2136,17.611,0.1345,2.1859,0.0462,0.7481,211.3072,1.2358,52.6848,1.1589,10.2634,3.1397,0.2228,26.7051,0.1928,0.3855,0.0177,5.1241,53.071
29/12/2025 19:00,2,D,0.528,72.5235,0.8953,2.6087,0.0663,3.9513,13.2477,1616.9625,34.8151,12.5136,2.7599,8.2722,13.0275,0.1977,16.9767,0.1703,2.0362,0.0416,1.697,255.4969,2.1811,45.9933,0.8321,9.4344,8.9326,0.1922,19.2191,0.2032,0.4747,0.0254,3.7825,50.7758
30/12/2025 07:00,1,C,0.4949,76.7516,1.1076,1.4897,0.0767,4.9491,12.1296,2879.3308,33.2064,15.7927,1.9885,9.3229,16.9414,0.1608,15.0646,0.2076,1.5256,0.0301,1.1641,279.7368,3.3161,50.3658,1.2981,9.8168,2.9657,0.1559,20.914,0.2636,0.3888,0.0053,5.0849,55.6693
30/12/2025 19:00,2,D,0.6415,72.2576,1.0138,3.1152,0.1133,4.6281,15.3198,1639.62,36.4958,14.7225,3.921,10.2585,8.5493,0.1802,13.1825,0.1257,2.4861,0.034,0.8081,95.7697,1.3992,52.7073,0.8795,9.7011,4.1802,0.2037,15.536,0.1656,0.8166,0.0153,4.3245,56.7126
31/12/2025 07:00,1,C,0.1694,59.4258,0.6254,1.4308,0.1069,4.4084,6.8607,3873.6167,32.5696,6.3908,4.5753,8.9501,14.589,0.0692,15.7684,0.1265,1.2423,0.0249,0.6068,306.9294,2.3807,50.1826,1.1213,10.9509,1.6809,0.092,17.3085,0.1685,0.2317,0.0108,3.8147,51.5834
31/12/2025 19:00,2,D,0.3564,112.7021,1.6343,3.5517,0.1284,4.7536,8.5505,1925.9769,34.2212,14.781,1.7735,8.4193,15.663,0.1311,13.7104,0.1696,2.7819,0.0311,0.9758,199.9581,0.9479,52.6314,0.6016,9.3478,2.0651,0.1501,19.6165,0.285,0.6547,0.0103,4.6857,59.5041
01/01/2026 07:00,1,A,0.3946,98.1292,0.7287,1.509,0.0831,4.0482,6.8509,3106.6165,30.734,11.8103,2.4783,8.3085,14.4593,0.1573,18.4989,0.0868,1.8515,0.0225,1.5838,233.9847,0.9058,53.7524,0.8921,9.9535,1.4096,0.1706,22.3792,0.1288,0.2807,0.0123,3.846,50.235
01/01/2026 19:00,2,B,0.4688,85.6596,0.7865,1.5912,0.071,4.8229,9.2473,2772.9545,31.7583,11.3165,1.9423,8.0364,20.4284,0.1991,16.982,0.086,1.6559,0.0265,1.2234,214.9366,1.1234,49.538,0.699,10.1286,3.5791,,,,,,,56.5302
02/01/2026 07:00,1,A,0.2065,110.734,0.4453,0.8895,0.0224,3.9629,8.0588,4981.191,27.6785,13.4826,1.2001,9.0163,22.8463,0.0943,18.4805,0.0722,0.6927,0.0026,1.6344,496.659,1.5666,49.2592,0.5802,8.0721,7.8224,0.1005,25.4501,0.115,0.1429,0.0033,3.8859,60.6972
02/01/2026 19:00,2,B,0.6697,72.5435,2.4056,5.6685,0.1726,5.2905,9.599,1044.1539,40.1992,10.2278,2.0684,7.6163,13.7005,0.2679,20.3537,0.2233,4.7551,0.0693,0.9654,125.17,1.8129,52.5844,0.6837,9.2013,2.0183,0.2776,27.7668,0.3367,1.052,0.0151,5.1784,62.8113
03/01/2026 07:00,1,A,0.301,100.0119,0.6003,1.4552,0.0574,4.3484,7.883,4830.9379,38.1829,13.3864,3.6796,7.3995,7.9252,0.1241,18.6666,0.081,1.2941,0.0167,1.1165,271.6341,1.3693,53.9368,0.7753,8.4632,2.4755,0.1479,25.0739,0.1244,0.1899,0.0057,3.6746,48.923
03/01/2026 19:00,2,B,0.287,60.1691,1.0412,2.0892,0.0772,4.5967,11.3656,2375.5777,32.9429,12.8766,1.7854,7.5135,15.7266,0.1283,10.8897,0.1393,2.0996,0.0108,0.8265,116.0689,1.2512,50.0063,0.5309,8.7234,8.2107,0.1194,12.5966,0.2099,0.3683,0.0128,3.9415,57.0793
04/01/2026 07:00,1,D,0.584,79.4343,1.399,3.1829,0.1652,4.6221,11.1002,1949.444,38.4995,10.1205,4.0959,7.3441,16.4771,0.2367,19.4577,0.1491,2.8137,0.047,0.8065,164.962,0.9509,53.3288,0.8949,9.1957,1.9573,0.2031,20.3582,0.2096,0.4383,0.0212,4.4333,53.5478
04/01/2026 19:00,2,C,0.3978,100.583,1.1434,2.3112,0.0515,4.5829,10.2727,3931.5631,36.7914,11.8078,1.81,6.7994,9.7223,0.1676,21.6884,0.1465,1.5571,0.0161,1.1873,272.4021,1.2286,51.1371,0.5282,8.1061,3.385,0.1763,27.5508,0.1792,0.6977,0.0126,3.9408,52.0308
05/01/2026 07:00,1,D,0.3091,104.6324,1.0395,2.1732,0.0841,4.6788,6.8848,2830.0029,38.556,9.9492,2.6333,8.3505,13.2928,0.0927,24.6924,0.1328,1.9512,0.0292,0.717,387.2397,1.3456,51.4731,0.9213,11.0325,1.8559,0.1244,29.2791,0.1785,0.3914,0.0118,3.6648,51.268
05/01/2026 19:00,2,C,0.2614,96.0542,1.0115,2.2449,0.1001,4.5245,5.7321,3148.6296,40.4051,13.3925,2.7913,9.1267,11.349,0.1336,24.7508,0.1242,1.8667,0.0477,0.7191,277.5378,2.1442,54.2056,1.0578,10.548,1.0789,0.1431,27.1864,0.2168,0.6432,0.0164,3.8702,63.2396
06/01/2026 07:00,1,D,0.4953,94.0346,0.9267,2.3926,0.0896,3.8977,10.2444,2649.9953,34.474,11.5633,3.3355,8.7433,14.8377,0.2117,19.7552,0.1539,1.7247,0.0254,1.4345,288.8089,2.1184,48.4299,0.8279,9.7392,4.9632,0.2037,21.9067,0.1764,0.4204,0.0086,3.8665,49.6193
06/01/2026 19:00,2,C,0.2802,56.2976,0.5422,1.4019,0.0935,5.4234,9.7969,2401.3145,32.9862,13.6638,3.2556,8.8638,13.7177,0.1065,10.9687,0.1136,1.8599,0.0455,0.6988,185.8764,0.8545,54.191,1.1191,9.6204,1.0044,0.1318,14.0829,0.1214,0.3692,0.0249,4.7683,55.9657
07/01/2026 07:00,1,D,0.408,60.4349,1.8777,3.3305,0.0676,4.5618,5.6603,1423.3375,33.1121,10.2843,1.1541,5.9913,17.9022,0.1429,14.647,0.1837,2.3373,0.0313,0.8889,158.3827,1.363,52.479,0.6775,8.8839,2.9903,0.1771,16.6018,0.2476,0.6178,0.0114,4.3419,53.3067
07/01/2026 19:00,2,C,0.3086,91.7243,0.4112,1.0057,0.0237,3.8908,7.4417,4313.3424,28.758,12.0175,3.659,9.7477,17.9521,0.0892,16.4223,0.1047,0.9253,0.0255,1.0541,264.7984,1.3565,53.288,1.0328,9.5453,3.322,0.1328,20.195,0.1175,0.1005,0.0113,3.5205,52.5397
08/01/2026 07:00,1,B,0.3719,106.6291,0.5422,1.5842,0.0429,4.7374,8.5046,4214.1661,30.3458,15.9346,2.0598,9.0851,11.8159,0.1329,20.8564,0.147,1.65,0.0325,0.8959,292.4889,1.1513,52.2892,0.4974,8.6643,1.2138,0.1689,27.4312,0.1403,0.3298,0.0044,4.1366,
08/01/2026 19:00,2,A,0.4483,64.2457,1.4587,2.3432,0.0673,5.2663,9.8078,1656.7247,36.245,12.2403,1.6708,7.7903,13.3151,0.1237,11.1698,0.1748,2.2596,0.0206,0.8723,203.4147,2.0618,52.3384,0.6213,7.058,2.555,0.1563,17.2259,0.2064,0.4481,0.0109,4.6676,55.9558
09/01/2026 07:00,1,B,0.2424,123.37,1.0978,2.5619,0.0681,4.4032,6.8761,3907.1003,38.2142,13.7204,1.9133,7.2966,11.5766,0.1362,25.8303,0.1945,2.4516,0.0269,0.859,301.1978,1.7357,51.3388,0.8621,9.3137,3.6636,0.123,32.3507,0.2681,0.472,0.0208,4.1089,54.8814
09/01/2026 19:00,2,A,0.2925,93.6124,0.7954,2.1774,0.0487,4.9877,8.3139,4248.9021,32.4553,13.7505,1.521,8.7526,10.8401,0.1164,13.6395,0.1665,1.6583,0.0234,1.3156,241.757,1.8172,51.9961,0.8597,11.0032,4.6089,0.1222,20.8815,0.2213,0.3922,0.0116,4.1612,55.6435
10/01/2026 07:00,1,B,0.3985,102.2285,1.4429,3.3211,0.128,5.107,7.3612,2709.6645,38.0003,11.7976,2.5555,7.1555,15.3745,0.1474,14.6822,0.0698,2.6336,0.0185,0.8495,207.4358,1.6982,53.1798,0.774,10.2556,2.2527,0.1395,21.6994,0.1188,0.5627,0.0077,4.3585,53.4867
10/01/2026 19:00,2,A,0.4528,82.0212,1.1155,2.5262,0.1018,4.5599,7.8658,2201.1537,29.5054,13.4095,2.1954,8.1281,17.6595,0.1586,19.3047,0.1698,1.6082,0.0279,1.3142,176.5236,1.0328,49.858,0.6976,8.367,3.3541,0.1766,20.2783,0.2366,0.3646,0.0055,4.4094,54.9303
11/01/2026 07:00,1,C,0.5562,138.4844,2.1749,5.3489,0.2001,5.92,12.0109,2998.9314,35.0517,16.405,3.1736,8.8079,14.7058,0.1323,22.6143,0.2323,4.3901,0.068,0.8443,251.6606,1.5836,49.0782,0.8963,12.4676,2.7436,0.1298,27.6559,0.3527,0.7419,0.0192,4.7569,49.1375
11/01/2026 19:00,2,D,0.2738,106.6027,1.2396,2.5007,0.0865,4.2529,5.8658,2800.3448,37.3128,13.4822,2.3899,9.0046,20.1371,0.1295,15.7865,0.1517,1.824,0.0396,0.7284,179.3999,1.8792,51.4495,1.0879,10.8819,3.3802,0.126,21.4419,0.1921,0.2921,0.0109,3.8369,45.578
12/01/2026 07:00,1,C,0.4321,77.1328,1.4598,2.862,0.0831,4.5611,8.9933,2192.4548,39.5173,12.0868,2.196,7.1261,10.7338,0.1439,20.0061,0.2136,2.4795,0.0299,1.1276,232.978,1.8254,53.9912,0.8443,10.5107,3.3396,0.1776,19.5915,0.2741,0.4598,0.0069,4.6259,55.6796
12/01/2026 19:00,2,D,0.2886,111.0111,0.7001,2.7681,0.0339,4.8003,7.8485,4629.0154,36.3087,15.5263,2.0631,8.2782,9.2416,0.1032,31.9572,0.0755,2.9061,0.0315,0.6625,243.6649,1.6352,52.4051,0.8042,9.514,2.0471,0.1049,33.9407,0.1284,0.5844,0.0008,4.3871,51.7381
13/01/2026 07:00,1,C,0.3881,82.6308,1.7215,3.3475,0.1166,6.3245,8.7482,2170.1153,35.7592,10.5913,1.8751,6.0166,17.2233,0.1393,16.4801,0.2753,2.9853,0.0331,1.0668,201.9854,1.5289,51.6823,0.6537,10.5504,2.6709,0.1293,21.179,0.2938,0.5038,0.0156,5.2903,47.3117
13/01/2026 19:00,2,D,0.28,67.1132,1.0526,2.9101,0.0794,4.2951,11.7425,2885.9923,40.5347,12.3217,2.4543,7.6336,12.3193,0.1174,15.0697,0.2267,2.2772,0.0402,0.7517,208.8553,1.8313,52.7923,1.0394,8.1248,4.8436,0.1456,18.8275,0.2398,0.877,0.0326,4.1035,
14/01/2026 07:00,1,C,0.2846,88.4842,1.349,3.197,0.0796,4.5376,4.1015,2577.7365,42.8149,12.9894,1.486,7.4335,11.6441,0.2181,26.0398,0.3836,3.6618,0.042,0.7922,189.3816,2.9541,54.285,0.7196,10.475,3.2993,0.2361,38.4364,0.3699,1.159,0.0173,4.1758,61.1605
14/01/2026 19:00,2,D,0.4341,63.1143,1.5779,3.2797,0.1583,5.3532,9.4487,1283.0525,30.6565,10.9952,2.906,8.5241,18.395,0.1662,16.877,0.1635,3.0833,0.039,0.9192,116.9199,1.4094,48.6326,0.8481,9.6179,3.948,0.1832,20.1136,0.2446,0.4718,0.0149,4.2022,51.4059
15/01/2026 07:00,1,A,0.2593,83.1749,1.4263,1.8688,0.0707,4.7902,5.6938,2261.3404,39.462,9.9713,1.4287,6.5736,13.8198,0.1349,28.366,0.1786,1.993,0.0285,0.9486,200.9518,1.29,50.5939,0.7221,9.3312,2.6829,0.1374,29.2743,0.2697,0.3033,0.0073,4.5968,57.8212
15/01/2026 19:00,2,B,0.5633,91.3696,1.7461,2.6856,0.064,4.1781,7.9755,1271.3909,31.9714,14.4086,1.5954,7.4198,20.8951,0.2067,12.2855,0.116,2.2959,0.0303,0.8653,135.2293,0.8862,50.8173,0.7768,9.2133,5.664,0.2215,20.5467,0.1398,0.5394,0.0203,3.7913,55.9633
16/01/2026 07:00,1,A,0.2197,93.3819,0.6737,2.1375,0.0582,4.4275,4.5472,3159.2574,27.7822,16.7044,1.6319,10.1193,19.5658,0.1039,17.8436,0.13,1.5998,0.0259,1.0544,352.8061,1.3652,53.5962,0.8618,9.6723,2.0092,0.1097,25.2133,0.1812,0.3861,0.0115,3.8952,60.6282
16/01/2026 19:00,2,B,0.529,68.0153,1.4622,3.8014,0.1148,5.0777,9.1114,1222.6014,32.0096,9.1246,1.7071,7.1258,20.732,0.13,9.6745,0.2325,3.5622,0.0359,0.5681,131.6174,1.6543,53.8994,0.6759,9.9942,2.3227,0.1571,14.2517,0.2545,0.7773,0.0143,4.7947,56.5573
17/01/2026 07:00,1,A,0.275,132.2437,0.9515,3.2193,0.0864,4.7422,4.6329,3077.0088,33.7306,12.8678,3.1584,7.5346,17.3355,0.1252,23.7358,0.3317,3.3588,0.0519,0.819,304.1308,1.1135,52.4289,0.8341,9.2739,2.146,0.131,29.8009,0.278,0.6177,0.0177,4.1591,51.4703
17/01/2026 19:00,2,B,0.6953,48.7769,1.8017,4.0361,0.2654,4.9729,17.1563,1250.4095,38.2101,16.3312,4.8219,8.748,8.3837,0.1695,7.6032,0.2776,3.3374,0.0713,1.0082,82.202,1.1054,52.4266,0.9666,11.8277,2.2636,0.2088,9.9815,0.3545,0.6224,0.0202,3.5383,52.2454
18/01/2026 07:00,1,D,0.268,88.1122,0.4173,0.8559,0.0329,3.5578,15.1728,5076.9689,42.0197,12.4662,2.5944,7.3769,6.495,0.1043,16.0828,0.1256,0.7127,0.0074,1.3795,414.7945,2.2442,55.1471,0.6756,8.0426,2.0285,0.1132,21.3643,0.1123,0.1926,0.0012,3.4759,
18/01/2026 19:00,2,C,0.0975,58.3873,0.7629,2.0437,0.0597,4.2784,6.669,3084.0473,37.0852,12.496,3.8545,9.2654,13.8167,0.0522,11.104,0.1553,1.6284,0.0193,0.6929,294.5712,1.9177,49.5901,0.9278,10.4838,4.8371,0.0364,15.0407,0.1776,0.3064,0.0098,4.1835,49.0996
19/01/2026 07:00,1,D,1.0328,82.0595,2.3071,4.6388,0.1542,6.9013,15.8245,1502.0072,36.0167,12.7307,1.9191,8.6443,11.2708,0.2597,14.4455,0.4185,4.6002,0.0766,1.1304,141.7744,1.12,49.7446,0.5948,10.4224,4.5822,0.3026,21.8318,0.4445,0.996,0.0247,6.285,53.3452
19/01/2026 19:00,2,C,0.1964,79.5317,0.7424,1.6758,0.074,4.6909,6.7504,3382.8953,33.566,12.444,2.3392,8.1589,13.4419,0.0803,10.3371,0.0882,1.4439,0.0217,0.7124,252.6097,1.2414,53.5088,0.9229,9.9856,1.9501,0.0804,17.4516,0.1195,0.2454,0.0061,4.0971,58.4822
20/01/2026 07:00,1,D,0.2049,80.3478,0.5939,1.4265,0.0513,4.1948,8.0588,3195.6549,30.7231,11.3308,1.8916,8.6058,15.3513,0.0842,16.2216,0.0609,1.4615,0.0289,1.0004,289.3001,0.853,49.4075,0.732,10.3621,3.0478,0.1135,23.5745,0.092,0.2353,0.0001,3.8339,58.5195
20/01/2026 19:00,2,C,0.2347,77.9858,0.8706,2.028,0.0282,4.131,8.0654,3105.7706,35.6739,10.873,1.2258,7.1979,15.5828,0.0977,10.8214,0.0924,1.4498,0.0089,1.3478,313.8755,2.5024,54.0258,0.758,9.1722,1.7704,0.1212,16.6022,0.1259,0.2998,0.0,3.7083,62.8835
21/01/2026 07:00,1,D,0.2321,77.2152,0.6719,2.1561,0.0863,4.2349,6.4143,3816.9404,31.7146,10.448,2.9425,8.5401,12.6838,0.1209,20.1541,0.0706,2.2762,0.0357,0.7518,266.1767,1.3881,51.3243,0.9402,9.8014,4.0795,0.1266,21.861,0.129,0.3152,0.0,3.4887,48.862
21/01/2026 19:00,2,C,0.2769,88.2385,0.6854,2.2535,0.0354,4.5026,7.0881,3152.4466,41.163,11.338,1.4161,6.7021,12.3813,0.112,17.3381,0.1446,2.4221,0.0279,0.8632,268.122,2.1565,48.3471,0.7311,9.0366,6.38,0.1224,24.7908,0.1261,0.4478,0.0106,4.5396,56.0972
22/01/2026 07:00,1,B,0.1669,64.8284,1.1007,2.1452,0.0469,4.6918,4.5928,1565.5874,28.8909,10.44,0.9657,6.704,24.4222,0.0964,10.2701,0.0671,1.5654,0.0068,0.5852,220.8228,1.0687,51.7319,0.589,9.2926,2.2462,0.0833,12.1884,0.1381,0.3467,0.0017,4.2037,64.5859
22/01/2026 19:00,2,A,0.1807,85.1405,1.3233,2.5706,0.0633,4.5671,3.436,2591.9352,39.0936,11.2768,0.9816,8.6654,16.6891,0.1061,18.1633,0.1251,2.3532,0.0073,0.8449,214.5548,1.2554,48.7858,0.6561,9.6205,4.5797,0.093,23.285,0.1714,0.4166,0.0013,4.4931,51.9437
23/01/2026 07:00,1,B,0.3654,78.5774,1.0581,1.7568,0.1087,5.1891,9.1307,2500.265,39.9099,11.6261,2.3658,7.3377,7.5471,0.133,18.693,0.194,2.3077,0.0402,0.8467,403.3103,1.6413,50.0476,1.1274,9.9577,2.0801,0.1534,24.8571,0.1908,0.3317,0.0077,4.7573,48.2909
23/01/2026 19:00,2,A,0.3935,84.7623,1.4342,2.9946,0.1595,4.7344,6.7091,2005.4746,39.1839,13.0618,3.6723,8.7409,13.6759,0.1468,19.0652,0.1169,2.6921,0.0563,0.5661,173.4126,1.9463,50.0771,1.0435,10.7646,4.3631,0.179,23.2351,0.1887,0.7171,0.038,3.6359,62.1601
24/01/2026 07:00,1,B,0.8522,114.5045,1.1017,1.9139,0.1175,4.0863,17.2022,3082.6215,31.9057,9.0688,4.708,8.4128,24.3937,0.2267,28.7015,0.115,2.1397,0.0203,1.61,324.6805,1.1519,52.4599,0.8405,7.6555,4.3899,0.3245,30.8858,0.1861,0.3084,0.0129,4.0874,53.3621
24/01/2026 19:00,2,A,0.5942,106.141,1.9431,4.1185,0.1036,4.259,9.5918,2067.3415,40.7693,7.34,1.7265,6.3431,14.4867,0.1911,26.2823,0.2944,4.2012,0.0518,0.5429,160.3749,0.7118,54.2464,0.8627,9.7899,2.329,0.251,29.6256,0.3206,1.2652,0.0185,3.9069,52.032
25/01/2026 07:00,1,C,0.487,69.6833,1.2338,2.7814,0.2209,5.2928,10.7518,2197.792,34.6606,10.7053,4.4011,8.6851,13.7776,0.1158,15.2851,0.2704,2.5402,0.0728,0.6596,187.5098,1.201,48.5164,0.8874,9.3056,3.7376,0.1688,18.6378,0.2773,0.5018,0.0194,4.665,51.3751
25/01/2026 19:00,2,D,0.3681,107.7203,1.0555,1.8919,0.0528,5.4399,9.1153,3390.6367,38.1708,6.3375,0.8673,5.9734,14.5316,0.1435,26.4773,0.1988,1.8485,0.0355,1.0192,359.7226,1.0854,49.9454,0.5948,8.0604,5.2096,0.1347,28.2669,0.245,0.2946,0.0096,5.0046,54.8018
26/01/2026 07:00,1,C,0.3747,103.3328,1.7105,4.7485,0.1843,5.2315,11.2934,2486.4934,37.6881,13.6112,3.8578,8.8143,9.8192,0.1199,19.1734,0.267,3.6093,0.0603,0.8691,211.8445,1.3553,51.0446,0.9903,9.9362,1.5498,0.1153,25.6381,0.3365,0.8409,0.0304,4.4644,51.295
26/01/2026 19:00,2,D,0.2879,76.6358,0.7672,2.5589,0.1506,4.9686,9.9943,3052.5322,34.5878,16.0834,4.8765,10.3515,10.5028,0.1344,8.8166,0.1048,2.0693,0.0342,1.3527,269.9319,2.3262,47.3434,0.9154,11.5665,5.7676,0.1187,16.9675,0.1264,0.2195,0.0005,4.2635,49.0767
27/01/2026 07:00,1,C,0.3167,70.7763,0.9647,3.5911,0.1631,6.0241,5.8172,2574.975,33.6363,13.5843,4.9926,9.3101,14.4314,0.1337,27.1151,0.2149,3.5893,0.0974,0.9416,240.1441,0.9716,49.4959,1.2467,9.9606,7.6711,0.1682,30.4907,0.2404,0.5161,0.0208,5.6971,52.9067
27/01/2026 19:00,2,D,0.3766,72.6062,1.3479,3.472,0.1481,4.5588,8.5118,2114.1527,35.0877,11.3243,3.6497,9.013,8.4017,0.1038,12.6593,0.1181,3.2713,0.0406,0.8398,202.0238,1.5604,54.8606,0.7831,8.2153,2.1898,0.1337,15.547,0.2581,0.3397,0.0156,3.9579,57.6761
28/01/2026 07:00,1,C,0.292,135.2919,0.8915,2.3686,0.0685,4.2377,9.2179,5526.4012,37.8654,11.3018,2.6745,8.7634,13.1703,0.1143,31.4089,0.1349,1.6816,0.0214,0.9327,406.5252,2.1857,45.9775,0.7715,9.3337,7.1805,0.128,35.5348,0.1834,0.439,0.0087,3.7211,47.96
28/01/2026 19:00,2,D,0.5632,69.2302,1.3348,2.9042,0.1138,4.3363,10.0299,992.8548,34.5638,15.1119,4.4142,9.4039,10.6632,0.178,15.4825,0.1789,2.4529,0.0454,1.2681,175.0779,1.4997,48.0016,1.0533,9.7927,8.7152,0.1872,20.358,0.2297,0.4516,0.0142,4.111,57.1233
29/01/2026 07:00,1,A,0.2234,133.8084,0.5942,1.6409,0.0411,3.8748,13.6698,6955.6149,31.789,10.8956,3.3526,9.0505,13.0719,0.0984,20.6155,0.1132,1.4839,0.0187,0.8768,356.2013,0.9546,53.0343,0.7964,10.5812,2.9846,0.1,28.6052,0.1061,0.1427,0.0,3.6787,54.6276
29/01/2026 19:00,2,B,0.5558,65.1834,1.0486,2.4821,0.0859,4.907,10.4123,1647.6215,22.9627,7.8021,1.9574,8.3369,26.2392,0.1975,12.0762,0.1783,2.1038,0.0352,0.9345,142.5868,1.6517,49.2196,0.7725,10.6741,4.9673,0.2142,17.6251,0.2062,0.3238,0.0,4.4096,57.7716
30/01/2026 07:00,1,A,0.406,66.3584,1.1168,2.2404,0.0862,5.1982,10.2099,1890.5827,38.5623,14.4408,1.9957,9.0763,9.097,0.1617,16.8401,0.2026,2.2951,0.0458,0.6346,166.872,1.8882,52.2762,0.8975,9.4227,2.8388,0.1724,20.4679,0.1528,0.4258,0.0154,4.2443,58.9328
30/01/2026 19:00,2,B,0.4724,75.7427,1.0164,3.115,0.1522,5.0726,7.8228,2287.4936,31.0793,13.0335,6.5827,9.887,11.4499,0.1596,12.6262,0.1,2.0565,0.0448,0.7585,146.1111,1.3073,53.7275,1.3373,9.7895,2.3718,0.1803,16.3694,0.1679,0.3955,0.0026,4.0476,49.8873
31/01/2026 07:00,1,A,0.1799,58.8226,0.7644,1.8453,0.0556,4.2578,6.9627,1624.093,28.2747,12.3076,1.8984,8.4196,18.2105,0.1352,12.7451,0.0402,1.3956,0.0275,0.8394,155.1365,0.9117,53.1206,0.7902,10.1634,3.5166,0.1086,17.1117,0.0882,0.2131,0.0,3.6949,57.886
31/01/2026 19:00,2,B,0.2915,112.9775,0.7273,1.8728,0.0738,4.7894,10.5843,5672.4756,32.0224,18.172,3.3348,9.9129,10.5421,0.0944,20.3945,0.0631,1.2674,0.0279,1.1769,381.4517,1.4978,50.4431,1.0576,9.4197,3.6921,0.1345,25.3989,0.1145,0.2236,0.0087,3.8123,56.9162
01/02/2026 07:00,1,D,0.2517,72.3876,0.507,2.2774,0.0607,3.8626,8.6878,4413.3024,33.9453,13.8835,2.4479,8.555,11.7816,0.0958,19.9015,0.1287,1.5502,0.0203,0.7138,303.9052,1.1943,49.6244,0.6008,8.8693,3.1241,0.1176,21.9546,0.1141,0.4968,0.0058,3.1013,51.8791
01/02/2026 19:00,2,C,0.7778,73.0113,2.2433,4.9499,0.2707,4.8365,14.7397,1445.522,43.6637,11.3671,3.7532,7.4984,9.6834,0.2302,16.0884,0.176,4.1697,0.1226,0.7182,107.9483,0.7065,49.7382,0.7883,10.211,2.4473,0.2626,16.9509,0.2438,0.8463,0.0275,4.5952,50.8365
02/02/2026 07:00,1,D,0.4079,87.6013,1.1438,3.5572,0.1687,5.3757,10.2657,2761.5067,37.612,11.5218,3.2788,7.3664,13.1574,0.1495,13.9418,0.2576,2.6245,0.048,0.8327,213.9984,1.8506,52.557,0.9249,9.3194,2.2718,0.1627,19.0474,0.2803,0.6598,0.0262,5.0526,50.2796
02/02/2026 19:00,2,C,0.7768,70.0237,2.4232,4.5321,0.175,6.4077,8.719,1218.807,38.9329,11.4868,3.7285,9.5389,10.2409,0.2068,16.5858,0.4083,4.2901,0.0623,1.0641,168.8536,1.8282,50.6528,0.9576,11.5289,2.1327,0.2368,21.7397,0.5906,1.0858,0.0151,5.5268,51.3812
03/02/2026 07:00,1,D,0.6822,119.2568,1.4637,2.4981,0.1031,4.5549,11.0085,2921.1187,41.7321,8.0202,2.461,7.0952,13.7622,0.2254,19.5384,0.3226,2.2523,0.0336,2.0334,351.0097,2.9682,49.1357,0.7319,9.3288,3.2206,0.2524,25.7134,0.4239,0.4128,0.0187,3.9259,51.1217
03/02/2026 19:00,2,C,0.2164,73.5407,0.637,1.4894,0.0467,4.1909,6.8521,2455.9676,36.5873,10.5632,1.464,7.918,10.4722,0.1272,17.0355,0.0964,2.0024,0.0351,0.9677,198.6704,0.9819,47.1561,0.669,8.8226,6.3312,0.113,22.5662,0.1165,0.1862,0.0039,3.9475,58.9938
04/02/2026 07:00,1,D,0.7669,79.9134,2.1341,4.193,0.1241,5.4911,12.8644,1759.6837,42.0093,15.2138,2.1953,7.902,9.7418,0.2622,14.4889,0.2483,3.2367,0.0377,1.0303,130.1106,1.4012,52.2593,0.5555,9.7897,4.0356,0.2617,16.3362,0.3279,0.8307,0.0174,4.9872,54.9347
04/02/2026 19:00,2,C,0.6026,148.4615,1.1781,3.5864,0.1155,5.1832,10.1801,3402.7985,34.8359,14.7405,2.6394,9.1918,9.9085,0.1623,24.7481,0.2272,2.9175,0.0353,0.76,186.6802,0.8942,55.0576,0.7518,9.8761,1.5926,0.2046,29.2699,0.2194,0.7605,0.0185,4.8774,58.0283
05/02/2026 07:00,1,B,0.5792,99.256,1.2125,2.4833,0.061,5.0045,7.2618,2573.13,35.6794,12.3147,1.2381,5.377,16.9296,0.1818,18.6418,0.1527,2.0214,0.0292,0.8944,238.156,1.8958,54.4573,0.7597,9.974,2.1515,0.1949,26.0343,0.1828,0.4434,0.017,5.1611,53.9265
05/02/2026 19:00,2,A,0.4335,148.9815,0.8612,2.2234,0.0631,6.2445,8.7259,4477.6442,30.3162,15.2216,2.1502,9.6819,11.7915,0.1487,30.0658,0.0472,1.9738,0.0316,1.0543,354.256,1.3305,49.7612,0.6262,8.2742,2.9415,0.1962,36.9177,0.1591,0.4984,0.0159,5.7738,57.8534
06/02/2026 07:00,1,B,0.4017,72.6575,0.6878,1.8315,0.0695,4.1401,12.464,2049.9242,31.1754,13.8708,1.7402,8.4378,15.8393,0.1579,14.0954,0.1317,1.9643,0.0267,1.1509,149.0276,0.7706,48.5828,0.5871,8.898,5.2858,0.1622,13.8643,0.1468,0.3483,0.0189,3.9071,56.3458
06/02/2026 19:00,2,A,0.3928,89.049,1.1199,2.9404,0.1443,4.5669,11.8635,1493.2467,37.0515,13.0702,4.0366,8.8613,12.6515,0.1572,13.8728,0.1097,2.011,0.0293,0.9483,230.6476,1.9408,51.8844,0.9099,8.5511,3.4391,0.1609,18.6307,0.2274,0.4319,0.0075,3.9163,56.8077
07/02/2026 07:00,1,B,0.4411,62.8206,1.6769,3.1393,0.1347,5.4895,8.5612,1298.3724,36.3961,15.1834,2.5794,8.2376,12.7543,0.185,16.8231,0.1827,2.6813,0.0392,0.9754,161.7458,2.0959,50.7811,0.7736,10.3899,4.0497,0.2014,19.1165,0.3293,0.6041,0.013,5.3406,51.0824
07/02/2026 19:00,2,A,0.6711,79.1413,1.3185,4.6966,0.2036,4.6173,8.9527,1603.4743,32.9258,15.517,4.5804,7.5938,9.0091,0.1555,11.9929,0.1583,3.9343,0.0524,0.3794,119.9564,0.7714,51.8019,0.8564,9.5849,2.0141,0.2189,17.632,0.2403,0.8528,0.0087,4.0902,48.8669
08/02/2026 07:00,1,C,0.6413,135.3953,2.2451,4.041,0.1117,4.9652,7.9907,3104.052,37.3512,10.5785,1.1546,6.5653,11.4343,0.2366,23.9278,0.1751,2.59,0.0224,1.0999,254.7905,1.7633,49.7489,0.6002,9.6454,6.758,0.2494,30.6651,0.2321,0.736,0.0124,4.3052,57.9478
08/02/2026 19:00,2,D,0.2661,90.4271,0.8887,2.6207,0.0957,4.5038,9.1662,3368.3775,36.8999,11.6285,2.1737,7.3402,9.9832,0.1034,15.8517,0.1353,2.4742,0.0284,0.8087,219.0894,2.0544,51.6183,0.8046,11.2562,1.7725,0.1219,24.0782,0.1875,0.1644,0.0053,4.2619,51.9331
09/02/2026 07:00,1,C,0.3172,71.5815,1.4137,3.8794,0.1291,5.2682,6.7638,1471.3241,41.5677,15.7943,2.6032,8.2727,7.3236,0.1366,18.8994,0.1833,3.5234,0.064,0.5258,154.3576,0.9273,51.5511,0.9005,11.1006,1.9421,0.1389,22.2899,0.2698,0.8646,0.0188,5.0435,
09/02/2026 19:00,2,D,0.5566,81.4669,1.6043,4.4827,0.1781,5.5289,9.0519,1793.4771,35.1658,16.9182,2.3864,8.4418,11.356,0.1749,20.4658,0.1982,3.5023,0.0605,0.7181,155.3806,1.5683,53.9715,0.9734,10.6688,1.9275,0.1911,21.8074,0.3094,0.6515,0.0177,5.3124,63.9652
10/02/2026 07:00,1,C,0.3732,87.5915,1.2325,3.1264,0.0582,4.7715,7.5249,2605.5223,35.3196,10.7394,1.7387,8.9422,18.5745,0.1707,23.3636,0.1894,2.8137,0.0392,1.3189,216.9068,1.709,52.0829,0.6508,8.4353,3.6112,0.1961,27.6036,0.2608,0.72,0.004,3.9945,
10/02/2026 19:00,2,D,0.3731,102.9736,1.2678,2.3631,0.1387,4.5538,6.7691,2496.6286,34.5116,9.4269,2.7298,6.6527,12.5088,0.1051,19.2842,0.1655,2.0904,0.0301,0.9336,286.9253,1.3726,53.1235,0.9084,10.0831,4.0765,0.1306,22.3325,0.2187,0.2807,0.0145,4.477,
11/02/2026 07:00,1,C,0.2813,65.4385,1.3747,4.7636,0.2013,4.9182,6.8055,1317.799,37.8168,11.4707,5.1246,8.7384,10.8253,0.1348,11.6304,0.3079,4.1467,0.0429,0.3982,76.0661,0.9218,55.479,1.0521,10.1625,1.3842,0.114,14.9205,0.3204,0.7253,0.0221,4.374,52.8745
11/02/2026 19:00,2,D,0.2757,63.6505,0.4794,1.7337,0.0357,4.1739,10.689,2832.5742,28.2347,11.564,2.7881,8.4299,14.8046,0.1163,9.1037,0.0893,1.2727,0.0274,0.6159,173.2264,0.9191,52.8991,0.8804,11.1332,2.1002,0.1122,13.5822,0.0944,0.251,0.006,3.9936,47.0196
12/02/2026 07:00,1,A,0.4902,66.4337,1.0405,2.4122,0.0728,4.903,12.1952,2256.2729,33.9939,10.9953,2.5977,8.7619,13.802,0.2121,11.7612,0.2428,2.0518,0.0169,1.5878,210.0837,1.0493,50.149,0.5117,10.1835,4.3631,0.2274,17.5621,0.2375,0.4573,0.0027,3.8779,47.8727
12/02/2026 19:00,2,B,0.5504,93.5169,2.1128,4.3428,0.2094,5.2412,10.17,1424.4992,37.4112,12.1462,3.5433,7.5935,12.5741,0.191,18.7186,0.208,3.6919,0.0483,0.9058,165.1722,2.0902,54.2874,1.1222,9.4199,1.8733,0.2191,23.418,0.3399,0.6086,0.0204,4.9516,58.0986
13/02/2026 07:00,1,A,0.3515,59.3336,1.2603,3.3565,0.1017,4.8172,8.9826,2158.2812,39.9346,10.2265,2.3328,7.5387,14.119,0.1108,11.093,0.1288,3.0112,0.0238,0.6395,135.8373,1.2394,52.1349,0.8373,9.8247,2.5333,0.1193,13.2225,0.2063,0.2281,0.0047,4.3627,58.2675
13/02/2026 19:00,2,B,0.3573,50.6255,0.7221,1.5632,0.0519,4.6765,12.4181,2195.5298,38.7961,14.6136,2.4448,7.7105,10.2356,0.1537,8.9052,0.3481,1.5225,0.022,1.3491,225.6814,1.9369,51.6744,0.7933,9.1069,2.4131,0.179,12.2568,0.2133,0.3466,0.0043,4.2256,53.5625
14/02/2026 07:00,1,A,0.2329,78.4233,0.7169,1.705,0.0638,4.5281,7.633,3249.3468,37.3487,12.6744,2.3346,7.8014,16.321,0.1099,21.6891,0.0938,1.4418,0.0238,1.3992,334.5504,1.7618,47.4406,0.8382,10.7291,7.684,0.1356,24.5486,0.1079,0.2157,0.004,4.2646,61.0742
14/02/2026 19:00,2,B,0.4674,118.3227,1.3517,3.3381,0.098,5.8158,9.5724,3198.7155,37.4289,12.0572,1.637,7.1807,14.6842,0.1308,26.3009,0.1697,3.6573,0.0684,0.4439,162.4518,1.4789,53.089,0.8696,10.9759,2.7444,0.1597,34.1764,0.2093,0.5411,0.0135,5.4065,53.7443
15/02/2026 07:00,1,D,0.3672,59.965,1.3048,2.2404,0.1277,4.551,10.9033,2020.2383,35.5044,9.3432,3.9141,8.2631,11.9305,0.143,10.5666,0.1929,2.1048,0.0446,0.5801,145.9119,1.2997,50.9863,1.1164,9.8712,1.7448,0.1594,12.9608,0.2899,0.291,0.0105,4.1316,58.6613
15/02/2026 19:00,2,C,0.2543,118.6705,0.814,1.5083,0.0634,5.0528,6.726,3065.7751,30.5729,12.2641,2.291,7.4471,17.6357,0.105,17.5654,0.0422,1.6058,0.0357,0.5742,178.0829,0.9741,51.4362,0.743,10.638,3.341,0.0991,24.4184,0.1101,0.2353,0.0067,4.4455,55.5016
16/02/2026 07:00,1,D,0.2849,80.1803,0.7382,1.8658,0.0542,5.1926,8.0353,4221.3147,36.6947,10.7791,1.7159,8.1386,14.2087,0.1287,22.664,0.059,1.5123,0.0256,1.3602,376.7456,1.4745,50.4399,0.5194,9.0944,4.8048,0.1594,26.7278,0.0908,0.3077,0.0113,4.3008,64.7178
16/02/2026 19:00,2,C,0.359,79.9981,0.7214,1.8769,0.0662,4.9434,9.2163,3095.0571,32.9049,14.5712,3.2108,8.8746,13.4709,0.1095,15.9939,0.1541,1.6601,0.0269,0.766,232.035,2.2602,50.756,0.6699,9.4861,3.9006,0.1347,20.664,0.156,0.2864,0.0004,4.2826,52.6578
17/02/2026 07:00,1,D,0.3646,76.0188,1.5407,3.1849,0.1122,5.0465,13.6141,1716.9025,35.0797,14.3865,2.9878,10.5557,11.6186,0.2197,17.695,0.2099,2.5888,0.0586,1.1184,200.4297,1.8935,52.0156,0.8219,12.0387,1.34,0.2119,25.806,0.3276,0.6762,0.0107,4.3373,59.0031
17/02/2026 19:00,2,C,0.1375,63.2298,0.8067,2.4421,0.0691,5.1406,5.828,1846.4423,28.8989,18.9838,2.0684,9.5436,11.8988,0.0946,19.7326,0.1254,2.0644,0.0279,0.7675,246.8719,1.9924,48.3983,0.7012,8.8135,5.8122,0.0833,23.2856,0.2027,0.4736,0.0111,5.0427,60.9047
18/02/2026 07:00,1,D,0.4526,104.5063,1.0959,2.3421,0.087,4.2644,7.8642,2944.2399,33.5416,10.9257,1.996,7.1903,16.5934,0.1666,18.3716,0.1107,1.5668,0.0315,0.8719,253.7679,1.5446,52.7998,0.8866,9.9555,2.9218,0.209,26.2342,0.1924,0.2344,0.0,4.3238,57.2197
18/02/2026 19:00,2,C,0.4783,71.9472,1.4661,3.3775,0.1449,5.3647,7.9996,1723.928,30.97,15.1934,2.527,9.3648,14.7849,0.1198,11.5605,0.2435,2.6498,0.0433,1.1243,156.2476,1.6223,46.576,1.1719,11.2695,4.9839,0.1638,14.1784,0.2945,0.7525,0.0248,5.2041,55.1151
19/02/2026 07:00,1,B,0.3718,79.4401,0.7272,2.1366,0.0626,5.15,10.2654,3515.9887,39.1304,11.2211,2.7179,7.1033,7.284,0.1671,14.6454,0.1299,2.2212,0.0355,1.395,282.6636,1.2199,52.8584,1.0718,9.7065,1.8086,0.1712,22.1561,0.1646,0.3368,0.0056,4.6826,52.0266
19/02/2026 19:00,2,A,0.7662,115.6847,2.7539,7.5952,0.2629,5.7444,9.8721,1825.0453,42.2845,15.8419,2.7191,6.9922,13.6775,0.1869,18.5906,0.3253,5.3863,0.1344,0.66,149.308,0.899,56.8794,0.8422,9.686,0.9538,0.2488,26.765,0.4862,1.047,0.0227,4.6427,56.8949
20/02/2026 07:00,1,B,0.3703,90.7184,1.3718,2.96,0.1129,4.5904,10.5396,2198.6001,36.3768,12.1264,2.8236,8.6086,12.8001,0.1719,18.3496,0.2414,2.4376,0.0413,1.1563,202.0414,3.0277,53.2145,0.9443,9.8178,3.3102,0.1855,24.756,0.2699,1.2412,0.0257,4.8331,59.0729
20/02/2026 19:00,2,A,0.5333,74.9383,1.8959,4.7714,0.093,5.8216,8.188,1474.5684,35.0636,11.8642,1.7966,8.4516,15.5361,0.1611,14.5267,0.346,3.5252,0.0501,0.7195,124.7494,1.7599,52.5131,0.6291,9.7376,2.9062,0.1854,18.0525,0.4176,0.7699,0.0117,5.077,57.0756
21/02/2026 07:00,1,B,0.3049,65.0614,0.9805,2.4405,0.0678,5.2495,9.3064,2145.6461,34.7225,13.5996,1.3599,7.6646,9.2121,0.1678,12.1027,0.1926,3.0004,0.0353,0.9776,167.4707,1.3982,51.9942,0.7426,9.9503,3.1111,0.1474,17.5169,0.2065,0.4314,0.013,5.0508,51.3617
21/02/2026 19:00,2,A,0.297,66.5787,0.6229,1.9006,0.0795,5.0425,6.0028,2169.1864,32.5798,16.414,3.1599,9.5886,9.5271,0.0867,13.7395,0.1264,1.6601,0.0259,1.2434,317.22,1.7982,49.0872,1.1207,10.6453,6.1586,0.1106,16.5415,0.1037,0.282,0.0152,4.7186,53.8263
22/02/2026 07:00,1,C,0.4516,92.5478,0.6179,1.5276,0.0881,5.1611,7.9128,2522.7999,30.4965,11.2661,2.6933,7.9368,12.6961,0.1035,13.2328,0.1122,1.5763,0.0275,0.5728,193.001,0.9815,52.2775,0.9438,10.3575,1.9178,0.1311,19.2684,0.1204,0.3707,0.0154,4.6701,56.9659
22/02/2026 19:00,2,D,0.397,91.9365,0.9518,1.97,0.0803,4.9678,10.7329,3915.0515,33.7163,15.0176,2.62,9.5918,13.9383,0.1321,20.001,0.2136,1.9329,0.0197,1.7086,315.5751,1.8025,50.4678,0.8479,11.945,3.0634,0.1495,23.48,0.2293,0.38,0.0137,4.2155,58.8251
23/02/2026 07:00,1,C,0.3619,84.7215,1.6486,4.4237,0.1326,4.4155,7.7861,1779.8762,29.2421,7.5662,3.1808,9.0584,21.4379,0.1593,18.0189,0.2873,3.1258,0.0464,1.1545,287.6868,2.7536,50.2381,1.0766,10.1553,3.673,0.1737,24.7029,0.3729,0.6211,0.0103,4.1803,53.1884
23/02/2026 19:00,2,D,0.3443,71.1276,1.1153,2.1068,0.084,3.7036,7.4488,2501.2496,36.8068,9.8496,3.4492,8.163,16.5901,0.09,11.3749,0.1494,1.7454,0.0248,0.8356,247.5746,3.0817,50.8247,0.9977,9.6484,3.2476,0.1399,16.19,0.1787,0.3017,0.0081,4.0011,61.2261
24/02/2026 07:00,1,C,0.1893,102.8516,1.2397,2.698,0.0972,5.435,5.6921,2582.3922,32.8596,12.7422,2.2531,10.1776,16.1677,0.0837,14.7141,0.0875,2.3789,0.0238,0.6164,295.8506,1.6718,48.6941,1.0721,10.3511,4.8671,0.0736,21.6903,0.1284,0.2918,0.0091,4.7347,53.4201
24/02/2026 19:00,2,D,0.4131,54.4893,0.8553,1.675,0.0618,4.8734,14.4715,2444.7299,40.19,9.3705,3.5429,7.0082,11.3334,0.1585,13.0388,0.2146,1.526,0.023,1.6629,242.7837,1.4623,52.5866,0.95,9.5,2.0874,0.2023,15.8409,0.2234,0.2146,0.0006,4.9612,52.4704
25/02/2026 07:00,1,C,0.4791,53.0328,1.566,4.7614,0.1945,4.8931,10.1724,1462.3364,38.5053,14.3207,3.7547,8.8685,9.971,0.2196,13.2229,0.3741,5.3217,0.0761,0.7724,133.9954,1.6014,51.2168,0.9514,11.2748,3.7953,0.2003,12.3561,0.3859,0.5645,0.0147,4.777,50.198
25/02/2026 19:00,2,D,0.1729,79.4325,0.5727,1.7657,0.0473,4.6182,4.7564,3678.1063,32.2857,13.481,1.6217,9.157,13.1934,0.0999,25.3887,0.1172,1.5016,0.0186,0.6158,443.2356,2.3973,47.2614,0.8987,8.2804,7.9149,0.0985,25.0264,0.1198,0.2223,0.001,4.3224,56.615
26/02/2026 07:00,1,A,0.3928,83.5532,1.2467,2.7258,0.1001,4.7634,8.325,2664.402,38.5603,12.351,2.3823,7.8061,14.5313,0.1652,13.6742,0.0786,2.184,0.0299,0.86,237.9722,1.748,51.5919,0.6323,9.6022,1.1787,0.1576,21.3767,0.1353,0.3918,0.0126,3.9905,60.2784
26/02/2026 19:00,2,B,0.1916,84.9519,0.5901,1.8604,0.028,4.7452,6.7672,4408.312,35.2513,14.8254,1.2783,8.7454,14.0296,0.0995,21.0401,0.1138,1.8457,0.0178,,,,,,,,0.1071,23.8468,0.126,0.4097,0.02,4.2791,55.903
27/02/2026 07:00,1,A,0.24,70.7259,0.8007,2.336,0.0606,3.8366,6.5452,2666.2792,37.5791,8.0612,2.1422,7.703,16.1118,0.0791,15.2999,0.0638,1.4609,0.0354,0.8762,272.429,1.0344,48.4184,0.872,8.3832,3.2962,0.1049,18.8454,0.1506,0.4017,0.0162,3.0748,55.4529
27/02/2026 19:00,2,B,0.4192,58.7311,1.4973,3.8789,0.1356,5.2402,7.4406,1737.2769,38.5136,7.4045,1.8091,6.6972,16.3032,0.1084,19.1061,0.2777,3.5768,0.0609,0.9443,159.463,1.6182,52.2639,0.633,8.6448,2.6048,0.1468,22.1919,0.3113,0.6661,0.0191,3.9575,63.2881
28/02/2026 07:00,1,A,0.2742,98.4293,0.6096,2.4292,0.1119,4.3003,8.7326,2806.0977,37.7658,10.3001,3.919,8.1241,12.893,0.1048,21.1467,0.1112,2.2321,0.0537,0.7522,188.7747,1.7063,53.2674,1.0809,10.9241,0.9756,0.1203,23.7236,0.1221,0.4455,0.0121,4.0774,48.2183
28/02/2026 19:00,2,B,0.7975,98.4352,1.9919,3.9774,0.1541,4.7288,12.012,1409.0864,33.855,12.088,1.5108,8.6276,13.912,0.2768,18.5791,0.3652,3.0542,0.0381,1.007,114.0428,2.8991,50.0233,0.734,11.8944,4.0222,0.3129,26.2941,0.3121,0.6204,0.0222,4.2734,57.9058
01/03/2026 07:00,1,D,0.5669,87.1463,1.6495,2.6561,0.1644,4.8472,9.2519,1857.5208,34.2218,13.029,2.4725,8.6368,21.7112,0.1955,13.5737,0.1306,2.1026,0.0419,1.9272,209.6024,2.629,46.294,0.918,9.3964,5.8641,0.2017,18.0499,0.2204,0.3076,0.0185,4.2376,55.0452
01/03/2026 19:00,2,C,0.4387,88.7144,1.367,2.1278,0.048,6.1832,8.6429,2320.3558,35.5333,16.2603,1.4366,8.2005,12.8106,0.1401,21.674,0.178,1.8768,0.0227,1.4053,303.8721,2.5846,48.1132,0.7331,9.7172,4.0447,0.1795,28.2881,0.2557,0.4859,0.0131,4.9875,55.1209
02/03/2026 07:00,1,D,0.2412,66.5411,1.005,2.7716,0.0996,4.6913,7.0004,2061.4228,33.4514,10.9808,2.0293,8.5338,18.8533,0.1096,15.639,0.1577,2.2026,0.035,0.7772,177.9202,0.7763,52.1161,0.8347,9.4046,2.9047,0.1044,17.8412,0.2124,0.791,0.0128,4.5079,52.2881
02/03/2026 19:00,2,C,0.2729,97.8957,0.4639,1.2843,0.0651,3.791,10.7946,4800.5455,32.9979,12.581,3.5551,10.4052,12.2743,0.0642,14.0454,0.0615,0.8706,0.0223,1.1838,378.8297,1.5578,48.4758,1.1758,8.8803,3.2374,0.0948,21.7349,0.0946,0.1806,0.0054,2.8975,55.3821
03/03/2026 07:00,1,D,0.4884,76.2052,1.1781,2.1666,0.0833,5.2279,10.3747,2538.5994,33.065,13.2978,1.9867,7.4924,17.6038,0.1441,14.6105,0.2214,2.2768,0.0298,0.9009,207.0914,1.2549,54.3906,0.8283,9.3525,3.3062,0.1806,19.3591,0.2757,0.3385,0.0116,4.9115,54.1524
03/03/2026 19:00,2,C,0.274,77.3117,0.8553,2.3552,0.0542,5.0532,6.186,2518.539,27.5785,13.9599,1.2959,7.4093,16.1839,0.1681,22.1762,0.0885,2.0681,0.0274,1.3457,226.3421,0.8173,53.112,0.597,10.5522,2.8688,0.1644,23.5774,0.1694,0.4147,0.0141,4.8272,57.6787
04/03/2026 07:00,1,D,0.3715,115.6663,1.7326,3.3556,0.0839,5.2497,7.0523,2483.2893,31.4469,11.2796,1.1857,5.2384,17.8814,0.1926,23.2652,0.1945,3.3245,0.0326,1.1352,187.5833,1.2501,48.5084,0.6632,8.9659,7.5416,0.1698,27.9351,0.3148,0.5271,0.0016,4.7271,53.7338
04/03/2026 19:00,2,C,0.4208,57.4538,1.2737,2.2974,0.0886,5.7711,10.2573,2357.216,38.7108,15.1628,2.5261,8.3082,10.5981,0.1902,15.2675,0.1757,1.4908,0.049,0.8321,221.5078,2.2847,48.8595,0.834,9.083,5.5655,0.2036,18.8606,0.2634,0.3851,0.0205,5.4809,
05/03/2026 07:00,1,B,0.4865,84.1989,1.236,2.795,0.1279,5.3099,10.2205,1516.3592,31.2476,15.5143,2.4228,7.89,19.5635,0.1721,18.0172,0.149,2.544,0.0592,0.8073,237.1324,1.5524,46.5677,0.8226,10.5127,7.8302,0.2011,21.8385,0.1709,0.5051,0.0065,4.9472,60.4177
05/03/2026 19:00,2,A,0.1298,117.6279,0.7681,1.2888,0.0369,3.7674,4.3462,5767.709,34.0509,12.8527,1.7194,7.7449,17.6129,0.0675,20.8099,0.1202,1.1563,0.001,0.5961,304.5875,1.158,50.9661,0.6715,9.3919,2.3663,0.0693,30.3812,0.1607,0.2476,0.0054,3.4696,57.2188
06/03/2026 07:00,1,B,0.2221,97.4814,1.3117,2.9238,0.1108,4.2483,10.2063,3118.3537,35.0303,11.0159,2.7267,8.0337,10.244,0.1202,19.5907,0.1991,2.3458,0.0557,0.9524,367.2587,2.9522,48.4532,0.8805,8.1174,3.092,0.1005,27.4579,0.2449,0.4202,0.0211,4.0538,55.302
06/03/2026 19:00,2,A,0.3474,107.0437,2.141,4.0103,0.1016,5.0597,10.1573,2136.8171,37.5024,11.3233,1.267,5.3128,10.6648,0.138,17.1103,0.2161,3.9713,0.0376,0.667,190.8576,1.4885,53.3944,0.6809,7.3417,3.8364,0.1337,22.3539,0.3585,0.7697,0.0259,4.5422,51.4932
07/03/2026 07:00,1,B,0.4931,87.7175,1.2498,2.8236,0.1529,4.063,12.7183,2572.4633,37.2387,11.1379,3.5874,8.2679,16.4366,0.1445,16.4561,0.3372,2.7467,0.0921,0.8335,198.6511,2.5159,48.92,1.0148,7.9953,4.8509,0.176,23.8254,0.4384,0.4592,0.0245,3.9894,
07/03/2026 19:00,2,A,0.4193,64.733,0.5701,1.4167,0.1137,3.6995,9.6261,1810.8285,28.0848,12.9308,5.6368,10.7992,21.3945,0.1253,11.1903,0.1229,1.6169,0.0222,0.9056,170.6164,0.7539,53.05,1.4218,10.2411,3.8638,0.1492,13.695,0.1025,0.0827,0.0023,3.9554,55.1771
08/03/2026 07:00,1,C,0.8282,88.7562,1.6016,4.5336,0.1834,4.5974,14.1239,1911.548,40.8841,10.3763,4.3414,7.7299,9.7513,0.2326,16.0424,0.2277,4.2561,0.0707,0.8371,127.0757,1.1987,49.4366,0.8191,10.193,3.2132,0.3283,24.2788,0.3607,0.7929,0.0242,4.2404,54.8795
08/03/2026 19:00,2,D,0.1666,69.7681,0.3581,0.7539,0.03,4.4647,7.5675,6444.2945,38.7193,8.9878,2.9982,7.8869,7.7297,0.0593,17.8468,0.1135,0.6855,0.0192,0.782,505.9862,3.696,46.8828,1.08,9.1525,2.758,0.1073,20.8576,0.0823,0.2147,0.015,3.7387,56.5057
09/03/2026 07:00,1,C,0.4431,102.5868,0.9182,2.2851,0.0892,4.2743,10.2853,2148.1996,34.1612,10.6396,1.6917,8.0651,19.5749,0.1631,17.0317,0.1334,1.8085,0.0241,0.9584,238.6063,1.7723,51.8438,0.818,7.8455,1.8816,0.1878,22.7891,0.15,0.3708,0.0,3.2027,52.6321
09/03/2026 19:00,2,D,0.4235,66.09,1.2764,3.1287,0.1393,4.5418,6.9677,2116.1472,39.4671,10.9797,3.3865,8.0278,12.748,0.1058,14.4786,0.1726,2.7705,0.0418,0.6211,221.3978,1.2879,50.5142,1.0844,10.1211,3.8292,0.1552,16.7117,0.2617,0.509,0.0155,4.1988,54.9033
10/03/2026 07:00,1,C,0.1535,69.6564,0.8591,1.772,0.0516,5.0249,7.8005,3700.8628,39.3966,11.5024,2.6337,8.2682,15.0793,0.0856,11.2056,0.1078,1.7291,0.0193,0.8605,222.026,1.7814,53.0699,0.8755,11.0542,2.1976,0.0686,16.8707,0.1597,0.3294,0.0049,4.5656,51.146
10/03/2026 19:00,2,D,0.5001,82.378,1.7699,3.7245,0.1216,5.9916,7.9337,1269.7424,41.301,14.9224,2.3229,7.9681,12.3039,0.1969,15.628,0.204,3.3504,0.0529,0.8656,169.0532,1.3135,53.5213,0.7261,9.9081,2.7823,0.2291,20.1046,0.2347,0.4395,0.0144,4.9174,54.4001
11/03/2026 07:00,1,C,0.291,55.6606,0.7054,1.7542,0.0533,5.4774,10.5682,2652.4958,33.8787,14.1401,2.4224,9.6701,12.9175,0.1214,13.7986,0.275,2.3448,0.016,0.8764,226.0718,1.7319,53.2107,0.8336,10.3026,3.1478,0.1494,17.8203,0.2567,0.2293,0.0015,5.0512,
11/03/2026 19:00,2,D,0.463,107.0607,1.4234,2.5787,0.0562,4.5533,6.5586,2372.1453,41.2177,9.869,0.7846,5.1966,17.7736,0.1382,16.5715,0.1392,2.4895,0.0231,0.8495,241.3138,0.9056,53.7615,0.4944,9.9361,5.3243,0.1629,23.4626,0.1912,0.2903,0.0,3.2227,60.9613
12/03/2026 07:00,1,A,0.4851,94.3099,1.4829,4.7678,0.1352,5.823,10.1213,2874.4114,39.3574,13.4782,3.1968,6.8112,11.8382,0.2034,20.1119,0.1418,4.8948,0.0458,1.1451,224.3352,0.7914,51.9471,0.633,10.4118,2.8328,0.2257,24.0532,0.1822,0.7129,0.0107,4.7519,49.9221
12/03/2026 19:00,2,B,0.2583,85.6326,0.9468,2.1622,0.093,4.1687,11.6251,3126.7469,30.4241,11.8716,2.5374,7.5318,15.8043,0.1256,14.5647,0.128,2.1434,0.0195,0.771,215.7285,1.3097,51.2969,0.7583,9.2908,2.4952,0.1128,18.5048,0.1725,0.3616,0.0112,3.9651,53.2149
13/03/2026 07:00,1,A,0.6241,79.7638,1.3402,2.3858,0.116,4.91,12.9524,1754.3854,34.6541,10.8256,2.2077,8.3263,16.7321,0.2269,13.4196,0.1466,2.4015,0.035,1.075,113.3454,1.6599,55.6472,0.7457,9.7327,1.8127,0.2163,20.5345,0.2051,0.3152,0.0047,4.5598,48.761
13/03/2026 19:00,2,B,0.2632,88.9614,1.534,3.365,0.1829,5.1076,8.3444,2102.8872,36.1041,15.0831,4.5846,10.8497,11.0768,0.113,17.079,0.2283,2.7563,0.056,0.6603,278.4853,1.6035,53.6942,1.4471,12.1212,1.0996,0.0982,20.3381,0.3036,0.4284,0.02,4.5797,49.2322
14/03/2026 07:00,1,A,0.5608,71.1838,1.1488,2.1936,0.15,4.4793,14.4057,2321.9521,35.2809,5.3363,4.9416,7.6931,15.9597,0.1884,15.7483,0.2078,1.8979,0.043,1.5651,222.1981,1.4941,54.7154,0.7978,8.1693,1.0414,0.1868,19.6013,0.2041,0.2937,0.0144,3.5821,52.5667
14/03/2026 19:00,2,B,0.3524,76.0275,0.9987,1.5882,0.0541,4.0274,7.2268,2582.7512,36.9577,11.2848,2.1184,6.7254,14.627,0.1936,17.3519,0.0972,1.4701,0.0139,1.2903,213.5759,1.8179,57.0973,0.7599,7.1854,1.45,0.2032,20.6491,0.1583,0.2509,0.0018,3.7997,59.8149
15/03/2026 07:00,1,D,0.3016,78.0814,1.5376,2.2398,0.0639,5.1139,4.891,1932.6793,37.798,11.2852,0.8826,5.8323,19.738,0.1362,18.3009,0.1086,2.1518,0.019,0.8523,210.117,1.1041,53.312,0.4633,8.8957,2.3065,0.1428,24.661,0.2672,0.3695,0.0009,4.5166,60.546
15/03/2026 19:00,2,C,0.4372,88.5901,0.6605,1.9501,0.1009,4.0169,11.1772,4073.9087,37.7244,15.1714,4.0136,9.3139,7.4376,0.1194,20.8177,0.0945,1.4547,0.0352,1.0524,268.6569,1.8883,50.9715,0.9455,8.9757,2.6765,0.1566,22.5224,0.1228,0.2055,0.0055,4.1999,54.6207
16/03/2026 07:00,1,A,0.4175,83.3501,0.3862,0.94,0.0485,3.813,15.6757,3711.9365,36.6943,8.1003,1.7486,8.1451,14.4095,0.1663,15.1245,0.1156,1.1249,0.0245,2.0537,284.7679,1.2515,51.7062,0.5616,8.3174,2.7413,0.1719,22.6997,0.0818,0.1024,0.0,3.4522,53.9919
16/03/2026 19:00,2,B,0.5833,86.6585,1.081,2.0865,0.1373,4.6972,16.6101,2901.889,37.5116,13.4562,4.3896,8.4511,11.1309,0.1504,13.7899,0.1991,1.9293,0.0444,1.2646,255.5074,1.3356,52.6167,1.156,9.2016,2.3537,0.1831,19.6524,0.244,0.265,0.0088,4.9671,47.3195
17/03/2026 07:00,1,A,0.2511,88.4773,0.4648,1.8564,0.054,4.1937,8.1536,2895.2588,30.099,16.4218,1.8711,8.9294,15.0697,0.0903,17.8334,0.0276,1.3161,0.0245,0.7121,297.4748,1.0651,51.1256,0.779,9.1512,4.6852,0.118,22.7245,0.0695,0.2337,0.016,3.4664,61.029
17/03/2026 19:00,2,B,0.6344,129.2958,1.3839,3.383,0.1151,5.3762,12.736,3131.9215,38.8294,11.898,2.7908,7.1328,12.3774,0.213,27.4974,0.0974,3.1119,0.0533,1.0707,301.895,1.3818,50.0476,0.8029,8.7644,4.0296,0.2139,29.6646,0.1788,0.5056,0.0141,4.747,53.5729
18/03/2026 07:00,1,A,0.1378,68.6501,0.5444,1.6737,0.0629,4.0533,5.3037,2325.265,30.7158,10.5394,1.8817,9.1842,19.3734,0.1223,20.2442,0.0951,1.4986,0.0275,1.2179,280.9395,2.1901,51.0691,0.6926,8.4544,3.0687,0.0794,20.8705,0.156,0.2601,0.0111,3.6234,60.5198
18/03/2026 19:00,2,B,0.3694,91.0408,0.9088,1.7113,0.117,3.7913,10.6049,1941.7362,34.5394,12.1963,3.8544,9.7503,11.6241,0.1305,14.9944,0.207,2.1065,0.037,0.8958,152.6686,2.1758,50.6074,1.075,10.681,4.0402,0.1389,20.8247,0.2411,0.3179,0.0111,3.0974,52.9885
19/03/2026 07:00,1,C,0.4082,97.3973,0.8004,3.4121,0.1311,4.2371,9.1554,3192.7705,33.4935,11.624,3.4476,7.2682,15.9804,0.1464,12.9677,0.135,2.5836,0.0286,0.5607,145.2563,0.7914,51.919,1.0527,11.4069,2.8718,0.1918,20.2196,0.1324,0.4944,0.0182,4.0314,48.3477
19/03/2026 19:00,2,D,0.2397,50.1361,1.2405,2.4768,0.1102,4.999,6.49,1778.9257,34.534,12.8019,2.7741,9.7913,21.6241,0.0985,15.7844,0.1217,2.2821,0.0466,0.8089,189.5912,1.6266,47.7507,0.9404,11.0211,7.9218,0.0972,16.8285,0.2207,0.5037,0.0214,4.2083,52.3482
20/03/2026 07:00,1,C,0.7616,92.6762,1.0773,2.0571,0.0662,5.3664,14.727,3579.4406,35.4548,13.8109,2.7524,8.8784,13.5116,0.2144,18.5192,0.0875,2.0877,0.0191,2.0331,408.9027,3.3759,49.7829,0.7724,9.2157,3.8067,0.2333,20.4941,0.1635,0.3651,0.0141,4.5557,60.0533
20/03/2026 19:00,2,D,0.273,69.1574,0.8318,2.4226,0.0851,4.3468,8.6674,2332.8709,40.3553,14.6894,1.6469,7.5591,10.7493,0.1287,16.7922,0.1745,2.104,0.0357,0.7929,189.3648,1.6107,50.1906,0.701,9.0001,4.1138,0.1387,19.9497,0.1884,0.5128,0.0124,4.3135,56.4403
21/03/2026 07:00,1,C,0.243,106.3544,1.2713,3.3403,0.1072,4.8486,5.3823,2642.8643,35.7084,14.9791,2.5963,8.937,18.7115,0.1442,24.1152,0.1308,3.2929,0.068,0.8446,216.6707,0.9586,53.5529,0.8545,9.7517,2.2939,0.1197,30.2999,0.1555,0.6178,0.0176,4.727,49.5962
21/03/2026 19:00,2,D,0.2756,77.6402,1.3943,3.1545,0.1098,4.7833,6.5732,1980.9144,34.5887,14.7214,2.5482,7.8957,14.1709,0.126,11.8162,0.1531,2.183,0.0295,0.8838,147.9234,1.5366,46.37,0.7378,8.3397,3.5754,0.1377,16.3032,0.2361,0.4169,0.0141,4.2442,49.1983
22/03/2026 07:00,1,A,0.3894,116.3059,1.1694,2.9942,0.112,4.8262,6.3389,2155.7597,34.3313,12.875,2.8725,8.3095,19.3588,0.1473,17.5116,0.1892,2.8544,0.044,0.565,197.2082,1.4996,52.593,0.9007,9.6576,5.5948,0.1712,29.6567,0.2221,0.3366,0.0168,4.6113,57.3117
22/03/2026 19:00,2,B,0.5732,121.6324,1.4918,3.0167,0.1431,4.2829,8.3011,2315.4031,37.4986,9.985,2.1046,7.7198,15.1317,0.1594,20.0536,0.1692,2.6177,0.0708,1.0471,174.0181,0.9501,52.6191,0.9965,9.1213,1.7776,0.1928,26.711,0.2397,0.5097,0.0329,4.3996,52.7993
23/03/2026 07:00,1,A,0.2819,72.2573,1.1354,3.5238,0.1288,5.3098,7.3464,2497.4281,38.2244,13.6502,4.2953,9.0907,11.2047,0.1026,13.4787,0.1126,2.0164,0.0501,0.4958,179.1037,0.9557,49.959,0.825,10.3003,5.2391,0.1242,19.9016,0.1472,0.5671,0.023,4.7487,58.9834
23/03/2026 19:00,2,B,0.2962,66.0856,0.9668,2.1397,0.0627,3.7219,8.0345,1276.9656,25.3904,9.6734,1.6031,7.5226,30.7587,0.0704,11.2641,0.0785,2.2914,0.0238,0.8708,151.3621,1.7622,48.201,0.7195,9.362,13.1295,0.1003,16.3025,0.1068,0.2715,0.0167,2.4743,57.8121
24/03/2026 07:00,1,A,0.4479,108.9275,1.8737,3.2485,0.1358,4.1439,10.1692,2566.7554,38.1154,12.0702,1.6208,6.3232,16.1421,0.1438,18.4403,0.1968,2.8734,0.0379,0.7277,206.5502,1.9039,50.164,0.6619,8.4053,2.9917,0.1532,23.6033,0.3337,0.5375,0.018,3.6097,55.0767
24/03/2026 19:00,2,B,0.1669,83.2836,0.6572,1.1744,0.022,3.8197,7.0717,4039.8037,31.8448,10.1931,1.5756,9.1226,16.2394,0.098,18.0896,0.0946,1.2812,0.0199,1.0413,272.1696,1.2549,49.999,0.9522,9.6467,3.4952,0.0864,21.9034,0.1374,0.2044,0.0039,3.2431,54.2431
25/03/2026 07:00,1,A,0.3217,68.9163,1.0661,2.6282,0.0978,5.0964,9.0346,2161.0643,32.397,14.1537,3.1538,10.2611,18.0565,0.1075,16.3766,0.1447,1.9022,0.0407,0.7303,191.0756,2.2577,48.2369,1.0203,10.2843,2.796,0.1287,16.7007,0.2242,0.8485,0.0216,4.0739,50.6504
25/03/2026 19:00,2,B,0.2255,95.8611,1.2358,2.5848,0.0483,4.1833,4.684,3729.6364,35.1344,8.8377,1.1594,7.5436,16.2222,0.0815,16.9858,0.1099,2.2312,0.0227,0.7086,272.6245,1.9065,53.658,0.831,9.2783,2.7023,0.1082,22.5642,0.1872,0.4826,0.0036,3.9571,54.5354
26/03/2026 07:00,1,C,0.3469,52.2914,0.8998,2.0818,0.1111,4.7281,12.3114,2264.7343,38.4121,8.7748,2.7934,9.0574,12.3719,0.1528,8.9064,0.0849,2.5248,0.0364,0.8657,132.4625,1.7422,54.0734,0.9163,8.556,1.0479,0.1623,11.87,0.1388,0.2587,0.0125,4.2425,58.0255
26/03/2026 19:00,2,D,0.243,78.7821,2.048,4.0048,0.1578,4.9851,4.4791,2265.254,46.6026,11.7405,1.556,6.51,12.5683,0.1653,18.4489,0.3019,3.8472,0.0645,0.5973,200.6612,0.9304,49.865,0.6752,9.2722,2.8221,0.1372,23.0408,0.3831,0.7933,0.0143,4.3706,59.5546
27/03/2026 07:00,1,C,0.5638,71.6335,1.8699,3.7952,0.1032,5.3905,7.9561,1381.6289,35.816,11.5761,1.5643,8.6081,17.3928,0.156,8.4048,0.1503,2.8557,0.0386,0.5155,116.5618,1.298,52.2478,0.7213,10.1741,3.1849,0.1642,13.8135,0.2606,0.6801,0.0081,5.1267,63.5594
27/03/2026 19:00,2,D,0.4667,70.7219,0.8218,2.7381,0.1037,4.2955,10.0762,2481.591,29.6255,13.516,3.1135,10.3387,14.7497,0.1653,16.3846,0.1806,2.4412,0.0622,1.0302,255.4947,1.7889,48.7453,0.9128,9.1688,5.1325,0.2025,20.0518,0.2263,0.3398,0.0169,4.0762,50.4206
28/03/2026 07:00,1,C,0.3227,98.3152,1.3364,2.9329,0.1195,4.8379,9.24,3167.5186,42.3899,14.5612,2.5239,7.8177,7.921,0.0647,10.324,0.2999,1.6594,0.0508,0.7739,260.6881,2.9415,49.5192,1.249,9.0371,2.627,0.0978,15.7696,0.3482,0.9244,0.0169,4.3219,48.441
28/03/2026 19:00,2,D,0.6655,79.8831,1.3643,2.8015,0.0805,6.0239,11.4303,2080.267,36.0842,13.4907,1.1487,7.3798,13.0322,0.2339,18.3475,0.1513,2.2497,0.0208,1.4254,229.5187,1.8499,49.8672,0.6355,8.1933,4.2674,0.2512,21.1033,0.2082,0.5243,0.0132,5.2238,58.8131
29/03/2026 07:00,1,B,0.2088,97.5698,1.3498,2.567,0.0655,5.2228,5.1364,3372.0241,44.2482,12.0623,1.191,5.7361,14.6153,0.1246,20.6004,0.2441,2.533,0.0364,0.6893,271.9908,1.7146,49.1987,0.7587,11.2011,3.8356,0.1123,24.6875,0.3257,0.5033,0.007,5.3154,53.9321
29/03/2026 19:00,2,A,0.6517,82.4588,1.9088,3.8339,0.1496,6.0217,10.1782,2063.9703,36.5037,16.6466,2.3958,7.5581,12.9655,0.1878,14.7171,0.205,2.9183,0.034,1.0664,185.3459,1.158,54.2638,0.7006,8.8486,2.8974,0.2072,18.6976,0.3062,0.6222,0.0152,5.1097,52.23
30/03/2026 07:00,1,B,0.5944,153.0585,1.3409,2.5454,0.0693,5.4553,14.7602,3698.6329,34.156,15.2194,1.7365,6.9592,19.1556,0.202,25.9374,0.1773,2.5085,0.0203,1.3645,443.4129,1.5843,54.6937,0.6226,7.627,2.2328,0.2186,36.1453,0.2562,0.5833,0.0111,5.3508,53.0395
30/03/2026 19:00,2,A,0.4913,84.9178,1.8415,6.7578,0.203,6.1366,11.8924,1564.6654,43.1201,10.4649,3.2847,7.4017,5.9576,0.1262,22.0965,0.2254,6.3245,0.1038,0.5721,141.2422,1.4587,52.9491,0.9554,8.7836,1.5334,0.1484,27.6304,0.3235,1.513,0.0288,5.0389,51.3916
31/03/2026 07:00,1,B,0.399,71.4673,0.8753,2.1629,0.0805,4.3001,10.4499,1883.0116,30.0132,10.8996,2.1795,7.886,18.4223,0.1312,11.8637,0.0693,1.6512,0.0252,1.1152,215.9866,1.0777,49.4776,0.7777,9.3749,5.9831,0.16,15.3622,0.0991,0.3216,0.0104,3.4937,58.1236
31/03/2026 19:00,2,A,0.2819,112.5718,1.0729,2.3617,0.0438,4.8698,,,,,,,,0.1413,26.4319,0.115,2.3084,0.0264,0.8057,353.7162,1.4024,49.9042,0.4806,8.9622,4.3762,0.1432,31.4652,0.1214,0.4133,0.0039,4.0164,58.1723
01/04/2026 07:00,1,B,0.4712,65.254,0.9758,2.6716,0.0967,4.3291,10.582,2036.8859,39.374,5.0177,5.4517,9.3045,12.9993,0.152,14.1083,0.151,2.2321,0.05,0.9699,156.6176,1.6094,50.7978,1.0911,11.3303,2.6412,0.1514,15.769,0.185,0.4642,0.0178,3.7601,51.7083
01/04/2026 19:00,2,A,0.2908,58.9096,0.8676,2.6098,0.108,5.1918,8.6333,1933.6532,38.0553,13.3041,2.8465,7.8088,10.0092,0.1303,14.5992,0.182,2.3416,0.0525,0.7307,241.7631,1.5425,50.7301,0.9013,10.387,2.5882,0.128,18.007,0.2035,0.3864,0.0123,4.4524,54.7795
02/04/2026 07:00,1,D,0.2254,90.7886,0.7944,1.9247,0.0286,4.2319,5.0541,3619.0864,35.3901,13.272,1.8389,7.0729,18.4113,0.102,27.6219,0.1171,1.3054,0.0085,0.9543,519.9023,2.6423,49.2456,0.5701,8.8446,5.8549,0.1241,32.4059,0.1769,0.3543,0.0,3.8085,54.4544
02/04/2026 19:00,2,C,0.3085,53.6888,0.5708,1.6052,0.0794,4.6083,12.2489,1948.1317,30.3811,12.054,3.4336,8.8997,17.6953,0.0921,11.4818,0.0912,1.255,0.031,0.7833,242.7623,1.0874,51.9366,0.8499,9.0674,2.8851,0.1346,14.1019,0.1014,0.2102,0.0065,3.9862,55.5373
03/04/2026 07:00,1,D,0.3181,67.1245,0.77,1.7552,0.0914,4.0329,9.612,2331.5492,32.4064,14.3205,3.2536,9.6057,11.8046,0.0994,15.4465,0.1151,1.246,0.021,1.088,214.3374,2.9103,45.2437,1.1549,10.9769,4.9123,0.1254,18.5297,0.1635,0.2021,0.0037,3.5601,55.7929
03/04/2026 19:00,2,C,0.5993,118.4274,2.0943,3.9554,0.0807,5.5937,8.6118,2377.6622,35.8654,14.6089,1.6648,7.3887,14.4844,0.226,35.6823,0.4359,4.1084,0.0454,0.9085,160.1559,1.0012,52.7616,0.5856,9.3276,2.7434,0.2521,40.2071,0.3831,1.295,0.0153,5.236,55.7147
04/04/2026 07:00,1,D,0.2117,78.8756,1.1026,3.3894,0.1522,4.7,8.2205,2442.3003,36.6169,9.342,3.5652,8.3016,16.2921,0.0901,16.0618,0.2349,2.9786,0.0517,0.5575,223.2428,0.9844,50.1669,0.9528,9.6053,2.9146,0.0772,19.262,0.1984,0.9683,0.0161,4.6145,49.1744
04/04/2026 19:00,2,C,0.2903,61.3685,0.7227,2.3487,0.0731,4.9258,12.3033,2095.3766,35.1491,11.3633,2.4827,7.6497,13.5214,0.1395,20.9364,0.0947,1.7875,0.0357,1.4144,287.5702,1.8503,51.497,0.8344,11.5828,2.9189,0.1466,26.8037,0.1247,0.4765,0.014,4.8202,54.5392
05/04/2026 07:00,1,A,0.3497,95.3737,0.8496,1.3842,0.0852,3.4944,11.0304,2951.043,32.7819,14.4989,2.3098,9.0608,15.5416,0.0956,23.4962,0.1247,1.8586,0.0352,1.1109,326.5651,2.1776,50.8407,0.8986,9.4707,2.474,0.1348,25.6894,0.1573,0.359,0.0232,3.7644,57.7688
05/04/2026 19:00,2,B,0.1804,62.1309,0.5569,1.8926,0.0341,4.3824,6.487,3105.3261,31.7042,14.7564,1.2804,8.3398,13.0707,0.1139,18.4803,0.1445,2.1146,0.0308,0.6138,201.1144,0.9467,53.7393,0.9762,9.972,2.9735,0.1115,24.0189,0.2295,0.6101,0.0066,3.9535,54.344
06/04/2026 07:00,1,A,0.2474,53.8678,0.9861,2.9126,0.0922,4.6551,4.8141,1314.2038,31.6473,11.3313,2.1784,6.7961,15.8386,0.0635,6.9866,0.082,2.5182,0.032,0.5312,110.3375,0.9424,54.7124,0.9213,8.8089,1.5337,0.0788,11.7874,0.1637,0.3164,0.0138,4.1578,54.2146
06/04/2026 19:00,2,B,0.56,59.3455,0.9185,1.4111,0.0651,4.2324,19.3276,1651.898,39.9802,12.5392,2.6736,6.3064,11.8328,0.149,8.2564,0.0945,1.243,0.0219,1.3644,151.7845,1.9161,52.8048,0.7995,9.6276,1.3593,0.1734,13.2654,0.1568,0.223,0.0137,3.0948,53.3652
07/04/2026 07:00,1,A,0.3042,118.6383,0.9621,2.1531,0.1231,4.2164,6.0231,3536.5314,31.5971,13.2967,3.9613,9.9542,13.0244,0.0868,14.6829,0.1561,1.7293,0.0187,0.7974,260.6543,0.9377,50.682,1.1638,10.1186,1.8107,0.1133,21.5479,0.207,0.2274,0.0,3.7882,53.7606
07/04/2026 19:00,2,B,0.4366,87.5754,1.0982,3.2139,0.133,5.2111,6.1942,2280.2382,31.7356,11.1691,2.5974,7.5882,18.5257,0.1461,14.6493,0.1539,3.0911,0.0492,0.7368,170.8755,0.6526,54.3048,0.7574,10.4298,1.4333,0.1791,19.1387,0.2067,0.7093,0.0141,4.9769,
08/04/2026 07:00,1,A,0.153,80.1156,0.8415,1.8218,0.0565,4.4603,4.1583,3071.361,34.3402,12.037,1.7355,7.7872,17.6823,0.0869,18.1455,0.0484,1.2842,0.0136,0.9007,298.1147,1.6482,51.7237,0.7619,10.6189,5.309,0.0663,23.0639,0.1267,0.2116,0.0,4.0681,61.4795
08/04/2026 19:00,2,B,0.2353,73.0055,0.779,1.7874,0.06,4.8802,13.5593,3085.1852,35.7481,12.8215,2.3477,9.0929,9.8763,0.1191,13.8089,0.0912,1.671,0.0207,1.1936,310.1874,2.4557,48.0161,0.806,8.7667,4.7184,0.1207,18.9659,0.1297,0.32,0.0154,4.3929,53.8685
09/04/2026 07:00,1,C,0.5911,75.5864,1.3611,3.5492,0.16,4.2429,15.1871,1893.7763,36.0151,9.4195,3.2346,9.0243,10.6472,0.2121,16.3636,0.2256,3.2403,0.0818,1.2006,152.9501,1.9275,52.8586,1.1206,9.8644,1.6736,0.2007,18.8874,0.3143,0.9306,0.0327,4.0214,49.3897
09/04/2026 19:00,2,D,0.3721,75.9089,2.0085,4.3386,0.1282,5.1141,7.9009,1565.2052,38.5508,9.7056,2.1784,6.9848,10.5993,0.1898,26.4015,0.3375,3.96,0.0607,0.7776,231.4852,2.608,50.0908,0.8922,8.7201,3.0951,0.2273,36.6726,0.475,0.8116,0.0254,4.3205,59.0706
10/04/2026 07:00,1,C,0.2388,70.8444,1.1341,3.113,0.066,5.3497,6.0489,2727.9191,39.6196,13.1556,1.1938,8.5871,11.9549,0.1232,18.17,0.1953,2.2992,0.0298,0.6958,197.3707,0.7617,55.1135,0.7279,9.4884,2.104,0.1198,22.5679,0.1793,0.8354,0.0009,4.8161,53.783
10/04/2026 19:00,2,D,0.4766,68.4488,1.494,2.748,0.1557,5.6129,8.4293,2409.5928,34.8672,16.6277,3.4419,7.7921,9.9319,0.2011,12.2824,0.0492,2.0466,0.0263,1.1677,200.5125,1.8108,49.8035,0.8993,12.0109,3.2857,0.2205,16.7415,0.1712,0.3472,0.0145,4.3956,56.4651
11/04/2026 07:00,1,C,0.5916,85.4379,1.373,3.0032,0.1621,4.6557,9.6418,1884.3173,27.8872,13.4758,2.9793,8.1005,20.7379,0.1478,13.1705,0.1138,2.7892,0.0368,0.8602,132.2148,0.8084,54.2727,1.0606,10.9669,1.9064,0.1825,17.8887,0.1797,0.3753,0.0,4.4399,45.6999
11/04/2026 19:00,2,D,0.2118,86.9323,0.6786,0.9038,0.0162,4.7383,5.9633,3260.8326,36.265,14.0826,1.0799,6.4482,12.1247,0.1063,19.4171,0.1016,1.1067,0.0161,0.9327,333.0389,1.5798,49.1071,0.5768,8.1064,4.5726,0.1236,24.6009,0.1166,0.1687,0.0038,4.2486,57.9362
12/04/2026 07:00,1,B,0.2151,65.3796,0.5812,1.0989,0.0737,4.1271,8.1581,2229.244,39.3746,8.7837,3.5001,9.3121,15.6245,0.0759,8.4785,0.1367,1.0896,0.0219,1.1029,223.4438,1.811,50.1476,1.13,10.1122,4.3242,0.0819,16.2528,0.1417,0.1526,0.0045,3.2014,53.1075
12/04/2026 19:00,2,A,0.371,106.9753,1.4351,2.7822,0.0889,4.9617,5.6903,2152.8828,38.7515,12.7223,1.394,8.1414,11.5721,0.1577,20.3208,0.1811,1.5745,0.0226,0.656,222.5459,2.2502,50.06,0.6593,11.1658,5.1194,0.1626,27.3595,0.176,0.8145,0.0072,4.5148,59.7349
13/04/2026 07:00,1,B,0.3975,84.5395,0.7717,2.0507,0.0305,3.8776,5.214,1854.5442,23.6864,10.4471,1.0577,6.8389,28.8779,0.1654,16.5546,0.1204,2.1084,0.0154,0.8657,164.2171,1.1208,44.3542,0.4426,8.9747,14.2825,0.1989,23.0933,0.1461,0.3322,0.0026,3.9658,54.3744
13/04/2026 19:00,2,A,0.4019,113.2728,1.0451,2.4141,0.0675,5.1116,10.316,3925.8949,33.8985,12.1257,2.0447,8.8679,12.819,0.172,20.4523,0.188,2.1404,0.0296,0.9856,176.676,1.2229,49.9844,0.6983,9.8616,5.1481,0.2047,25.8477,0.1869,0.3117,0.0,4.7552,57.7136
14/04/2026 07:00,1,B,0.3247,81.4253,0.8326,2.6786,0.1,4.3008,6.8662,1643.4201,27.4839,12.4499,2.8728,9.7015,19.5389,0.1138,11.5342,0.1338,2.4782,0.0692,0.4312,157.7235,1.0715,48.6656,1.1329,8.7896,4.9221,0.1325,18.1044,0.1831,0.2459,0.0148,3.8145,52.8903
14/04/2026 19:00,2,A,0.2996,89.5615,1.8742,3.6337,0.1284,4.703,6.3619,1824.0008,37.0064,11.5886,2.1033,7.4233,8.8241,0.1252,16.2454,0.1879,3.3381,0.0475,0.6352,138.7771,1.4082,49.5619,0.5997,9.8746,1.7455,0.1219,23.671,0.3204,1.2858,0.0261,3.631,54.2769
15/04/2026 07:00,1,B,0.3447,72.9895,0.802,1.327,0.0768,3.8991,9.4359,2318.9072,35.0986,10.0327,2.1736,6.3395,14.9222,0.1563,12.3127,0.087,1.7897,0.0334,1.1441,208.1438,1.7054,53.6474,0.6683,10.5751,1.8195,0.1665,17.1501,0.1563,0.0879,0.0025,3.5576,50.2548
15/04/2026 19:00,2,A,0.3257,77.6446,1.055,2.6738,0.0784,4.5595,7.1206,2139.8117,33.557,12.3057,2.5681,9.5003,18.4746,0.1474,15.9592,0.0854,1.6557,0.0175,1.6763,307.8614,3.4918,46.3291,0.6608,9.7134,7.0934,0.1535,20.8995,0.1312,0.5916,0.0143,4.2197,
16/04/2026 07:00,1,D,0.6349,79.1997,0.997,2.0858,0.1051,4.4422,10.2902,2360.7591,40.4867,12.9153,1.9245,7.5714,6.534,0.2119,14.8377,0.1133,2.2962,0.0273,1.0577,237.6107,1.3747,54.6484,0.6847,7.6235,2.3283,0.2481,19.2143,0.1736,0.2892,0.0138,4.0031,59.0903
16/04/2026 19:00,2,C,0.4455,86.4895,0.7989,2.6114,0.1554,4.6905,10.7714,3379.9983,35.6114,15.7098,5.7107,9.6815,10.6251,0.1978,22.5346,0.2158,2.2792,0.0459,1.116,251.3079,1.5808,50.7277,1.1274,10.7808,1.7673,0.2367,26.1569,0.2367,0.4802,0.0174,5.0142,54.9683
17/04/2026 07:00,1,D,0.5588,74.4608,0.8679,2.2136,0.1281,4.857,10.5303,1736.2994,29.435,10.8656,3.1392,8.8667,18.1568,0.1881,15.6322,0.1587,2.0695,0.0336,1.0716,203.0384,1.8096,48.0369,0.9129,11.2216,6.69,0.2038,18.4889,0.207,0.3066,0.009,4.0648,53.8153
17/04/2026 19:00,2,C,0.3054,97.7687,0.7611,1.6285,0.0939,5.1556,8.5583,3825.7559,30.9304,14.0715,3.1301,9.7306,11.0301,0.1097,19.4523,0.0985,1.5127,0.0256,0.4345,244.8363,0.9772,50.3093,1.3384,8.7977,4.0199,0.137,25.3027,0.1477,0.239,0.0072,4.5907,47.6144
18/04/2026 07:00,1,D,0.3781,114.7744,1.3954,3.4496,0.1032,6.4481,,,,,,,,0.1274,29.0394,0.1554,2.8194,0.0408,0.4898,144.9593,1.042,50.0791,0.5855,10.7213,5.1536,0.1488,31.3188,0.2044,0.662,0.0104,5.7604,57.0133
18/04/2026 19:00,2,C,0.2378,95.4472,0.9623,2.7543,0.0651,4.8806,7.8732,3009.2712,31.6766,12.6971,2.3149,9.9336,15.8633,0.0957,20.8961,0.1019,2.7324,0.0425,0.8448,196.5362,1.6928,53.259,0.9524,11.0103,2.8615,0.1071,25.5807,0.1242,0.3951,0.0089,4.509,60.1736
19/04/2026 07:00,1,A,0.4924,80.6068,1.1134,2.7988,0.0799,5.1187,12.534,2407.1521,35.7096,12.8393,2.5631,8.0258,13.7825,0.1343,18.7327,0.1348,2.8427,0.0333,0.9972,242.8287,1.7929,51.0038,0.7796,8.9866,2.6597,0.1416,18.7214,0.221,0.3431,0.0046,4.5676,52.3832
19/04/2026 19:00,2,B,0.5105,115.2541,1.7102,4.9898,0.1623,5.4671,7.6963,1859.44,38.3118,12.7269,3.5981,8.6524,13.2797,0.1565,27.736,0.4527,3.8822,0.0868,0.8576,209.3976,1.9742,52.3694,0.8555,8.5174,3.0286,0.147,31.4658,0.431,0.8681,0.0262,4.5494,51.4956
20/04/2026 07:00,1,A,0.8258,72.3404,2.8657,4.434,0.2165,4.9853,12.9342,905.4039,36.957,11.3301,2.8176,7.5059,18.7649,0.2732,11.5045,0.4423,4.7504,0.0717,0.9973,125.7317,1.794,51.2397,0.8208,10.5134,3.0248,0.2459,15.78,0.6097,0.8892,0.0348,4.7947,52.1395
20/04/2026 19:00,2,B,0.2737,80.1678,1.2185,2.5338,0.0887,4.6296,6.979,2190.4133,32.9895,11.3699,1.3306,8.0076,15.2577,0.08,13.6464,0.1797,1.7696,0.019,1.0461,232.029,2.2684,48.2049,0.8053,9.5273,9.6289,0.1012,18.9814,0.2357,0.4822,0.0155,4.4018,59.6202
21/04/2026 07:00,1,A,0.2225,119.2838,0.7638,1.9384,0.0412,3.9602,3.8268,5314.3229,29.8797,14.2019,1.2102,8.1994,18.3146,0.1123,25.3267,0.1301,1.6162,0.0143,0.6227,292.5581,1.6821,48.4122,0.6584,10.7666,6.1715,0.127,30.0076,0.1378,0.3172,0.0045,3.8916,58.3267
21/04/2026 19:00,2,B,0.2889,62.5482,1.2543,4.4197,0.0984,5.6575,5.9716,1905.6637,31.9283,12.4351,2.0864,8.5558,16.409,0.0864,16.2255,0.3134,3.3376,0.0442,0.6679,154.7837,0.7436,53.2515,0.6722,8.9409,2.0723,0.1118,19.7092,0.3667,0.5702,0.0165,4.5792,54.2397
22/04/2026 07:00,1,A,0.4118,93.5736,0.9212,2.7245,0.0373,4.5433,7.4118,3125.4368,34.3013,13.3302,1.7961,8.4696,8.6127,0.1472,18.8918,0.1037,2.4439,0.0375,1.1573,245.2485,1.4553,50.4668,0.6817,9.2719,2.7801,0.1858,27.911,0.1758,0.4958,0.0051,4.0822,56.8434
22/04/2026 19:00,2,B,0.384,54.1554,0.7798,2.0881,0.0574,4.2763,8.9394,2118.1067,35.4251,10.9222,1.9837,7.4944,11.1553,0.163,20.0746,0.112,2.1238,0.0355,0.7519,243.8694,1.8037,53.4703,1.0173,8.9319,1.3068,0.1924,27.331,0.1296,0.2627,0.008,3.9564,55.4105
23/04/2026 07:00,1,C,0.2137,75.5555,0.9509,2.2456,0.0718,5.2592,6.2574,3296.8038,38.1401,10.1845,2.0692,8.5245,9.1868,0.1076,27.1852,0.1753,2.3485,0.0392,0.6587,276.886,1.3342,52.4497,1.2179,9.783,2.0148,0.1363,31.0099,0.2188,0.3594,0.0068,4.6216,56.2015
23/04/2026 19:00,2,D,0.4019,104.6047,1.3922,3.9643,0.1096,5.4636,7.4157,2723.6833,31.6111,17.0762,2.41,8.8949,16.9376,0.2015,23.4909,0.0908,3.2443,0.0468,0.9352,172.6877,1.1162,50.7899,0.6982,9.8253,3.2763,0.1897,28.9506,0.1608,0.4436,0.0057,4.8215,55.2893
24/04/2026 07:00,1,C,0.4911,109.0869,1.4703,3.7386,0.1153,5.4492,8.0962,2932.8342,37.5796,13.0888,2.7116,8.9032,10.5918,0.1956,20.7714,0.2035,3.1922,0.0568,0.7837,200.8909,1.7203,52.3941,0.6471,9.7544,1.9982,0.2187,25.7887,0.2157,2.7258,0.0275,5.2399,55.3445
24/04/2026 19:00,2,D,0.3332,77.6952,1.0462,2.1601,0.0708,4.8747,7.8475,2871.2653,34.9243,15.1487,3.1498,9.346,14.4472,0.0951,15.6952,0.1102,1.6093,0.023,0.6564,233.5651,2.0668,49.5755,0.8411,11.5681,3.0888,0.1314,18.1716,0.1714,0.4502,0.0033,4.3358,57.8721
25/04/2026 07:00,1,C,0.3096,80.8019,1.1228,2.5786,0.1002,4.8911,7.7119,2453.5729,35.4551,12.3341,3.2569,9.9914,12.2588,0.122,28.6113,0.1502,2.4246,0.0354,0.7171,257.255,1.0412,49.633,0.8913,11.1877,3.8406,0.1565,34.4688,0.2173,0.3015,0.006,4.6531,58.9779
25/04/2026 19:00,2,D,0.4048,145.4589,0.9181,2.0928,0.1035,4.2593,7.2114,3623.3755,31.739,14.9073,4.0837,9.1459,18.1888,0.1532,21.3919,0.1455,1.7555,0.0411,1.0999,298.1846,1.8217,50.4293,1.0207,9.6195,2.8026,0.1551,33.2953,0.1769,0.3107,0.0173,4.5339,48.1861
26/04/2026 07:00,1,B,0.2471,104.0047,1.0203,2.4684,0.0984,4.6982,6.9366,3394.2354,29.5767,12.126,3.0351,9.4806,17.3568,0.1319,20.6029,0.1223,2.1333,0.0137,1.0002,276.4689,2.0749,45.7025,0.7572,10.0759,8.7135,0.1024,21.6664,0.1687,0.4683,0.0053,4.2186,52.4037
26/04/2026 19:00,2,A,0.5665,82.4011,1.5637,2.7617,0.1215,5.6109,9.9008,2304.449,36.0019,7.9151,2.5233,7.358,18.951,0.2125,12.6379,0.3172,3.2578,0.0783,0.7161,213.1004,1.0383,53.5958,0.7697,9.3007,2.7607,0.2674,20.1989,0.386,0.6417,0.0253,5.366,48.6306
27/04/2026 07:00,1,B,0.1521,119.5565,1.2531,2.0158,0.0817,4.3197,4.4438,2973.9007,33.4037,12.5352,1.7783,7.8238,14.6936,0.0857,18.7912,0.2081,2.1213,0.0397,0.7134,261.652,2.1572,49.2349,0.8012,10.876,4.292,0.0672,25.6122,0.2595,0.2858,0.0172,3.7871,62.4306
27/04/2026 19:00,2,A,0.8144,127.1424,1.8677,3.8186,0.1826,6.8943,13.8036,2745.6393,36.7994,12.9781,3.0062,8.3006,13.1178,0.3116,21.3824,0.3228,4.2364,0.0494,0.6425,141.172,1.0761,52.6206,0.947,11.3762,4.0155,0.3471,31.4115,0.343,0.5339,0.018,5.9588,51.4321
28/04/2026 07:00,1,B,0.2663,65.1458,1.0983,3.0423,0.1081,4.6936,8.234,1939.8532,43.4722,11.9633,2.9249,7.1035,7.5529,0.1195,10.115,0.1748,2.4267,0.0229,1.1273,278.2634,2.8661,50.7717,0.9408,9.6357,2.1501,0.1125,15.014,0.1981,0.7416,0.0057,3.7004,54.6841
28/04/2026 19:00,2,A,0.3678,56.9742,0.5349,1.531,0.067,3.5493,10.3715,3310.9874,38.7207,8.1914,5.2687,8.4988,11.0401,0.1648,11.8517,0.1041,1.1224,0.0174,1.5747,327.7744,3.0871,50.7491,1.1394,10.2692,5.041,0.169,14.6261,0.1182,0.462,0.0182,3.3805,53.8879
29/04/2026 07:00,1,B,0.2898,58.6235,0.8023,2.1993,0.0401,4.6419,10.8931,2701.5808,32.6536,11.6541,1.7503,7.523,17.0237,0.1492,15.1104,0.0584,1.9752,0.0243,1.0442,188.177,1.7571,51.3471,0.7793,9.0998,3.069,0.1456,16.9931,0.1257,0.2758,0.005,4.1303,58.8244
29/04/2026 19:00,2,A,0.4502,95.8989,1.9083,4.982,0.186,4.6554,7.0824,1967.7163,40.7051,9.4012,2.3564,7.1737,13.1006,0.1863,16.7302,0.4403,4.5332,0.0614,0.5346,102.0407,1.7276,49.9306,0.8488,11.7301,2.0113,0.1722,23.7484,0.4814,0.8603,0.0183,4.1685,50.9936
30/04/2026 07:00,1,D,0.6867,78.2249,2.367,4.1641,0.1152,5.673,8.7617,1477.1739,40.9141,13.0905,1.7785,7.5558,14.0545,0.2807,23.6532,0.3113,3.1811,0.0294,1.5049,266.7015,2.5116,50.115,0.7783,9.1784,2.5065,0.2736,26.6243,0.4373,0.6686,0.0185,5.0658,54.4779
30/04/2026 19:00,2,C,0.5831,82.6286,1.2543,2.4089,0.0747,5.1736,10.2974,1686.3276,31.7459,11.5847,3.0548,9.9016,18.4068,0.1984,14.035,0.2243,1.9532,0.0212,0.9496,137.4941,1.317,50.2951,0.8808,11.4626,2.398,0.2066,19.4025,0.2073,0.6027,0.0037,4.4117,48.7573
01/05/2026 07:00,1,D,0.2279,87.3443,1.1819,2.8871,0.1181,5.3802,5.7722,3146.2707,36.8539,14.4571,2.8133,8.9292,11.6711,0.0841,14.4216,0.14,3.0228,0.0484,0.3073,149.56,0.821,54.6403,0.9706,11.0096,2.904,0.0931,19.6309,0.1567,0.6151,0.029,4.751,53.3471
01/05/2026 19:00,2,C,0.3603,73.7523,1.2724,3.2764,0.1138,4.6676,7.7463,1596.8572,37.6816,14.2972,2.9445,8.9438,14.1196,0.1206,14.6925,0.1181,2.7427,0.0482,0.4534,121.2025,0.8643,50.2367,0.6807,9.7043,5.631,0.1268,19.9513,0.1691,0.4434,0.0135,4.1885,51.8041
02/05/2026 07:00,1,D,0.4312,88.1664,1.5591,4.3232,0.1401,4.8246,8.0178,1595.7652,38.8185,9.2474,3.1314,7.4663,11.0622,0.1574,18.5116,0.315,3.9562,0.0543,0.8055,132.3767,1.8822,52.3173,0.7982,8.297,2.8264,0.1601,24.651,0.3326,0.7153,0.0201,4.3816,
02/05/2026 19:00,2,C,0.2768,74.8604,0.8574,1.6173,0.0741,5.1794,9.696,3047.7396,34.568,11.6184,3.1645,9.9928,15.1891,0.1168,15.334,0.052,1.597,0.0181,1.3049,293.298,1.5738,47.6789,0.7745,11.6723,4.3612,0.1316,20.9263,0.0999,0.2535,0.003,4.6562,57.9618
03/05/2026 07:00,1,A,0.3625,101.733,1.0468,2.7894,0.0987,4.0958,8.1862,3284.2827,37.5248,11.685,3.6976,8.6022,13.8132,0.1043,22.0215,0.2312,2.3673,0.0624,0.7275,199.9019,0.5547,52.5622,0.8751,9.7407,2.4424,0.1654,27.3881,0.224,0.6946,0.0215,3.5087,57.3851
03/05/2026 19:00,2,B,0.2461,61.927,0.7983,2.2741,0.0489,4.848,7.6937,2728.3199,34.8496,11.2052,2.2655,9.4067,12.0984,0.1025,11.7454,0.0908,1.34,0.0096,0.8544,293.0345,1.4643,49.3191,0.7734,9.221,4.3334,0.1065,15.1175,0.1501,0.3333,0.0,4.5726,59.2346
04/05/2026 07:00,1,A,0.3405,93.6754,1.4562,2.6482,0.0755,4.8269,9.1549,2612.3003,36.7729,11.4984,1.6407,7.4637,17.9977,0.1513,20.31,0.221,2.5158,0.0344,0.919,233.9781,1.095,55.7978,0.6588,9.4184,1.8339,0.1341,22.956,0.2622,0.4759,0.014,4.7329,55.2384
04/05/2026 19:00,2,B,0.5486,132.8737,1.6339,5.0666,0.1066,5.3731,9.9814,2421.892,41.0354,12.3078,2.0986,8.2678,7.7824,0.2305,21.8087,0.264,4.8727,0.0889,0.71,152.8665,1.5062,49.2425,0.7734,11.5796,8.275,0.2322,29.5688,0.2968,1.1268,0.0235,4.3385,52.3639
05/05/2026 07:00,1,A,0.3707,96.6242,0.6379,1.5525,0.0988,3.9256,8.2954,3419.6173,29.0115,12.0956,2.978,9.4495,16.8596,0.1184,18.848,0.0919,1.0018,0.0153,0.9704,345.0621,1.6631,53.8901,0.9462,8.3264,2.7362,0.1202,21.0707,0.121,0.1963,0.0187,3.4532,50.5085
05/05/2026 19:00,2,B,0.3716,91.2431,1.2884,3.07,0.0998,4.8648,10.9001,2787.0667,40.8632,9.8908,1.5542,5.6254,11.89,0.1576,17.3714,0.4057,2.1989,0.0653,0.877,224.1715,1.4254,51.6449,0.6379,8.9612,1.8609,0.1541,23.6897,0.4545,0.4959,0.0242,4.2579,58.323
06/05/2026 07:00,1,A,0.5967,82.6391,1.3939,3.1738,0.1165,4.7619,14.5848,3183.9176,37.7676,12.7745,3.32,8.5977,13.2274,0.1894,25.6396,0.1635,1.9543,0.0343,1.1021,289.9537,3.1989,50.3133,0.8574,7.8582,3.1399,0.2306,24.5334,0.2458,0.3404,0.0038,4.1094,57.0937
06/05/2026 19:00,2,B,0.3902,91.6789,0.9234,2.8662,0.1164,5.2143,14.594,2140.8895,29.325,14.4539,2.2413,9.7144,17.487,0.1466,10.9002,0.0759,2.3329,0.0467,1.3582,208.0336,1.225,51.607,0.8861,10.8152,2.8614,0.1382,19.1423,0.1446,0.3171,0.009,4.3898,54.857
07/05/2026 07:00,1,C,0.5664,106.9229,1.0057,2.4436,0.1646,5.6454,10.1771,4047.3892,34.3516,13.3975,4.2754,9.3918,15.3296,0.1936,20.9209,0.0601,1.7394,0.0364,1.2342,275.0436,1.8772,46.2607,1.1337,10.3026,6.2079,0.2098,25.3279,0.1308,0.4287,0.0168,4.746,52.9416
07/05/2026 19:00,2,D,0.3317,107.7259,1.1053,3.2933,0.099,4.9349,5.8259,3655.1453,42.8633,15.6573,2.82,8.2091,6.8873,0.1529,23.799,0.1946,2.4946,0.0471,1.1397,292.0936,2.1735,46.5252,0.8085,10.5668,5.8683,0.173,29.643,0.2302,0.4772,0.0167,4.7193,63.2902
08/05/2026 07:00,1,C,0.428,70.8414,1.0219,2.7907,0.1381,4.5749,8.0048,1290.8743,29.2582,14.215,2.8886,9.1099,23.1757,0.1492,10.2702,0.106,1.3811,0.0375,0.8272,175.5283,1.7223,46.8072,0.8592,8.7834,6.643,0.141,14.8519,0.1565,0.3282,0.013,4.0985,48.8797
08/05/2026 19:00,2,D,0.2759,86.5074,0.813,1.8064,0.0264,4.2659,4.9108,3344.9228,36.2132,8.6544,2.0948,7.7108,12.9623,0.1156,10.9795,0.1855,1.645,0.0131,1.011,299.2304,2.223,52.6927,0.739,9.5915,2.4345,0.1226,19.3018,0.1587,0.287,0.0031,4.0873,57.7049
09/05/2026 07:00,1,C,0.352,74.5063,1.1798,3.2972,0.1121,6.4245,10.1551,1934.724,31.4421,10.0734,2.1948,8.3539,14.8782,0.1448,17.7408,0.2185,3.5189,0.0387,0.5828,107.6517,0.6447,53.2061,0.649,10.9299,1.7992,0.1339,19.9932,0.2563,0.4446,0.0098,4.8704,49.7171
09/05/2026 19:00,2,D,0.4184,111.87,1.6133,3.2252,0.1478,5.429,9.9226,2796.2062,43.4706,9.7265,2.8057,6.885,10.1943,0.1885,22.8938,0.3815,3.5281,0.0662,0.8513,211.5517,1.643,52.8473,0.9147,9.7105,2.1867,0.1735,27.6794,0.4709,0.8754,0.0135,4.4073,49.3034
10/05/2026 07:00,1,B,0.4952,91.2247,1.4383,3.6524,0.1685,4.398,10.1701,2009.8253,36.5259,9.2633,3.7338,7.7632,17.0502,0.2257,21.1996,0.1408,2.8447,0.0528,0.778,138.3335,1.1536,52.8198,1.0741,10.1216,2.493,0.2013,26.4663,0.2239,0.4653,0.0106,4.1635,52.7399
10/05/2026 19:00,2,A,0.3723,75.2065,1.119,2.3916,0.0625,4.7285,5.7467,2080.4534,28.0873,12.8669,1.5934,8.7847,17.9487,0.167,17.6997,0.1558,1.844,0.0325,0.7807,229.0619,1.3698,52.5647,0.7356,8.343,2.7505,0.1967,21.6595,0.2468,0.4338,0.0028,4.571,59.5049
11/05/2026 07:00,1,B,0.7383,84.0014,1.5838,4.7442,0.2642,5.0625,8.4875,1395.6213,31.9379,11.3711,3.7411,7.6482,12.6714,0.2486,16.1206,0.1613,4.5676,0.1398,0.8302,128.9683,0.9289,48.7884,0.872,9.3506,6.047,0.3208,19.0143,0.2323,0.4648,0.03,4.7429,56.1604
11/05/2026 19:00,2,A,0.3743,77.5419,1.5742,3.7298,0.0686,5.3028,6.2889,1564.7826,45.0956,13.659,0.9538,6.1589,10.2089,0.1122,9.6402,0.0953,3.574,0.046,0.4635,108.8,0.9537,52.0913,0.534,10.0739,2.5807,0.1392,15.2596,0.1948,0.583,0.019,4.5722,50.3484
12/05/2026 07:00,1,B,0.2216,71.0997,0.5138,1.6769,0.0457,3.9242,9.2058,3522.9294,31.1063,12.016,2.6801,8.6941,17.5117,0.0971,21.3752,0.145,0.9902,0.0092,1.5126,407.1022,1.7868,50.0163,0.7366,7.6796,5.2702,0.1096,26.4193,0.1454,0.2559,0.002,3.4762,58.9094
12/05/2026 19:00,2,A,0.2281,86.0368,0.9153,1.9092,0.0774,4.059,6.9246,2136.6799,30.2823,12.7338,1.9218,7.8689,16.0695,0.1152,17.558,0.1653,1.6193,0.0182,0.797,225.8771,1.5766,50.0726,0.5336,7.8562,5.314,0.1098,25.2647,0.1694,0.2893,0.0055,3.5152,51.4972
13/05/2026 07:00,1,B,0.443,58.8084,1.0644,2.684,0.0894,4.4047,8.7622,1413.3246,26.3712,14.3098,3.1239,10.093,16.0112,0.1649,11.1735,0.0826,1.8672,0.0281,0.9529,119.6848,2.0487,44.4301,0.7073,9.3277,11.9849,0.1789,17.3029,0.209,0.3871,0.0145,3.955,57.8723
13/05/2026 19:00,2,A,0.4079,93.1237,1.272,2.0943,0.0748,5.1763,9.0861,3278.6403,34.3204,9.7578,1.4804,6.9408,16.8731,0.1121,21.3112,0.1487,1.75,0.015,1.3634,417.704,1.6407,50.3198,0.649,9.4547,2.4199,0.1479,27.7456,0.2162,0.3855,0.0114,4.5604,51.1144
14/05/2026 07:00,1,D,0.5581,107.9237,1.2986,2.9794,0.1153,4.9049,7.5527,2425.1832,31.9099,15.6048,1.6756,7.035,12.8423,0.2779,23.6936,0.2038,3.2702,0.0521,1.001,198.6843,1.3884,48.8859,0.6752,10.6761,7.0356,0.2791,28.9744,0.198,0.3762,0.0116,4.3436,52.001
14/05/2026 19:00,2,C,0.2536,110.4387,1.0758,1.7971,0.0572,4.9391,5.8499,4223.1369,40.0638,8.3793,1.498,6.9038,17.0469,0.1671,25.3617,0.1252,2.4212,0.028,1.0052,458.1334,2.6528,48.7454,0.9664,9.7113,6.7561,0.1374,32.7893,0.1646,0.3367,0.0093,4.6572,56.5555
15/05/2026 07:00,1,D,0.2586,84.9426,0.5469,1.5322,0.0504,4.2697,6.5879,3449.5278,31.9468,5.0798,1.9558,8.15,24.7707,0.107,17.4742,0.0707,1.2419,0.0172,1.0715,363.8318,1.8155,49.4221,1.075,9.6105,3.6026,0.1332,23.6402,0.1052,0.2164,0.0091,4.0583,56.0442
15/05/2026 19:00,2,C,0.6267,88.3803,1.0927,2.0749,0.1026,4.1086,9.0294,1962.6566,34.0322,8.9491,1.516,8.1741,19.9799,0.2015,18.779,0.1226,2.0715,0.0305,1.0862,205.6044,1.1185,47.8744,0.6767,9.8358,6.8995,0.2346,25.7602,0.1587,0.2724,0.0057,2.9067,48.3029
16/05/2026 07:00,1,D,0.3477,81.9136,1.4277,3.6288,0.097,5.0423,6.5996,2148.6023,38.1332,12.4708,1.8191,7.8495,11.4409,0.1375,11.4108,0.2185,2.7384,0.042,0.6646,125.8737,1.0249,50.954,0.606,9.4134,4.7044,0.1577,18.5767,0.2826,0.5873,0.0094,4.5456,47.9769
16/05/2026 19:00,2,C,0.3235,84.7597,1.2081,4.0512,0.1421,5.2127,8.8661,2263.9238,41.2147,9.6021,3.2117,8.1209,9.2248,0.141,22.0814,0.1146,3.3292,0.0503,0.6664,224.3795,1.9352,48.8032,0.748,10.6201,3.5057,0.1621,23.7087,0.1829,0.7786,0.0033,4.1163,
17/05/2026 07:00,1,A,0.2629,74.6112,0.4078,1.7139,0.0458,3.5692,8.775,3556.1455,34.9141,11.5185,2.2551,9.6264,16.7328,0.1117,20.0316,0.1742,1.4458,0.025,0.9879,302.0392,2.3116,50.3621,1.0146,10.9173,4.3469,0.1373,20.5192,0.1131,0.2915,0.0201,3.5606,54.762
17/05/2026 19:00,2,B,0.2914,123.2105,1.8385,3.4921,0.1413,4.9874,7.4143,1841.971,39.4981,13.1241,2.439,8.5067,9.2469,0.1156,21.001,0.2793,3.0956,0.0691,0.5116,255.6162,2.0078,51.5748,1.0969,9.2206,2.6555,0.1148,30.0833,0.3345,0.5039,0.0195,4.4842,49.9528
18/05/2026 07:00,1,A,0.3881,60.6226,0.665,1.8982,0.0888,5.3086,11.3601,2029.681,31.5548,14.0234,3.1182,9.5399,11.1273,0.1359,11.1324,0.0929,1.4422,0.0203,0.997,202.9137,1.6325,50.6087,0.9089,10.8275,3.1179,0.1563,14.4616,0.0909,0.3446,0.0109,4.4698,53.5629
18/05/2026 19:00,2,B,0.5972,61.5196,1.5655,3.0323,0.1165,4.9092,7.763,1271.3408,33.1213,12.2489,1.5742,7.0194,20.5841,0.2059,10.6726,0.3301,2.5789,0.0465,1.1892,155.6556,1.7755,50.713,0.6022,9.5529,3.033,0.2293,15.1498,0.3749,0.6,0.0174,4.1836,55.6237
19/05/2026 07:00,1,A,0.3245,81.0985,1.2808,2.7922,0.1046,4.7471,7.9465,3117.88,40.5529,10.7476,3.2581,9.1414,8.6997,0.1074,18.0278,0.1549,2.455,0.0399,0.769,277.5028,2.016,50.9354,0.9221,9.4977,1.9455,0.1257,21.3611,0.2797,0.5452,0.0141,4.473,52.2542
19/05/2026 19:00,2,B,0.5821,92.7655,1.5442,3.4218,0.1439,4.6977,15.8314,1641.0966,33.8338,12.5843,1.9649,8.7144,17.1384,0.1583,8.9933,0.175,2.7157,0.0511,1.2945,187.9575,1.9211,50.8879,1.2236,9.0737,2.3979,0.2158,17.9885,0.2253,0.387,0.0149,4.0427,49.1422
20/05/2026 07:00,1,A,0.3574,119.3836,1.014,2.2416,0.0816,4.4543,13.6939,3303.7856,38.8759,12.4855,2.9743,9.1208,11.9835,0.119,19.4851,0.1655,1.9389,0.025,0.988,318.6169,2.4074,51.9207,0.7749,8.5511,3.9767,0.1247,28.1628,0.2106,0.4692,0.0113,4.0942,55.6542
20/05/2026 19:00,2,B,0.4457,93.8494,1.1741,2.5457,0.1322,4.5621,9.3778,1732.7913,28.733,12.9526,2.5343,9.9025,17.1511,0.1292,11.7872,0.1251,1.9422,0.0403,0.9201,148.0206,1.1817,50.1702,0.9421,9.3804,3.4104,0.1349,20.1606,0.2188,0.4206,0.0075,4.3991,50.0103
21/05/2026 07:00,1,C,0.3718,95.7888,1.1959,2.7867,0.0703,5.2344,7.0555,1709.0784,41.2675,14.3835,1.4295,7.4094,10.9961,0.1107,19.5488,0.0774,2.4776,0.0496,0.721,233.8717,0.9669,50.7914,0.772,11.364,1.6672,0.15,24.0937,0.1245,0.4422,0.0107,4.6684,60.7919
21/05/2026 19:00,2,D,0.6392,85.1653,1.8491,3.111,0.0741,4.9127,10.4266,1558.2558,37.007,14.0785,1.626,8.5814,16.5965,0.1865,13.8055,0.2226,3.2822,0.0183,0.9891,164.9258,1.826,51.3723,0.9001,9.0751,3.8273,0.2167,18.7517,0.2983,0.5922,0.0124,4.2568,56.0174
22/05/2026 07:00,1,C,0.3882,85.9031,1.16,2.2046,0.0583,4.8601,11.0988,2311.4203,36.2466,11.2352,1.5267,7.6657,15.8245,0.1441,15.3813,0.1532,1.5612,0.0198,1.9716,329.1836,2.7895,49.5089,0.8755,9.3682,4.7183,0.1563,19.7289,0.2207,0.3251,0.003,5.2231,59.1725
22/05/2026 19:00,2,D,0.2736,63.3107,0.9998,2.357,0.0719,4.6621,6.7415,3244.629,36.28,12.4932,1.8581,9.664,13.9851,0.1365,18.2631,0.2008,2.1838,0.0181,1.142,294.8968,1.5531,49.0863,0.8468,10.2293,4.7217,0.1186,20.3946,0.261,0.3922,0.0001,4.3703,56.3469
23/05/2026 07:00,1,C,0.2276,87.0571,0.8314,1.3874,0.0524,4.3932,7.7163,3598.1844,31.6744,15.8358,1.852,9.0145,16.2456,0.0932,13.3919,0.2044,1.638,0.0257,0.6599,198.5035,1.1474,47.9383,0.826,10.7894,4.3647,0.1102,19.4934,0.2036,0.2275,0.0118,3.9326,54.026
23/05/2026 19:00,2,D,0.4168,85.8933,0.9525,2.2242,0.0889,4.1641,10.5134,3486.6077,38.3548,10.6005,3.0316,7.6263,15.7134,0.1469,14.6701,0.2967,1.6522,0.0156,1.2283,263.8694,1.5237,54.7266,0.6528,8.7136,1.0445,0.1618,19.109,0.2826,0.5593,0.0168,3.8913,56.3449
24/05/2026 07:00,1,B,0.473,83.0328,1.5306,3.5034,0.1031,3.8945,9.6484,2455.8694,43.7848,7.3232,2.2318,6.4426,11.2834,0.1378,18.0769,0.279,3.1953,0.0433,0.8441,209.9499,0.7536,54.3002,0.6744,10.0025,1.9173,0.1519,22.18,0.3477,0.7077,0.0126,3.5139,51.1254
24/05/2026 19:00,2,A,0.3659,71.9474,0.7998,1.348,0.0452,4.785,8.2423,2778.0453,26.658,14.3242,2.0941,10.5859,12.9233,0.1352,13.9674,0.112,0.861,0.024,1.6565,348.8467,2.9337,51.1337,1.1003,12.3453,3.2297,0.1697,20.3097,0.1969,0.2264,0.0084,4.9332,63.4175
25/05/2026 07:00,1,B,0.6814,106.8677,1.3267,2.172,0.1302,4.6376,18.5322,2350.9138,40.246,10.6328,3.9206,9.0256,12.2739,0.2689,18.0716,0.1657,2.3386,0.041,1.7668,269.1264,1.8503,50.263,0.7304,11.4932,5.1477,0.2747,24.6894,0.2153,0.3422,0.0138,4.9653,54.0517
25/05/2026 19:00,2,A,0.2989,159.8528,0.8098,1.9335,0.0965,4.1009,7.5512,5798.4069,35.1098,15.124,3.0037,9.6177,11.6619,0.1088,23.9573,0.2115,1.8256,0.0373,0.9177,325.7344,1.9822,51.5265,1.1619,8.7934,2.3339,0.1354,32.1085,0.2248,0.3083,0.0152,3.9637,52.4489
26/05/2026 07:00,1,B,0.4379,82.0041,1.0077,1.8868,0.0564,5.9144,12.1484,2479.4315,28.5654,12.4017,2.0284,8.6086,24.1884,0.1792,15.8236,0.1595,1.6664,0.0249,1.8857,311.1868,2.1472,50.0654,0.6905,8.505,4.3396,0.1993,24.2592,0.2053,0.5553,0.0132,5.2273,54.4803
26/05/2026 19:00,2,A,0.184,83.0839,0.9777,2.1547,0.0393,4.5143,3.9837,1995.6703,34.9993,12.0969,1.3204,7.5344,12.3435,0.061,19.5356,0.1298,1.4943,0.0215,0.8131,289.762,1.6926,47.4675,0.6939,10.3817,12.5047,0.0818,23.8059,0.1296,0.2139,0.0091,4.5182,58.0233
27/05/2026 07:00,1,B,0.2938,80.4431,1.2731,2.8841,0.0998,5.5196,8.7241,2079.5172,39.9969,16.6575,3.5039,9.4525,8.0353,0.1299,14.1555,0.2802,2.5755,0.0342,0.418,215.265,1.321,54.2643,0.8908,9.6639,1.8603,0.1195,18.9104,0.3083,0.5375,0.0137,5.1717,54.9863
27/05/2026 19:00,2,A,0.1643,80.792,0.8692,2.5078,0.0525,3.9784,4.8064,3029.9409,38.887,9.4412,1.1917,7.0251,19.7659,0.0766,18.7928,0.1312,1.9032,0.032,0.8063,410.3476,1.0353,50.1783,0.7213,7.8408,5.2713,0.0817,22.6359,0.1506,0.5204,0.0,3.8892,46.9865
28/05/2026 07:00,1,D,0.3536,102.3634,0.9886,2.6297,0.1401,4.9698,8.4777,2138.3337,33.6935,8.8898,2.5879,7.3964,12.8719,0.1696,20.5457,0.1499,1.685,0.0598,0.8943,267.4666,2.519,50.2131,0.8239,8.0305,3.8719,0.1841,25.5191,0.1575,0.8574,0.0261,4.3274,56.1764
28/05/2026 19:00,2,C,0.3396,109.1418,1.0284,2.5519,0.0944,4.508,8.2173,3641.9147,34.9582,15.7675,2.8383,8.3264,10.4713,0.1731,21.9216,0.1837,2.1501,0.059,1.0392,282.6626,2.0406,50.1423,0.9491,8.8024,4.2145,0.1579,28.17,0.2383,0.5459,0.0122,4.7742,58.411
29/05/2026 07:00,1,D,0.4622,79.3845,1.2009,3.6461,0.0987,4.7389,8.4974,1867.2378,32.7374,12.0725,3.9882,8.8966,12.7523,0.1328,17.3615,0.1178,3.1303,0.0337,1.0316,237.8367,2.4078,50.5703,1.0603,10.3449,3.1521,0.1718,19.7883,0.1742,0.4438,0.0022,4.4517,51.074
29/05/2026 19:00,2,C,0.1616,57.9269,0.9053,2.2398,0.071,4.268,5.5042,3280.2092,33.8084,13.3613,2.0555,8.9876,14.7294,0.0694,11.4575,0.159,1.6535,0.0276,0.6128,208.2716,1.8002,49.9424,0.8564,10.9934,2.9696,0.0733,13.1023,0.1709,0.3194,0.0171,3.6081,58.4625
30/05/2026 07:00,1,D,0.7475,101.205,0.8458,1.9154,0.0684,5.1848,14.7778,4040.3566,36.5307,14.9715,3.0108,8.5865,10.1179,0.2411,15.5947,0.0456,1.8169,0.0067,2.5429,295.9728,1.4797,54.7072,0.6611,10.1294,1.6651,0.3028,21.8392,0.0806,0.2039,0.0007,4.7806,53.9869
30/05/2026 19:00,2,C,0.2902,84.1936,1.2581,3.0272,0.0732,4.6773,4.5532,2658.3555,36.7305,14.3026,1.7092,8.4777,9.9075,0.1068,18.3997,0.3315,2.0936,0.0315,0.6875,236.6317,1.8658,53.6449,0.8867,7.2373,2.6737,0.1242,25.0284,0.4415,1.1126,0.0231,4.4518,53.3454
31/05/2026 07:00,1,A,0.7001,69.2713,1.9855,4.4382,0.2317,4.8058,15.8188,1392.7218,37.9965,13.4836,3.5235,7.8098,14.2883,0.1681,10.1053,0.2918,4.1251,0.0445,1.2497,148.4932,1.0729,53.6114,0.7388,8.6446,1.9563,0.212,15.5016,0.4468,0.418,0.0091,5.0128,46.6308
31/05/2026 19:00,2,B,0.3781,69.7517,1.0989,2.3264,0.1342,5.5206,13.1556,2500.1892,35.135,16.2436,5.1693,8.2816,9.9851,0.1086,13.4009,0.1072,1.8911,0.023,0.9115,238.6174,1.879,49.8569,0.9224,10.8246,5.6775,0.1219,16.0794,0.1851,0.3522,0.0103,4.8122,63.4271
01/06/2026 07:00,1,A,0.4711,66.4333,2.3846,3.8998,0.1048,5.1634,6.9484,1256.4259,35.2843,13.282,1.7631,8.0044,26.9011,0.1523,15.856,0.1502,3.4018,0.05,0.6179,181.6442,2.1952,50.0799,0.6858,11.0762,4.1757,0.1764,18.6505,0.216,0.6147,0.0179,4.8076,54.6041
01/06/2026 19:00,2,B,0.2513,143.6097,0.9156,1.7666,0.0399,4.0858,5.4393,6489.8558,36.577,13.0975,1.1176,8.1247,12.3525,0.1297,35.4336,0.1006,1.3977,0.0126,0.7499,417.8625,1.5629,51.9517,0.6642,7.524,2.8832,0.1522,44.0272,0.1376,0.4543,0.0,3.7467,
02/06/2026 07:00,1,A,0.3008,79.5795,0.933,1.9739,0.0511,4.6627,7.9538,3149.2268,37.617,7.6032,1.4651,7.3294,21.1676,0.1145,20.3827,0.1391,1.4667,0.0242,0.9334,330.5558,1.4086,47.9787,0.6329,8.8322,5.5369,0.1192,23.3807,0.1493,0.3536,0.0078,4.0282,49.5093
02/06/2026 19:00,2,B,0.2297,100.7197,0.6377,2.6146,0.1103,4.9978,7.7163,4193.0069,42.4288,13.0468,3.5449,9.7109,11.8728,0.0788,24.1618,0.1071,2.3557,0.035,0.6945,294.6125,1.6617,51.8457,1.0006,9.6625,4.188,0.1222,32.7311,0.0986,0.7019,0.015,4.8679,53.5334
03/06/2026 07:00,1,A,0.3089,98.3628,0.9689,2.9362,0.1189,5.0501,6.0951,2337.963,28.3825,15.0836,2.4686,10.2381,17.137,0.1071,22.7383,0.0809,2.5983,0.0299,0.5262,200.5245,1.2117,53.6962,0.6064,9.3733,2.2971,0.1202,26.8751,0.1771,0.4598,0.0141,4.5601,64.4834
03/06/2026 19:00,2,B,0.4143,65.2689,1.2358,2.4681,0.196,5.1593,7.6394,1370.3175,31.5006,10.9054,3.0963,6.761,17.6352,0.1245,8.9159,0.1234,2.2994,0.0633,0.7776,102.5864,1.388,50.3812,0.8709,9.4326,5.6075,0.1246,11.4043,0.206,0.386,0.0207,4.1983,51.9975
04/06/2026 07:00,1,C,0.474,70.5869,1.4946,5.3768,0.1377,4.9017,7.9161,1854.6685,38.9904,12.1403,3.6307,7.6875,6.2352,0.1393,16.1467,0.3005,4.4907,0.0587,0.7915,132.3978,1.1208,51.6476,1.2228,11.8879,2.0201,0.1519,21.4421,0.3133,1.9927,0.0153,4.4024,50.7422
04/06/2026 19:00,2,D,0.5083,118.8209,1.1372,3.105,0.0959,5.2289,7.6142,2616.5177,28.7839,13.6346,2.7745,7.749,19.919,0.1478,21.4785,0.0915,2.8568,0.029,0.9132,202.9071,0.6996,54.4282,0.6561,9.4838,2.4832,0.1817,26.3783,0.1195,0.3231,0.0108,5.1129,55.2267
05/06/2026 07:00,1,C,0.2784,91.7033,1.0604,2.5836,0.067,4.9543,7.8555,3705.9947,37.77,9.6031,2.3684,9.0868,10.935,0.1209,24.2763,0.1637,2.8774,0.0551,0.7403,223.5286,1.1223,54.9424,0.8927,11.3189,1.6556,0.1488,26.4702,0.2041,0.4087,0.0207,4.9476,54.6593
05/06/2026 19:00,2,D,0.4887,78.2499,1.2261,3.6716,0.1401,4.9474,10.4302,2679.0876,34.1113,13.9753,4.7723,10.6972,11.5706,0.136,15.366,0.2269,2.5568,0.0547,1.3112,197.0994,3.6686,45.8668,1.0827,10.6684,4.327,0.1636,18.8234,0.3047,0.4432,0.0152,4.397,54.8727
06/06/2026 07:00,1,C,0.4763,84.2541,1.4477,3.6391,0.2028,5.0913,6.2706,2015.969,37.7904,12.5867,5.4459,9.043,9.4171,0.1775,25.2058,0.1352,3.5363,0.0889,0.7344,196.002,1.6739,50.9457,1.2578,9.6037,1.9888,0.2099,28.0823,0.2224,0.4911,0.0163,4.2716,59.1474
06/06/2026 19:00,2,D,0.3803,108.5397,1.0945,2.8473,0.1064,4.5381,9.3106,2128.2613,40.4387,10.2552,3.3085,8.4033,10.9664,0.1317,18.6179,0.1059,1.6965,0.0193,1.1213,169.0373,1.4463,51.4728,0.7266,8.4918,2.9071,0.1651,26.5854,0.1482,0.3537,0.0064,4.237,58.2357
07/06/2026 07:00,1,B,0.4171,136.1702,0.7085,1.253,0.0432,5.2634,9.7929,5830.5533,31.4259,10.4662,2.3284,8.0532,17.2575,0.1551,32.0484,0.0736,1.2924,0.0281,1.2851,451.1332,3.3537,52.9503,0.8936,9.549,1.7576,0.1942,41.288,0.1449,0.23,0.0135,4.2785,59.29
07/06/2026 19:00,2,A,0.6298,67.6434,2.0247,3.5956,0.1422,4.9658,10.6756,1808.5359,42.0949,13.4435,3.3217,6.8147,9.581,0.22,17.2744,0.2613,3.1566,0.0564,0.9817,163.2431,0.7576,50.4427,0.6526,8.5563,3.7466,0.2747,17.9808,0.3294,0.4504,0.0092,4.1744,55.2838
08/06/2026 07:00,1,C,0.5968,97.9637,1.576,3.2612,0.1883,6.2825,11.3434,2067.4897,33.4144,14.626,3.0723,9.1935,10.5184,0.1772,17.2355,0.1256,2.6891,0.0652,0.7771,109.8378,1.8484,50.755,0.8628,10.8209,1.7298,0.2374,20.7048,0.2431,0.345,0.0101,5.6659,57.2235
08/06/2026 19:00,2,D,0.5393,95.6573,1.4778,2.6003,0.1208,4.34,10.43,2940.0168,37.0838,10.9217,2.8621,7.5418,16.1039,0.1845,22.7893,0.3075,2.9493,0.0655,0.883,203.4324,1.6605,53.5493,1.232,9.8334,2.6348,0.2032,27.1413,0.3453,0.3119,0.0165,4.5181,54.1189
09/06/2026 07:00,1,C,0.2033,121.6707,1.2803,2.5702,0.1218,4.0925,5.5651,3183.2097,33.9508,13.277,3.0119,7.7865,16.8634,0.0961,21.5123,0.1137,2.4096,0.0561,0.5716,176.7784,0.6236,48.7516,0.8425,9.3749,9.3018,0.0827,29.4811,0.2003,0.3336,0.0209,4.0532,51.1765
09/06/2026 19:00,2,D,0.3737,93.3585,2.2823,4.7531,0.1527,5.5093,7.814,1910.9185,37.1782,12.7455,1.6319,6.7557,12.3352,0.142,15.9104,0.2125,3.3855,0.0948,0.9029,162.1556,1.5981,51.1649,0.6096,8.9183,1.8974,0.1528,21.9776,0.3079,1.1469,0.0292,4.6566,55.3441
10/06/2026 07:00,1,C,0.2525,78.1119,0.8945,2.625,0.0876,5.065,10.1393,2473.2614,31.3183,8.018,3.0322,9.0829,13.5129,0.1112,18.3583,0.2464,2.4929,0.0567,0.7554,205.6949,2.1477,52.1233,1.1032,10.2192,3.4471,0.1162,22.4455,0.3112,0.3704,0.0041,4.6079,54.2011
10/06/2026 19:00,2,D,0.3653,70.0746,0.9485,2.4821,0.0992,3.9044,9.2334,1923.8663,34.8497,11.0247,3.0426,8.0603,13.1923,0.1395,13.1478,0.2009,2.0257,0.0354,1.0335,224.4599,2.5179,49.871,0.8665,9.8381,4.4491,0.1378,17.9782,0.2069,0.3776,0.0043,3.7291,48.53
11/06/2026 07:00,1,A,0.4047,112.8557,1.0335,3.9244,0.121,4.6992,11.5286,2543.4437,37.2855,13.764,3.0373,9.5589,10.8933,0.1483,22.4813,0.1381,3.5549,0.0397,0.6288,198.8319,1.6434,47.9194,0.8782,10.1084,2.912,0.1644,29.0992,0.1656,0.4262,0.0082,4.2899,53.626
11/06/2026 19:00,2,B,0.4457,92.1595,0.8094,1.9858,0.075,4.6361,13.1791,3367.1621,33.642,10.7417,2.0214,7.8375,15.5371,0.1673,17.7708,0.0971,1.6454,0.0316,1.6262,262.6056,1.2228,52.3343,0.8158,11.1315,3.283,0.2131,21.5841,0.1235,0.2896,0.0,4.4503,57.547
12/06/2026 07:00,1,A,0.3606,85.0633,1.1069,2.7028,0.0979,5.1338,10.2546,2736.1958,33.048,15.0237,2.1223,8.3656,17.0657,0.1259,13.7855,0.0759,1.9014,0.0174,1.225,178.6999,1.2517,45.5248,0.5904,10.6097,8.5704,0.162,21.8203,0.1335,0.2742,0.0087,4.8432,56.3758
12/06/2026 19:00,2,B,0.5886,70.7041,1.8447,3.1351,0.1437,4.7528,13.0393,1557.2465,40.6989,14.8365,3.5698,9.7394,11.4043,0.1779,15.401,0.2426,2.5997,0.0383,1.1066,209.3805,2.1412,53.9171,0.8017,9.1906,1.404,0.2102,20.1672,0.3061,0.698,0.0183,4.2926,56.0272
13/06/2026 07:00,1,A,0.4288,80.9997,0.8313,2.0015,0.0612,5.4031,11.464,2258.2923,34.2796,8.9206,1.793,6.7879,13.408,0.1658,15.2574,0.1937,1.5608,0.0182,1.6269,334.8598,3.6661,50.0554,0.8452,10.4034,4.3112,0.1802,21.7239,0.2178,0.6259,0.0153,4.4779,64.9063
13/06/2026 19:00,2,B,0.424,73.0564,0.891,2.337,0.1398,3.9279,15.6703,2482.0273,39.1176,11.0117,5.2653,9.5867,9.4512,0.1585,11.848,0.1742,1.8701,0.0288,1.0364,187.9973,2.3635,48.8835,0.964,10.4936,6.0221,0.1534,17.2946,0.2209,0.4243,0.0263,3.4769,50.6726
14/06/2026 07:00,1,C,0.3828,52.3795,1.1338,2.6477,0.0854,4.5713,7.5526,1463.2958,37.3714,14.6369,2.4894,7.4409,8.6976,0.1153,7.4933,0.1679,2.0579,0.0315,1.0501,142.6231,1.6078,50.9576,0.8824,9.1463,2.4271,0.1502,11.7055,0.1795,0.2968,0.0093,3.929,61.8096
14/06/2026 19:00,2,D,0.3407,68.554,0.5507,1.6097,0.0454,4.5182,8.1664,3069.1097,32.0361,12.631,3.0289,8.0869,14.4122,0.1397,13.8025,0.0392,1.1844,0.0187,1.3074,298.3767,1.0759,52.3277,0.8723,9.7807,2.5283,0.1609,17.2766,0.0722,0.2081,0.0,4.2379,53.7945
15/06/2026 07:00,1,C,0.4195,109.7869,1.8448,2.6096,0.0914,5.7227,9.4413,2177.1008,38.1001,12.9086,1.5411,7.1197,20.3752,0.1751,13.5002,0.17,2.2827,0.0275,0.7276,228.7386,1.5337,53.9324,0.7624,8.6263,2.6157,0.1937,21.7536,0.3015,0.4385,0.0001,5.1451,56.4512
15/06/2026 19:00,2,D,0.2099,78.2818,1.0729,3.244,0.1699,5.5225,8.0837,1497.7336,35.7989,12.9546,4.6437,9.9506,10.9337,0.1025,14.9918,0.162,3.4256,0.0543,0.5758,197.3202,1.4878,50.4982,0.9332,10.0484,2.8754,0.0945,20.6564,0.2276,0.5407,0.0134,5.2003,55.194
16/06/2026 07:00,1,C,0.5221,90.4415,1.8114,3.8487,0.1532,5.1484,5.5044,2316.1876,36.6414,12.2484,1.5809,6.7498,10.7844,0.1406,19.8004,0.2038,3.0673,0.0602,0.7744,187.9415,1.1415,53.2894,0.7454,9.9185,3.381,0.1706,22.7427,0.3107,1.154,0.0179,4.9006,55.5716
16/06/2026 19:00,2,D,0.3053,81.6757,0.6567,1.0336,0.0816,3.8393,8.9482,2445.2551,28.3037,14.062,3.9032,9.8276,17.5276,0.0897,13.8946,0.0808,1.3894,0.0175,0.6456,228.8209,1.9372,48.3553,0.9097,7.6883,6.3072,0.0889,17.6051,0.118,0.195,0.0293,3.3068,55.4864
17/06/2026 07:00,1,C,0.3771,106.4097,2.1212,5.0799,0.1338,5.7096,8.1511,2790.6718,39.5784,11.6849,1.4658,7.0159,15.4218,0.163,27.9182,0.2118,5.1224,0.0486,0.4682,142.78,0.9669,53.9788,0.6554,10.3235,2.5773,0.1254,31.8806,0.3006,1.0526,0.0169,5.0792,57.3103
17/06/2026 19:00,2,D,0.451,78.7002,1.2319,2.8167,0.098,5.4428,7.8235,2434.3293,40.2917,10.487,2.306,6.0268,13.7047,0.1321,10.5392,0.301,2.5646,0.0249,0.8509,174.11,1.2191,53.1977,0.8329,9.2139,2.2719,0.1777,15.501,0.2965,0.4677,0.0097,4.874,59.6741
18/06/2026 07:00,1,A,0.3061,102.6072,0.7528,1.9108,0.0791,4.4237,8.5632,4104.1714,34.0682,10.3445,3.3874,8.1488,12.2941,0.0763,14.9357,0.0833,1.5032,0.023,0.5403,217.45,1.1119,51.5582,0.9162,7.625,2.5126,0.0954,20.9223,0.1082,0.2493,0.0026,3.7894,57.8938
18/06/2026 19:00,2,B,0.4477,93.1428,1.4783,3.3611,0.1175,4.8568,5.7389,1521.2935,32.5564,19.6697,2.0968,9.2556,13.4401,0.1464,10.1189,0.0943,2.2137,0.017,0.6089,151.3769,1.4619,49.3889,0.8597,10.2519,5.0321,0.1797,18.5892,0.2112,1.158,0.0206,4.2386,46.3743
19/06/2026 07:00,1,A,0.3695,52.7995,1.4928,3.4872,0.1354,4.7431,9.3543,1265.7606,38.8846,9.6516,2.5973,8.1013,11.992,0.1325,9.8414,0.2846,2.8959,0.041,0.9744,126.1657,1.261,48.4117,0.6773,12.0985,4.5561,0.1507,12.3673,0.3079,0.4207,0.0151,4.3477,50.165
19/06/2026 19:00,2,B,0.5355,115.8234,1.5643,3.6192,0.0931,5.5352,8.5085,2004.5305,34.2654,14.7564,2.0544,9.1283,15.2619,0.1469,14.1132,0.3469,3.0577,0.0383,1.0788,156.0024,1.5947,54.513,0.5624,8.6203,2.8481,0.1769,21.4656,0.3419,0.6881,0.0128,4.8265,59.1671
20/06/2026 07:00,1,A,0.1626,73.2928,0.6667,1.9903,0.0811,4.4288,7.6674,3542.6787,37.4853,11.453,2.9248,9.2744,8.8514,0.0833,16.0071,0.0873,2.4524,0.0352,0.8243,221.8919,1.5571,47.9659,0.8492,9.1756,3.6958,0.0707,19.5287,0.1061,0.2418,0.0156,3.9549,49.3973
20/06/2026 19:00,2,B,0.3358,110.505,0.9494,1.703,0.0965,5.0891,8.9833,4271.5465,33.4434,10.897,3.5907,9.3039,13.2608,0.0801,18.9729,0.1424,1.5689,0.0306,0.9156,295.9447,1.4968,46.9643,1.0584,11.6783,5.4987,0.1168,23.5194,0.1694,0.2792,0.0218,4.7833,57.6502
21/06/2026 07:00,1,D,0.8808,67.6745,1.2125,3.1782,0.14,4.6581,11.857,1402.3436,35.8206,15.2332,3.4009,7.1159,11.637,0.2719,17.8105,0.1953,3.1956,0.0527,0.9376,130.4879,1.0804,53.1939,0.8174,8.4563,2.096,0.2826,21.49,0.2107,0.3817,0.0096,4.5666,55.9212
21/06/2026 19:00,2,C,0.3724,43.2078,0.6524,1.8169,0.0833,4.2213,10.9234,1683.9761,33.9069,6.246,2.2387,7.832,15.6288,0.1564,8.519,0.0831,0.9617,0.0158,1.0113,152.3317,1.5474,49.4947,0.9486,9.7037,2.6698,0.169,10.5303,0.1017,0.2713,0.0132,3.569,57.4773
22/06/2026 07:00,1,D,0.4422,85.912,1.2823,2.4017,0.0782,5.9675,10.6194,3005.5124,38.5224,13.1885,2.365,7.7305,9.7838,0.171,20.9361,0.2443,2.7701,0.0367,0.8954,212.3656,1.7011,51.1264,0.7818,9.4112,3.0309,0.1788,21.4013,0.2792,0.5195,0.0127,5.14,51.8622
22/06/2026 19:00,2,C,0.1874,84.3083,1.2331,2.5116,0.0797,4.6221,5.6901,2185.0192,41.2078,12.7578,1.609,8.6398,9.934,0.1016,20.9709,0.1877,2.0187,0.04,0.8796,315.0869,1.7182,51.3399,0.7252,8.996,2.087,0.096,30.3018,0.2339,0.4775,0.0188,4.319,55.1675
23/06/2026 07:00,1,D,0.2875,82.8235,0.6821,2.2509,0.0996,4.1021,9.4132,2835.0051,37.4258,12.7726,2.8309,6.8012,10.3911,0.1275,12.4293,0.0691,1.8612,0.0409,0.6931,198.7652,1.5918,52.9918,0.913,8.6193,1.7337,0.1095,17.7684,0.1064,0.3946,0.0218,3.5401,54.5492
23/06/2026 19:00,2,C,0.3475,69.101,0.8909,2.2349,0.0665,4.486,8.0979,2082.1192,36.1754,15.4002,2.3664,11.21,15.0662,0.085,18.8421,0.1134,2.2844,0.0317,0.9913,210.0824,1.9846,48.3663,0.9063,12.0615,3.3292,0.1273,22.0141,0.1559,0.4086,0.0026,4.4284,56.2989
24/06/2026 07:00,1,D,0.2716,79.2011,1.1779,2.9694,0.0817,4.273,6.4598,2353.5668,28.7126,9.0014,1.5406,7.8831,18.0549,0.1551,20.9211,0.0794,2.4766,0.0506,0.6578,203.361,1.3613,49.0632,0.6564,11.1573,5.255,0.139,22.82,0.1844,0.7034,0.0225,3.6432,57.312
24/06/2026 19:00,2,C,0.3801,131.5602,1.861,3.2781,0.1105,5.3085,6.0946,2446.2066,41.4428,12.0154,2.0734,6.9909,14.2397,0.1555,22.4332,0.2442,2.6445,0.0352,0.8897,178.9619,1.4976,54.1856,0.694,10.1039,1.5344,0.157,30.2397,0.2851,0.645,0.0053,4.3861,48.6575
25/06/2026 07:00,1,B,0.3546,87.2856,0.7402,1.978,0.0608,4.8432,11.8809,4090.5156,35.6781,12.6299,2.2966,9.0122,11.5832,0.1719,27.9645,0.1357,1.626,0.0217,1.1179,379.3184,2.3414,52.0613,0.7967,8.9054,3.4276,0.1895,37.7006,0.1707,0.2942,0.0057,4.4908,55.1239
25/06/2026 19:00,2,A,0.5775,71.2991,1.0155,2.9544,0.1425,4.6358,15.6652,1759.8557,35.0966,14.7057,2.6425,7.5652,12.1646,0.1804,10.5652,0.1785,3.0506,0.0314,1.3237,95.4855,1.2885,53.62,0.7512,9.176,2.7123,0.2376,16.8786,0.2466,0.4907,0.0082,4.1614,53.6922
26/06/2026 07:00,1,B,0.2044,136.5836,0.7577,2.3957,0.0624,4.6161,8.9412,5508.2164,32.4862,19.4269,3.3576,11.0168,16.6826,0.0676,37.7454,0.1312,1.544,0.0279,0.5549,336.3284,0.9669,48.6801,1.1935,10.6345,4.216,0.0996,47.6332,0.165,0.7288,0.0096,4.6363,57.7323
26/06/2026 19:00,2,A,0.4021,71.0734,0.8911,1.6211,0.0782,4.442,8.2746,2137.9274,33.6533,13.8842,3.3536,8.6964,11.9852,0.1355,16.2436,0.14,1.3165,0.0324,1.0425,163.0732,1.4491,52.3692,0.7521,8.3173,3.3155,0.1805,20.7748,0.2183,0.271,0.0139,4.4805,58.2872
27/06/2026 07:00,1,B,0.8122,100.9993,1.3954,2.8283,0.1391,5.6938,16.6913,2856.6131,40.5951,11.098,2.8551,7.079,12.5182,0.2011,15.7007,0.1571,1.7848,0.0409,1.0733,291.626,1.7364,53.4866,1.0019,9.157,2.3313,0.2605,22.8237,0.1998,0.4116,0.0042,4.2445,55.3751
27/06/2026 19:00,2,A,0.5167,82.2819,1.1827,2.4218,0.0789,5.2086,9.8007,2912.0404,31.8849,14.1637,1.9276,8.1334,13.0357,0.2407,21.4508,0.1686,1.9511,0.0289,1.2616,290.309,1.0404,48.024,0.6435,8.574,6.1024,0.2502,21.7699,0.2255,0.3931,0.0175,4.7654,58.7157
28/06/2026 07:00,1,C,0.3291,72.9292,0.7364,2.5041,0.1354,4.0144,12.207,2860.9503,39.255,10.8155,7.8506,9.3781,6.2109,0.1428,17.2803,0.1392,2.3778,0.0477,0.916,210.0534,2.529,48.8669,1.5342,9.0472,2.043,0.129,21.7195,0.1383,0.3193,0.0095,4.0373,52.8641
28/06/2026 19:00,2,D,0.4714,70.891,2.1613,3.4345,0.1843,4.675,8.4543,2222.2042,42.7435,11.9738,2.462,7.555,11.9262,0.1716,21.7992,0.2242,3.6614,0.0749,1.1335,215.0856,2.0416,48.667,0.8762,8.8904,6.5941,0.2207,23.4539,0.3908,0.6154,0.0225,4.3371,54.6119
29/06/2026 07:00,1,C,0.4893,122.3296,0.7226,1.6226,0.0619,3.9214,8.6157,3995.7991,34.6126,10.6829,1.8269,5.9222,18.4068,0.1627,19.7198,0.1077,1.3185,0.0202,0.7417,216.4987,0.6,50.3505,0.6897,8.0285,4.6196,0.1734,25.6588,0.1143,0.229,0.0096,3.9378,60.7792
29/06/2026 19:00,2,D,0.3793,81.5445,1.3014,2.8797,0.1099,5.0882,7.3983,2833.1402,34.3676,12.5489,2.3196,9.2329,13.0601,0.1497,25.2985,0.1765,2.9967,0.0479,0.8209,305.5215,2.651,52.2298,0.8444,9.3895,4.2049,0.1873,29.0299,0.2695,0.4682,0.0154,4.6681,55.9964
30/06/2026 07:00,1,C,0.306,87.0806,1.0213,2.3411,0.1162,4.3725,7.5377,2827.5324,32.2276,14.3819,2.9345,7.6714,13.2503,0.1233,19.4933,0.0287,2.5984,0.0375,0.9077,183.7045,0.9888,53.7093,0.8065,9.3274,1.1815,0.1423,24.4669,0.1558,0.3198,0.0148,4.1286,48.7208
30/06/2026 19:00,2,D,0.2073,93.2838,2.4801,5.224,0.1008,5.9699,3.8499,1411.8405,40.3083,10.6338,1.1857,6.1323,15.3409,0.0949,22.3771,0.4981,4.8598,0.0599,0.4445,143.2056,2.4346,46.9801,0.6861,9.4268,4.4421,0.111,26.0094,0.5386,1.5395,0.0196,5.3381,60.0188
01/07/2026 07:00,1,C,0.2825,96.7804,0.6855,1.7535,0.0796,4.8294,8.6906,3744.8182,37.8604,11.8285,3.0549,8.3444,13.7807,0.1186,15.0464,0.098,1.6979,0.0364,0.6452,251.484,2.0216,51.4078,1.2446,11.7358,2.6288,0.124,21.787,0.129,0.2293,0.0236,4.5242,51.6083
01/07/2026 19:00,2,D,0.1756,81.8329,0.7027,2.3295,0.0529,4.642,4.2644,2230.4626,35.5907,10.7716,1.8962,7.6936,17.2811,0.0815,24.9579,0.1641,2.1259,0.0354,1.0739,300.2653,1.2664,50.8323,0.947,8.6285,1.659,0.0975,30.6411,0.1548,0.3642,0.006,4.3495,55.1907
02/07/2026 07:00,1,A,0.6823,70.8138,1.9901,4.4473,0.2107,5.3005,10.5557,1396.0671,34.1717,12.8714,5.2437,9.5683,13.1804,0.2124,11.9066,0.3333,3.8213,0.0695,0.518,112.2405,1.5373,49.2503,1.1469,10.6289,4.495,0.2432,16.0714,0.4396,0.5411,0.0199,5.0241,53.089
02/07/2026 19:00,2,B,0.2687,75.3976,0.7671,1.6274,0.0613,4.616,8.2253,2546.8945,35.2277,14.0281,2.368,9.085,11.6771,0.1334,20.167,0.106,1.1312,0.0194,0.8286,266.8597,1.4514,47.4846,1.065,10.3173,4.3054,0.1488,24.5613,0.1559,0.2373,0.0021,4.5772,
03/07/2026 07:00,1,A,0.321,108.7197,0.9504,3.0163,0.0693,5.0341,5.2548,3446.1357,27.9313,16.1502,1.511,9.2888,19.3093,0.0766,23.964,0.1057,2.7592,0.0255,1.1456,271.7516,1.239,50.1087,0.937,10.9949,3.6365,0.1289,28.5535,0.1655,0.3086,0.0033,4.2556,
03/07/2026 19:00,2,B,0.2773,75.599,1.9364,3.2292,0.1191,5.2335,6.2655,1952.7025,40.2826,14.572,1.758,7.496,10.8689,0.107,13.6198,0.1441,3.2978,0.0392,0.6942,171.2178,1.4166,51.2107,0.747,10.9629,2.5743,0.0999,18.0512,0.2228,0.5738,0.0217,4.4707,56.134
04/07/2026 07:00,1,A,0.2398,77.5278,0.6935,1.5119,0.0476,4.7337,6.2014,4301.5389,32.5209,12.457,1.2267,8.5671,22.5116,0.089,19.8949,0.0752,1.4552,0.0273,0.8703,307.1263,1.1537,52.3727,0.6501,9.5928,3.2309,0.0983,21.5123,0.1431,0.236,0.0099,4.42,61.5349
04/07/2026 19:00,2,B,0.5749,103.3812,1.9251,4.6786,0.2037,5.0404,10.6395,2744.6045,34.7423,15.5805,2.8757,10.0555,9.8783,0.195,17.022,0.2971,3.2349,0.0519,1.3168,210.2444,2.2432,50.6223,0.9358,11.1847,2.119,0.2116,25.204,0.3674,0.807,0.0076,4.2192,52.0151
05/07/2026 07:00,1,D,0.926,93.0129,2.3129,4.4167,0.2049,5.7184,11.0882,1211.8506,32.6234,14.4316,3.3776,9.4836,18.0037,0.28,14.1276,0.3511,3.8156,0.0688,0.569,120.5622,1.0432,53.3349,0.8283,10.5627,2.8748,0.3342,20.6734,0.4648,1.0466,0.0251,4.9954,51.0627
05/07/2026 19:00,2,C,0.4519,61.5717,0.9229,1.8181,0.1142,4.4646,9.0066,3043.3973,39.9344,8.3445,4.0455,8.0681,11.6606,0.1368,14.8006,0.2572,1.8046,0.0595,0.9933,193.5074,2.3126,49.9086,1.174,8.611,2.8804,0.1603,18.9833,0.2728,0.3488,0.0225,3.9794,53.1942
06/07/2026 07:00,1,D,0.3083,64.734,0.8364,2.5096,0.1336,5.1708,8.2965,2053.0696,36.5713,12.0922,3.6144,8.2208,16.3962,0.149,17.8575,0.1491,2.1999,0.0582,0.952,257.034,2.874,49.3521,0.9574,8.4611,4.6479,0.1529,22.6477,0.1791,0.4261,0.0195,4.5411,57.1843
06/07/2026 19:00,2,C,0.398,78.5837,0.9685,3.1684,0.1313,4.4327,12.5422,2561.4745,31.8361,16.8924,4.8337,11.2271,9.3713,0.1726,13.299,0.119,3.1754,0.061,0.6303,199.1916,2.2026,50.9189,1.2816,11.4588,1.5294,0.1967,19.6901,0.1981,0.5344,0.0154,4.1445,58.2841
07/07/2026 07:00,1,D,0.4473,100.6713,1.4458,2.4917,0.1398,5.2063,5.8675,2309.1407,38.5227,8.5288,2.4187,8.4412,15.8333,0.1553,18.1579,0.1591,2.9549,0.0379,0.9236,171.0127,1.4694,52.9601,0.8207,9.6311,1.2803,0.1826,23.2145,0.2277,0.561,0.0225,4.5623,51.0872
07/07/2026 19:00,2,C,0.3097,56.3796,0.7837,2.065,0.0671,3.869,8.9996,2273.3576,36.0997,15.4489,2.5161,9.345,10.809,0.1226,16.0626,0.1774,2.2522,0.0521,0.9312,193.7442,2.0065,52.3624,0.781,9.0639,2.318,0.1458,18.8793,0.2413,0.3398,0.0198,3.8605,54.6593
